$ICAO,$Registration,$Operator,$Type,$ICAO Type,#CMPG,$Tag 1,$#Tag 2,$#Tag 3,Category,$#Link
006037,FA-655,,CASA C-295 Persuader,C295,Mil,tar1090-db import,,,,
00A1B7,41399,,AGUSTA AW-139,A139,Mil,tar1090-db import,,,,
00B88D,401,,C130,C130,Mil,tar1090-db import,,,,
00B89B,409,,LOCKHEED C-130 Hercules,C130,Mil,tar1090-db import,,,,
00D0F6,3925,,SB39,SB39,Mil,tar1090-db import,,,,
00D22B,2027,,PC7,PC7,Mil,tar1090-db import,,,,
00D595,2040,,PC7,PC7,Mil,tar1090-db import,,,,
00E45E,ZS-QPB,,PC7,PC7,Mil,tar1090-db import,,,,
00ECCD,ZT-JBA,,PC7,PC7,Mil,tar1090-db import,,,,
010071,4801,,BEECH 1900,B190,Mil,tar1090-db import,,,,
010072,SU-BKW,,BEECH 1900,B190,Mil,tar1090-db import,,,,
010073,SU-BKX,,BEECH 1900,B190,Mil,tar1090-db import,,,,
010074,SU-BLA,,BEECH 1900,B190,Mil,tar1090-db import,,,,
010075,SU-BAB,,LOCKHEED C-130 Hercules,C130,Mil,tar1090-db import,,,,
010077,SU-BAD,,LOCKHEED C-130 Hercules,C130,Mil,tar1090-db import,,,,
010078,SU-BAE,,LOCKHEED C-130 Hercules,C130,Mil,tar1090-db import,,,,
010079,SU-BAF,,LOCKHEED C-130 Hercules,C130,Mil,tar1090-db import,,,,
01007A,SU-BAI,,LOCKHEED C-130 Hercules,C130,Mil,tar1090-db import,,,,
01007B,SU-BAJ,,LOCKHEED C-130 Hercules,C130,Mil,tar1090-db import,,,,
01007E,SU-BAM,,LOCKHEED C-130 Hercules,C130,Mil,tar1090-db import,,,,
010080,SU-BAP,,LOCKHEED C-130 Hercules,C130,Mil,tar1090-db import,,,,
010082,SU-BAR,,LOCKHEED C-130 Hercules,C130,Mil,tar1090-db import,,,,
010083,SU-BAS,,LOCKHEED C-130 Hercules,C130,Mil,tar1090-db import,,,,
010086,SU-BAV,,LOCKHEED C-130 Hercules,C130,Mil,tar1090-db import,,,,
010089,SU-BEY,,LOCKHEED C-130 Hercules,C130,Mil,tar1090-db import,,,,
01008B,SU-BKT,,LOCKHEED C-130 Hercules,C130,Mil,tar1090-db import,,,,
01008C,SU-BKU,,LOCKHEED C-130 Hercules,C130,Mil,tar1090-db import,,,,
01008D,SU-BPJ,,LOCKHEED C-130 Hercules,C130,Mil,tar1090-db import,,,,
0100C6,SU-BAX,,BE20,BE20,Mil,tar1090-db import,,,,
0100D1,SU-BPM,,ANTONOV An-74-200,AN72,Mil,tar1090-db import,,,,
0100D2,SU-BPN,,ANTONOV An-74-200,AN72,Mil,tar1090-db import,,,,
0100D3,SU-BPO,,ANTONOV An-74-200,AN72,Mil,tar1090-db import,,,,
01012C,SU-BPL,,LOCKHEED C-130 Hercules,C130,Mil,tar1090-db import,,,,
010164,SU-BRP,,CASA C-295 Persuader,C295,Mil,tar1090-db import,,,,
010165,SU-BRQ,,CASA C-295 Persuader,C295,Mil,tar1090-db import,,,,
010166,SU-BRR,,CASA C-295 Persuader,C295,Mil,tar1090-db import,,,,
010177,SU-BRU,,CASA C-295 Persuader,C295,Mil,tar1090-db import,,,,
010178,SU-BRV,,CASA C-295 Persuader,C295,Mil,tar1090-db import,,,,
010179,SU-BRW,,C295,C295,Mil,tar1090-db import,,,,
01018B,SU-BSK,,CASA C-295 Persuader,C295,Mil,tar1090-db import,,,,
010190,SU-BSF,,CASA C-295 Persuader,C295,Mil,tar1090-db import,,,,
010191,SU-BSE,,CASA C-295 Persuader,C295,Mil,tar1090-db import,,,,
010192,SU-BSG,,CASA C-295 Persuader,C295,Mil,tar1090-db import,,,,
010197,SU-BSP,,CASA C-295 Persuader,C295,Mil,tar1090-db import,,,,
010198,SU-BSQ,,CASA C-295 Persuader,C295,Mil,tar1090-db import,,,,
0101A0,SU-BSX,,CASA C-295 Persuader,C295,Mil,tar1090-db import,,,,
0101A1,SU-BSY,,CASA C-295 Persuader,C295,Mil,tar1090-db import,,,,
0101A2,SU-BSZ,,CASA C-295 Persuader,C295,Mil,tar1090-db import,,,,
0101A3,SU-BTA,,CASA C-295 Persuader,C295,Mil,tar1090-db import,,,,
0101A9,SU-BTF,,CASA C-295 Persuader,C295,Mil,tar1090-db import,,,,
0101AA,SU-BTG,,CASA C-295 Persuader,C295,Mil,tar1090-db import,,,,
0101AB,SU-BTH,,CASA C-295 Persuader,C295,Mil,tar1090-db import,,,,
0101AC,SU-BTI,,CASA C-295 Persuader,C295,Mil,tar1090-db import,,,,
0101B0,SU-BTK,,CASA C-295 Persuader,C295,Mil,tar1090-db import,,,,
0101B1,SU-BTL,,CASA C-295 Persuader,C295,Mil,tar1090-db import,,,,
0101D7,SU-BRT,,BEECH 1900,B190,Mil,tar1090-db import,,,,
0101F4,SU-BTX,,ILYUSHIN Il-76/82,IL76,Mil,tar1090-db import,,,,
0101F5,SU-BTY,,ILYUSHIN Il-76/82,IL76,Mil,tar1090-db import,,,,
018000,5A-DRS,,IL76,IL76,Mil,tar1090-db import,,,,
018047,5A-ONI,,AIRBUS A-319,A319,Mil,tar1090-db import,,,,
01804E,5A-UAC,,BOMBARDIER BD-700 Global 5000/5500,GL5T,Mil,tar1090-db import,,,,
0180A7,5A-LBY,,EMBRAER EMB-135 Legacy,E35L,Mil,tar1090-db import,,,,
020031,CN-AOG,,LOCKHEED C-130 Hercules,C130,Mil,tar1090-db import,,,,
020032,CN-AOA,,C130,C130,Mil,tar1090-db import,,,,
020034,CN-AOD,,C130,C130,Mil,tar1090-db import,,,,
020036,CN-AOF,,LOCKHEED C-130 Hercules,C130,Mil,tar1090-db import,,,,
020037,CN-AOI,,LOCKHEED C-130 Hercules,C130,Mil,tar1090-db import,,,,
020038,CN-AOJ,,LOCKHEED C-130 Hercules,C130,Mil,tar1090-db import,,,,
020039,CN-AOK,,LOCKHEED C-130 Hercules,C130,Mil,tar1090-db import,,,,
02003A,CN-AOL,,LOCKHEED C-130 Hercules,C130,Mil,tar1090-db import,,,,
02003B,CN-AOM,,LOCKHEED C-130 Hercules,C130,Mil,tar1090-db import,,,,
02003D,CN-AOO,,C130,C130,Mil,tar1090-db import,,,,
02003E,CN-AOP,,LOCKHEED C-130 Hercules,C130,Mil,tar1090-db import,,,,
020040,CN-AOR,,LOCKHEED C-130 Hercules,C130,Mil,tar1090-db import,,,,
020041,CN-AOS,,LOCKHEED C-130 Hercules,C130,Mil,tar1090-db import,,,,
020059,CN-ANJ,,BEECHCRAFT Super King Air 350,B350,Mil,tar1090-db import,,,,
02005E,CN-AMB,,CASA CN-235 Persuader,CN35,Mil,tar1090-db import,,,,
02005F,CN-AMC,,CASA CN-235 Persuader,CN35,Mil,tar1090-db import,,,,
020061,CN-AME,,CASA CN-235 Persuader,CN35,Mil,tar1090-db import,,,,
020063,CN-AMG,,CASA CN-235 Persuader,CN35,Mil,tar1090-db import,,,,
020074,CN-TWY,,BEECHCRAFT Super King Air 350,B350,Mil,tar1090-db import,,,,
02008E,CN-AMI,,BEECHCRAFT Super King Air 350,B350,Mil,tar1090-db import,,,,
0200A2,CN-AMP,,ALENIA C-27J Spartan,C27J,Mil,tar1090-db import,,,,
0200A3,CN-AMO,,ALENIA C-27J Spartan,C27J,Mil,tar1090-db import,,,,
0200A8,CN-MMJ,,CESSNA 560XL Citation XLS,C56X,Mil,tar1090-db import,,,,
0200B0,CN-BTA,,BEECHCRAFT T-6 Texan 2,TEX2,Mil,tar1090-db import,,,,
0200B1,CN-BTB,,BEECHCRAFT T-6 Texan 2,TEX2,Mil,tar1090-db import,,,,
0200B2,CN-BTC,,BEECHCRAFT T-6 Texan 2,TEX2,Mil,tar1090-db import,,,,
0200B3,CN-BTD,,BEECHCRAFT T-6 Texan 2,TEX2,Mil,tar1090-db import,,,,
0200B4,CN-BTE,,BEECHCRAFT T-6 Texan 2,TEX2,Mil,tar1090-db import,,,,
0200B5,CN-BTF,,BEECHCRAFT T-6 Texan 2,TEX2,Mil,tar1090-db import,,,,
0200B6,CN-BTG,,BEECHCRAFT T-6 Texan 2,TEX2,Mil,tar1090-db import,,,,
0200B7,CN-BTH,,BEECHCRAFT T-6 Texan 2,TEX2,Mil,tar1090-db import,,,,
0200B8,CN-BTI,,BEECHCRAFT T-6 Texan 2,TEX2,Mil,tar1090-db import,,,,
0200BA,CN-BTK,,TEX2,TEX2,Mil,tar1090-db import,,,,
0200BB,CN-BTJ,,BEECHCRAFT T-6 Texan 2,TEX2,Mil,tar1090-db import,,,,
0200BC,CN-BTM,,BEECHCRAFT T-6 Texan 2,TEX2,Mil,tar1090-db import,,,,
0200BD,CN-BTL,,TEX2,TEX2,Mil,tar1090-db import,,,,
0200BE,CN-BTO,,TEX2,TEX2,Mil,tar1090-db import,,,,
0200BF,CN-BTN,,BEECHCRAFT T-6 Texan 2,TEX2,Mil,tar1090-db import,,,,
0200C0,CN-BTQ,,TEX2,TEX2,Mil,tar1090-db import,,,,
0200C1,CN-BTP,,BEECHCRAFT T-6 Texan 2,TEX2,Mil,tar1090-db import,,,,
0200C2,CN-BTS,,TEX2,TEX2,Mil,tar1090-db import,,,,
0200C3,CN-BTR,,BEECHCRAFT T-6 Texan 2,TEX2,Mil,tar1090-db import,,,,
0200C4,CN-BTU,,BEECHCRAFT T-6 Texan 2,TEX2,Mil,tar1090-db import,,,,
0200C5,CN-BTT,,BEECHCRAFT T-6 Texan 2,TEX2,Mil,tar1090-db import,,,,
0200C6,CN-BTW,,BEECHCRAFT T-6 Texan 2,TEX2,Mil,tar1090-db import,,,,
0200C7,CN-BTV,,BEECHCRAFT T-6 Texan 2,TEX2,Mil,tar1090-db import,,,,
0200C9,CN-BTX,,BEECHCRAFT T-6 Texan 2,TEX2,Mil,tar1090-db import,,,,
0200D5,CN-BZE,,AIRBUS HELICOPTERS EC-145,EC45,Mil,tar1090-db import,,,,
0200E5,CN-BZL,,AIRBUS HELICOPTERS EC-135/635,EC35,Mil,tar1090-db import,,,,
020131,212,,BEECHCRAFT Super King Air 350,B350,Mil,tar1090-db import,,,,
02014C,CN-BZP,,EC45,EC45,Mil,tar1090-db import,,,,
02014D,CN-BZQ,,EC45,EC45,Mil,tar1090-db import,,,,
02014F,CN-BZS,,EC45,EC45,Mil,tar1090-db import,,,,
020152,CN-BZN,,AEROSPATIALE AS-350 Ecureuil,AS50,Mil,tar1090-db import,,,,
020153,CN-BZO,,AEROSPATIALE AS-350 Ecureuil,AS50,Mil,tar1090-db import,,,,
02015E,CN-BZU,,EC45,EC45,Mil,tar1090-db import,,,,
020161,CN-BSM,,SIKORSKY S-92 Helibus,S92,Mil,tar1090-db import,,,,
020181,CN-BZV,,EC25,EC25,Mil,tar1090-db import,,,,
02018E,CN-BBC,,EC35,EC35,Mil,tar1090-db import,,,,
02018F,CN-BBD,,EC35,EC35,Mil,tar1090-db import,,,,
020190,CN-BBE,,EC35,EC35,Mil,tar1090-db import,,,,
020191,CN-BBF,,EC35,EC35,Mil,tar1090-db import,,,,
020192,CN-BBG,,EC35,EC35,Mil,tar1090-db import,,,,
020193,CN-BBH,,EC35,EC35,Mil,tar1090-db import,,,,
020194,CN-BBJ,,EC35,EC35,Mil,tar1090-db import,,,,
020195,CN-BZW,,EC25,EC25,Mil,tar1090-db import,,,,
020197,CN-BZX,,AIRBUS HELICOPTERS EC-225/725,EC25,Mil,tar1090-db import,,,,
0201A6,CN-BZY,,EC25,EC25,Mil,tar1090-db import,,,,
0201A7,CN-BZZ,,EC25,EC25,Mil,tar1090-db import,,,,
0201A9,CN-BYA,,EC45,EC45,Mil,tar1090-db import,,,,
0201AA,CN-BYB,,EC45,EC45,Mil,tar1090-db import,,,,
0201AD,CN-BYC,,EC45,EC45,Mil,tar1090-db import,,,,
0201AE,CN-BYD,,EC45,EC45,Mil,tar1090-db import,,,,
0201B0,CN-PLA,,DIAMOND DA-40 Club Star,DA40,Mil,tar1090-db import,,,,
0201B2,CN-PLC,,DIAMOND DA-40 Club Star,DA40,Mil,tar1090-db import,,,,
02638E,169793,,B737,B737,Mil,tar1090-db import,,,,
02B261,Z21012,,LOCKHEED C-130 Hercules,C130,Mil,tar1090-db import,,,,
02B262,Z21113,,LOCKHEED C-130 Hercules,C130,Mil,tar1090-db import,,,,
02B26C,TS-MTM,,C130,C130,Mil,tar1090-db import,,,,
02B26D,Z21014,,LOCKHEED C-130 Hercules,C130,Mil,tar1090-db import,,,,
02B26E,Z21015,,LOCKHEED C-130 Hercules,C130,Mil,tar1090-db import,,,,
02B26F,TS-MTP,,LOCKHEED C-130 Hercules,C130,Mil,tar1090-db import,,,,
02BA64,Z94045,,LET L-410 Turbolet,L410,Mil,tar1090-db import,,,,
02C540,Y22081,,TEX2,TEX2,Mil,tar1090-db import,,,,
02C541,Y22082,,TEX2,TEX2,Mil,tar1090-db import,,,,
02C542,Y22083,,TEX2,TEX2,Mil,tar1090-db import,,,,
02C543,Y22084,,TEX2,TEX2,Mil,tar1090-db import,,,,
02C544,Y22085,,TEX2,TEX2,Mil,tar1090-db import,,,,
02C545,Y22086,,TEX2,TEX2,Mil,tar1090-db import,,,,
02C546,Y22087,,TEX2,TEX2,Mil,tar1090-db import,,,,
02C547,Y22088,,TEX2,TEX2,Mil,tar1090-db import,,,,
02D060,TS-UDA,,C208,C208,Mil,tar1090-db import,,,,
02D061,TS-UDB,,C208,C208,Mil,tar1090-db import,,,,
02D062,TS-UDC,,C208,C208,Mil,tar1090-db import,,,,
02D063,TS-UDD,,C208,C208,Mil,tar1090-db import,,,,
02D480,TS-VEA,,AS50,AS50,Mil,tar1090-db import,,,,
02D483,TS-VED,,AS50,AS50,Mil,tar1090-db import,,,,
030006,OM1,,C130,C130,Mil,tar1090-db import,,,,
030040,DS-1,,PILATUS PC-24,PC24,Mil,tar1090-db import,,,,
030070,BPS-25,,B350,B350,Mil,tar1090-db import,,,,
034115,TJ-XRL,,BEECHCRAFT Super King Air 350,B350,Mil,tar1090-db import,,,,
034443,TJ-XCD,,LOCKHEED C-130 Hercules,C130,Mil,tar1090-db import,,,,
0360B2,TN-AFS,,IL76,IL76,Mil,tar1090-db import,,,,
038F42,TU-VMC,,CASA C-295 Persuader,C295,Mil,tar1090-db import,,,,
038F43,TU-VHL,,MIL Mi-8/9/17/19/171/172,MI8,Mil,tar1090-db import,,,,
038F44,TU-VHN,,MIL Mi-8/9/17/19/171/172,MI8,Mil,tar1090-db import,,,,
038F45,TU-VAG,,GULFSTREAM 4,GLF4,Mil,tar1090-db import,,,,
038F47,TU-VML,,BEECH 90 King Air,BE9L,Mil,tar1090-db import,,,,
038F4E,TU-VMF,,BEECHCRAFT Super King Air 350,B350,Mil,tar1090-db import,,,,
038F4F,TU-VMD,,BEECHCRAFT Super King Air 350,B350,Mil,tar1090-db import,,,,
038FF0,TU-VHT,,MIL Mi-24/25/35,MI24,Mil,tar1090-db import,,,,
038FFE,TU-VMB,,ANTONOV An-26,AN26,Mil,tar1090-db import,,,,
038FFF,TU-VMA,,ANTONOV An-26,AN26,Mil,tar1090-db import,,,,
03E325,TR-KJF,,CASA C-295 Persuader,C295,Mil,tar1090-db import,,,,
03E3E6,TR-KPG,,GULFSTREAM 5,GLF5,Mil,tar1090-db import,,,,
0428DA,3C-MAF,,ILYUSHIN Il-76/82,IL76,Mil,tar1090-db import,,,,
046000,3X-AAA,,AEROSPATIALE SA-330 Puma,PUMA,Mil,tar1090-db import,,,,
04C03F,NASD002,,AGUSTA AW-139,A139,Mil,tar1090-db import,,,,
04C1A6,304,,DE HAVILLAND DHC-8-100 Dash 8,DH8A,Mil,tar1090-db import,,,,
04C1A7,305,,DE HAVILLAND DHC-8-100 Dash 8,DH8A,Mil,tar1090-db import,,,,
04C1A8,306,,DE HAVILLAND DHC-8-100 Dash 8,DH8A,Mil,tar1090-db import,,,,
04C20C,KAF1802,,AGUSTA AW-139,A139,Mil,tar1090-db import,,,,
04C20D,1804,,AGUSTA AW-139,A139,Mil,tar1090-db import,,,,
04C20E,1806,,AGUSTA AW-139,A139,Mil,tar1090-db import,,,,
04C2D4,KAF1904,,BELL 206 JetRanger,B06,Mil,tar1090-db import,,,,
04C2D5,KAF1906,,BELL 206 JetRanger,B06,Mil,tar1090-db import,,,,
04C393,5Y-KAD,,C208,C208,Mil,tar1090-db import,,,,
04C398,KAF1900,,BELL 206 JetRanger,B06,Mil,tar1090-db import,,,,
05CC10,TZ-12T,,CASA C-295 Persuader,C295,Mil,tar1090-db import,,,,
062F05,5U-MMS,,LOCKHEED C-130 Hercules,C130,Mil,tar1090-db import,,,,
064098,NAF913,,Lockheed C-130H Hercules,C130,Mil,tar1090-db import,,,,
06428A,NAF350,,LET L-39 Albatros,L39,Mil,tar1090-db import,,,,
06428B,NAF358,,LET L-39 Albatros,L39,Mil,tar1090-db import,,,,
0642FB,NN411,,AGUSTA AW-109 Grand,A109,Mil,tar1090-db import,,,,
06430C,5N-FGA,,AIRBUS A-330-200,A332,Mil,tar1090-db import,,,,
064397,NN503,,AGUSTA AW-109 Grand,A109,Mil,tar1090-db import,,,,
064398,NAF962,,CESSNA 680 Citation Sovereign,C680,Mil,tar1090-db import,,,,
068002,AF-259,,CESSNA 208 Caravan,C208,Mil,tar1090-db import,,,,
0680B0,5X-HBR,,LOCKHEED C-130 Hercules,C130,Mil,tar1090-db import,,,,
06A1F4,QA423,,EUROFIGHTER 2000,EUFI,Mil,tar1090-db import,,,,
06A204,QA269,,NHI NH-90,NH90,Mil,tar1090-db import,,,,
06A209,QA400,,EUROFIGHTER 2000,EUFI,Mil,tar1090-db import,,,,
06A20A,QA401,,EUROFIGHTER 2000,EUFI,Mil,tar1090-db import,,,,
06A20B,QA402,,EUROFIGHTER 2000,EUFI,Mil,tar1090-db import,,,,
06A20C,QA403,,EUROFIGHTER 2000,EUFI,Mil,tar1090-db import,,,,
06A20D,QA404,,EUROFIGHTER 2000,EUFI,Mil,tar1090-db import,,,,
06A20E,QA405,,EUROFIGHTER 2000,EUFI,Mil,tar1090-db import,,,,
06A20F,QA406,,EUROFIGHTER 2000,EUFI,Mil,tar1090-db import,,,,
06A210,QA407,,EUROFIGHTER 2000,EUFI,Mil,tar1090-db import,,,,
06A211,QA408,,EUROFIGHTER 2000,EUFI,Mil,tar1090-db import,,,,
06A212,QA409,,EUROFIGHTER 2000,EUFI,Mil,tar1090-db import,,,,
06A213,QA410,,EUROFIGHTER 2000,EUFI,Mil,tar1090-db import,,,,
06A214,QA411,,EUROFIGHTER 2000,EUFI,Mil,tar1090-db import,,,,
06A215,QA412,,EUROFIGHTER 2000,EUFI,Mil,tar1090-db import,,,,
06A216,QA413,,EUROFIGHTER 2000,EUFI,Mil,tar1090-db import,,,,
06A217,QA414,,EUROFIGHTER 2000,EUFI,Mil,tar1090-db import,,,,
06A218,QA415,,EUROFIGHTER 2000,EUFI,Mil,tar1090-db import,,,,
06A219,QA416,,EUROFIGHTER 2000,EUFI,Mil,tar1090-db import,,,,
06A21A,QA417,,EUROFIGHTER 2000,EUFI,Mil,tar1090-db import,,,,
06A21B,QA418,,EUROFIGHTER 2000,EUFI,Mil,tar1090-db import,,,,
06A21C,QA419,,EUROFIGHTER 2000,EUFI,Mil,tar1090-db import,,,,
06A21D,QA420,,EUROFIGHTER 2000,EUFI,Mil,tar1090-db import,,,,
06A21E,QA421,,EUROFIGHTER 2000,EUFI,Mil,tar1090-db import,,,,
06A224,QA515,,F15,F15,Mil,tar1090-db import,,,,
06A229,QA520,,F15,F15,Mil,tar1090-db import,,,,
06A22A,QA522,,F15,F15,Mil,tar1090-db import,,,,
06A22B,QA523,,F15,F15,Mil,tar1090-db import,,,,
06A22C,QA524,,F15,F15,Mil,tar1090-db import,,,,
06A22D,QA525,,F15,F15,Mil,tar1090-db import,,,,
06A22E,QA526,,F15,F15,Mil,tar1090-db import,,,,
06A22F,QA527,,F15,F15,Mil,tar1090-db import,,,,
06A230,QA528,,F15,F15,Mil,tar1090-db import,,,,
06A231,QA529,,F15,F15,Mil,tar1090-db import,,,,
06A232,QA530,,F15,F15,Mil,tar1090-db import,,,,
06A233,QA531,,F15,F15,Mil,tar1090-db import,,,,
06A234,QA532,,F15,F15,Mil,tar1090-db import,,,,
06A235,QA533,,F15,F15,Mil,tar1090-db import,,,,
06A236,QA534,,F15,F15,Mil,tar1090-db import,,,,
06A237,QA535,,F15,F15,Mil,tar1090-db import,,,,
06A238,QA536,,F15,F15,Mil,tar1090-db import,,,,
06A239,QA537,,F15,F15,Mil,tar1090-db import,,,,
06A23A,QA538,,F15,F15,Mil,tar1090-db import,,,,
06A23B,QA539,,F15,F15,Mil,tar1090-db import,,,,
06A23C,QA540,,F15,F15,Mil,tar1090-db import,,,,
06A23D,QA541,,F15,F15,Mil,tar1090-db import,,,,
06A23E,QA542,,F15,F15,Mil,tar1090-db import,,,,
06A23F,QA543,,F15,F15,Mil,tar1090-db import,,,,
06A244,QA253,,NH90,NH90,Mil,tar1090-db import,,,,
06A247,QA266,,NHI NH-90,NH90,Mil,tar1090-db import,,,,
06A24B,A7-MAI,,LOCKHEED MARTIN C-130J Super Hercules,C30J,Mil,tar1090-db import,,,,
06A24C,A7-MAJ,,LOCKHEED MARTIN C-130J Super Hercules,C30J,Mil,tar1090-db import,,,,
06A24D,A7-MAK,,LOCKHEED MARTIN C-130J Super Hercules,C30J,Mil,tar1090-db import,,,,
06A24E,QA60,,AGUSTA AW-139,A139,Mil,tar1090-db import,,,,
06A24F,QA61,,AGUSTA AW-139,A139,Mil,tar1090-db import,,,,
06A251,QA63,,AGUSTA AW-139,A139,Mil,tar1090-db import,,,,
06A252,QA64,,AGUSTA AW-139,A139,Mil,tar1090-db import,,,,
06A257,QA67,,AGUSTA AW-139,A139,Mil,tar1090-db import,,,,
06A259,QA69,,AGUSTA AW-139,A139,Mil,tar1090-db import,,,,
06A25C,QA72,,AGUSTA AW-139,A139,Mil,tar1090-db import,,,,
06A25D,QA73,,AGUSTA AW-139,A139,Mil,tar1090-db import,,,,
06A25F,QA75,,AGUSTA AW-139,A139,Mil,tar1090-db import,,,,
06A262,QA350,,PILATUS PC-21,PC21,Mil,tar1090-db import,,,,
06A263,QA351,,PILATUS PC-21,PC21,Mil,tar1090-db import,,,,
06A264,QA352,,PILATUS PC-21,PC21,Mil,tar1090-db import,,,,
06A265,QA353,,PILATUS PC-21,PC21,Mil,tar1090-db import,,,,
06A266,QA354,,PILATUS PC-21,PC21,Mil,tar1090-db import,,,,
06A267,QA355,,PILATUS PC-21,PC21,Mil,tar1090-db import,,,,
06A268,QA356,,PILATUS PC-21,PC21,Mil,tar1090-db import,,,,
06A269,QA357,,PILATUS PC-21,PC21,Mil,tar1090-db import,,,,
06A26A,QA358,,PILATUS PC-21,PC21,Mil,tar1090-db import,,,,
06A26B,QA359,,PILATUS PC-21,PC21,Mil,tar1090-db import,,,,
06A26C,QA360,,PILATUS PC-21,PC21,Mil,tar1090-db import,,,,
06A26D,QA361,,PILATUS PC-21,PC21,Mil,tar1090-db import,,,,
06A26E,QA362,,PILATUS PC-21,PC21,Mil,tar1090-db import,,,,
06A26F,QA363,,PILATUS PC-21,PC21,Mil,tar1090-db import,,,,
06A270,QA365,,PILATUS PC-21,PC21,Mil,tar1090-db import,,,,
06A271,QA366,,PILATUS PC-21,PC21,Mil,tar1090-db import,,,,
06A272,QA367,,PILATUS PC-21,PC21,Mil,tar1090-db import,,,,
06A273,QA368,,PILATUS PC-21,PC21,Mil,tar1090-db import,,,,
06A274,QA369,,PILATUS PC-21,PC21,Mil,tar1090-db import,,,,
06A275,QA370,,PILATUS PC-21,PC21,Mil,tar1090-db import,,,,
06A276,QA371,,PILATUS PC-21,PC21,Mil,tar1090-db import,,,,
06A277,QA372,,PILATUS PC-21,PC21,Mil,tar1090-db import,,,,
06A278,QA373,,PILATUS PC-21,PC21,Mil,tar1090-db import,,,,
06A279,QA373,,PC21,PC21,Mil,tar1090-db import,,,,
06A27E,A7-MAQ,,DE HAVILLAND DHC-6 Twin Otter,DHC6,Mil,tar1090-db import,,,,
06A27F,A7-MAR,,DE HAVILLAND DHC-6 Twin Otter,DHC6,Mil,tar1090-db import,,,,
06A28A,QA397,,PILATUS PC-24,PC24,Mil,tar1090-db import,,,,
06A28C,A7-MAX,,DASSAULT Falcon 2000,F2TH,Mil,tar1090-db import,,,,
06A28D,QA320,,AEROSPATIALE AS-350 Ecureuil,AS50,Mil,tar1090-db import,,,,
06A28E,QA321,,AEROSPATIALE AS-350 Ecureuil,AS50,Mil,tar1090-db import,,,,
06A28F,QA322,,AEROSPATIALE AS-350 Ecureuil,AS50,Mil,tar1090-db import,,,,
06A290,QA323,,AS50,AS50,Mil,tar1090-db import,,,,
06A291,QA324,,AEROSPATIALE AS-350 Ecureuil,AS50,Mil,tar1090-db import,,,,
06A292,QA325,,AEROSPATIALE AS-350 Ecureuil,AS50,Mil,tar1090-db import,,,,
06A293,QA326,,AEROSPATIALE AS-350 Ecureuil,AS50,Mil,tar1090-db import,,,,
06A294,QA327,,AEROSPATIALE AS-350 Ecureuil,AS50,Mil,tar1090-db import,,,,
06A295,QA328,,AEROSPATIALE AS-350 Ecureuil,AS50,Mil,tar1090-db import,,,,
06A296,QA329,,AEROSPATIALE AS-350 Ecureuil,AS50,Mil,tar1090-db import,,,,
06A297,QA330,,AEROSPATIALE AS-350 Ecureuil,AS50,Mil,tar1090-db import,,,,
06A298,QA331,,AEROSPATIALE AS-350 Ecureuil,AS50,Mil,tar1090-db import,,,,
06A299,QA332,,AEROSPATIALE AS-350 Ecureuil,AS50,Mil,tar1090-db import,,,,
06A29A,QA333,,AEROSPATIALE AS-350 Ecureuil,AS50,Mil,tar1090-db import,,,,
06A29B,QA334,,AEROSPATIALE AS-350 Ecureuil,AS50,Mil,tar1090-db import,,,,
06A29C,QA335,,AEROSPATIALE AS-350 Ecureuil,AS50,Mil,tar1090-db import,,,,
06A29D,QA001,,F15,F15,Mil,tar1090-db import,,,,
06A29E,QA002,,F15,F15,Mil,tar1090-db import,,,,
06A29F,QA003,,F15,F15,Mil,tar1090-db import,,,,
06A3CF,A7-HWL,,AIRBUS A-320,A320,Mil,tar1090-db import,,,,
07007A,6W-TTD,,CASA C-295 Persuader,C295,Mil,tar1090-db import,,,,
07007B,6W-TTE,,CASA C-295 Persuader,C295,Mil,tar1090-db import,,,,
07007E,6W-ZEG,,SOCATA TB-30 Epsilon,TB30,Mil,tar1090-db import,,,,
07007F,6W-ZEH,,SOCATA TB-30 Epsilon,TB30,Mil,tar1090-db import,,,,
0700BB,6V-TEH,,DA42,DA42,Mil,tar1090-db import,,,,
08001F,5H-TGF,,FOKKER 50,F50,Mil,tar1090-db import,,,,
084003,1401,,ALENIA C-27J Spartan,C27J,Mil,tar1090-db import,,,,
084004,1402,,ALENIA C-27J Spartan,C27J,Mil,tar1090-db import,,,,
084017,TT-DAB,,HAWKER BEECHCRAFT Hawker 750/850,H25B,Mil,tar1090-db import,,,,
08CBBB,9T-TIB,,IL76,IL76,Mil,tar1090-db import,,,,
0900F5,T-910,,ILYUSHIN Il-76/82,IL76,Mil,tar1090-db import,,,,
0900F9,H-902,,AGUSTA AW-139,A139,Mil,tar1090-db import,,,,
0900FA,H-901,,AGUSTA AW-139,A139,Mil,tar1090-db import,,,,
0900FC,H-903,,AGUSTA AW-139,A139,Mil,tar1090-db import,,,,
09012B,T-912,,ILYUSHIN Il-76/82,IL76,Mil,tar1090-db import,,,,
09012C,T-914,,ILYUSHIN Il-76/82,IL76,Mil,tar1090-db import,,,,
090138,T-412,,CASA C-295 Persuader,C295,Mil,tar1090-db import,,,,
090139,R-751,,C295,C295,Mil,tar1090-db import,,,,
09401D,TY-44H,,AEROSPATIALE AS-350 Ecureuil,AS50,Mil,tar1090-db import,,,,
094020,TY-27A,,CESSNA 208 Caravan,C208,Mil,tar1090-db import,,,,
094021,TY-29A,,BEECHCRAFT Super King Air 350,B350,Mil,tar1090-db import,,,,
094109,TY-37H,,AEROSPATIALE AS-350 Ecureuil,AS50,Mil,tar1090-db import,,,,
096025,D4-CCL,,B350,B350,Mil,tar1090-db import,,,,
09A2AB,23-21253,,H60,H60,Mil,tar1090-db import,,,,
09C143,XT-AKD,,BOEING 737-700,B737,Mil,tar1090-db import,,,,
09CD45,XT-MBH,,CASA C-295 Persuader,C295,Mil,tar1090-db import,,,,
09CD55,XT-MBG,,AGUSTA AW-139,A139,Mil,tar1090-db import,,,,
0A4004,7T-VBE,,BE20,BE20,Mil,tar1090-db import,,,,
0A4035,MS-24,,AGUSTA WESTLAND EH-101 Merlin,EH10,Mil,tar1090-db import,,,,
0A4046,LC-31,,LYNX,LYNX,Mil,tar1090-db import,,,,
0A4048,LC-33,,LYNX,LYNX,Mil,tar1090-db import,,,,
0A4049,LC-34,,LYNX,LYNX,Mil,tar1090-db import,,,,
0A404A,LC-35,,LYNX,LYNX,Mil,tar1090-db import,,,,
0A404B,LC-36,,LYNX,LYNX,Mil,tar1090-db import,,,,
0A8023,C6-AWO,,CESSNA 208 Caravan,C208,Mil,tar1090-db import,,,,
0AB028,BDF-02,,BRITTEN-NORMAN BN-2 Islander,BN2P,Mil,tar1090-db import,,,,
0AB042,BDF-08,,CESSNA 208 Caravan,C208,Mil,tar1090-db import,,,,
0AC000,PNC-0201,,DE HAVILLAND DHC-6 Twin Otter,DHC6,Mil,tar1090-db import,,,,
0AC0AC,FAC1015,,LOCKHEED C-130 Hercules,C130,Mil,tar1090-db import,,,,
0AC0CB,FAC1282,,CASA C-295 Persuader,C295,Mil,tar1090-db import,,,,
0AC0E6,FAC5732,,BEECHCRAFT Super King Air 350,B350,Mil,tar1090-db import,,,,
0AC0E7,FAC5727,,BEECHCRAFT Super King Air 350,B350,Mil,tar1090-db import,,,,
0AC0EA,ARC801,,CASA CN-235 Persuader,CN35,Mil,tar1090-db import,,,,
0AC0F5,FAC5077,,BEECHCRAFT Super King Air 350,B350,Mil,tar1090-db import,,,,
0AC0F6,FAC5078,,BEECHCRAFT Super King Air 350,B350,Mil,tar1090-db import,,,,
0AC138,FAC1184,,ATR-42-500,AT45,Mil,tar1090-db import,,,,
0AC13F,FAC2251,,E314,E314,Mil,tar1090-db import,,,,
0AC152,FAC1187,,ATR-42-500,AT45,Mil,tar1090-db import,,,,
0AC157,FAC5758,,BEECH 90 King Air,BE9L,Mil,tar1090-db import,,,,
0AC198,FAC1215,,EMBRAER EMB-135 Legacy,E35L,Mil,tar1090-db import,,,,
0AC1A3,FAC5759,,BEECH 90 King Air,BE9L,Mil,tar1090-db import,,,,
0AC1AA,FAC5765,,BEECH 90 King Air,BE9L,Mil,tar1090-db import,,,,
0AC315,FAC5733,,BEECHCRAFT Super King Air 350,B350,Mil,tar1090-db import,,,,
0AC317,FAC1004,,LOCKHEED C-130 Hercules,C130,Mil,tar1090-db import,,,,
0AC318,FAC1005,,LOCKHEED C-130 Hercules,C130,Mil,tar1090-db import,,,,
0AC31E,FAC1190,,ATR-42-500,AT45,Mil,tar1090-db import,,,,
0AC322,FAC1216,,LEARJET 60,LJ60,Mil,tar1090-db import,,,,
0AC334,FAC5760,,CESSNA 560 Citation Ultra,C560,Mil,tar1090-db import,,,,
0AC335,FAC5761,,CESSNA 560 Citation Ultra,C560,Mil,tar1090-db import,,,,
0AC336,FAC5762,,CESSNA 560 Citation Ultra,C560,Mil,tar1090-db import,,,,
0AC337,FAC5763,,CESSNA 560 Citation Ultra,C560,Mil,tar1090-db import,,,,
0AC338,FAC5764,,CESSNA 560 Citation Ultra,C560,Mil,tar1090-db import,,,,
0AC33A,FAC5055,,CESSNA 208 Caravan,C208,Mil,tar1090-db import,,,,
0AC33B,FAC5056,,CESSNA 208 Caravan,C208,Mil,tar1090-db import,,,,
0AC33C,FAC5057,,CESSNA 208 Caravan,C208,Mil,tar1090-db import,,,,
0AC33D,FAC5059,,CESSNA 208 Caravan,C208,Mil,tar1090-db import,,,,
0AC33F,FAC4422,,BELL UH-1 Huey,UH1,Mil,tar1090-db import,,,,
0AC341,FAC4421,,BELL UH-1 Huey,UH1,Mil,tar1090-db import,,,,
0AC343,EJC1139,,CESSNA 208 Caravan,C208,Mil,tar1090-db import,,,,
0AC35D,FAC5748,,BEECHCRAFT Super King Air 350,B350,Mil,tar1090-db import,,,,
0AC365,FAC4426,,BELL UH-1 Huey,UH1,Mil,tar1090-db import,,,,
0AC37B,PNC-0611,,SIKORSKY UH-60 Black Hawk,H60,Mil,tar1090-db import,,,,
0AC385,EJC1140,,CESSNA 208 Caravan,C208,Mil,tar1090-db import,,,,
0AC388,ARC102,,BEECH 90 King Air,BE9L,Mil,tar1090-db import,,,,
0AC38E,FAC5750,,BEECH 300 Super King Air,BE30,Mil,tar1090-db import,,,,
0AC395,PNC-0619,,SIKORSKY UH-60 Black Hawk,H60,Mil,tar1090-db import,,,,
0AC396,PNC-0620,,SIKORSKY UH-60 Black Hawk,H60,Mil,tar1090-db import,,,,
0AC3C2,FAC1204,,BOEING 727-200,B722,Mil,tar1090-db import,,,,
0AC3C3,FAC1202,,BOEING 767-200,B762,Mil,tar1090-db import,,,,
0AC3C4,FAC1209,,BOEING 737-400,B734,Mil,tar1090-db import,,,,
0AC3C5,FAC1208,,BOEING 737-400,B734,Mil,tar1090-db import,,,,
0AC3D6,PNC-0206,,BEECH 200 Super King Air,BE20,Mil,tar1090-db import,,,,
0AC3D7,PNC-0236,,BEECH 200 Super King Air,BE20,Mil,tar1090-db import,,,,
0AC3D9,PNC-0237,,BEECH 1900,B190,Mil,tar1090-db import,,,,
0AC3DA,PNC-0239,,BEECH 200 Super King Air,BE20,Mil,tar1090-db import,,,,
0AC3EA,FAC5065,,CESSNA 208 Caravan,C208,Mil,tar1090-db import,,,,
0AC3EB,FAC5066,,CESSNA 208 Caravan,C208,Mil,tar1090-db import,,,,
0AC3EC,FAC5067,,CESSNA 208 Caravan,C208,Mil,tar1090-db import,,,,
0AC3ED,FAC5068,,CESSNA 208 Caravan,C208,Mil,tar1090-db import,,,,
0AC3EE,FAC5069,,CESSNA 208 Caravan,C208,Mil,tar1090-db import,,,,
0AC3EF,FAC5070,,CESSNA 208 Caravan,C208,Mil,tar1090-db import,,,,
0AC3F0,FAC5071,,CESSNA 208 Caravan,C208,Mil,tar1090-db import,,,,
0AC3F1,FAC5072,,CESSNA 208 Caravan,C208,Mil,tar1090-db import,,,,
0AC3F2,FAC5074,,CESSNA 208 Caravan,C208,Mil,tar1090-db import,,,,
0AC3F3,FAC5075,,CESSNA 208 Caravan,C208,Mil,tar1090-db import,,,,
0AC3F4,FAC5079,,CESSNA 208 Caravan,C208,Mil,tar1090-db import,,,,
0AC3F5,FAC5080,,CESSNA 208 Caravan,C208,Mil,tar1090-db import,,,,
0AC405,PNC-0610,,SIKORSKY UH-60 Black Hawk,H60,Mil,tar1090-db import,,,,
0AC744,FAC2477,,CESSNA 172 Skyhawk,C172,Mil,tar1090-db import,,,,
0AC745,FAC2476,,CESSNA 172 Skyhawk,C172,Mil,tar1090-db import,,,,
0AC746,FAC2475,,CESSNA 172 Skyhawk,C172,Mil,tar1090-db import,,,,
0AC747,FAC2474,,CESSNA 172 Skyhawk,C172,Mil,tar1090-db import,,,,
0AC749,EJC1147,,ANTONOV An-32 Sutlej,AN32,Mil,tar1090-db import,,,,
0AC74A,EJC1146,,ANTONOV An-32 Sutlej,AN32,Mil,tar1090-db import,,,,
0AC74C,EJC1138,,CESSNA 208 Caravan,C208,Mil,tar1090-db import,,,,
0AC74D,EJC1136,,CESSNA 208 Caravan,C208,Mil,tar1090-db import,,,,
0AC74E,EJC1135,,CESSNA 208 Caravan,C208,Mil,tar1090-db import,,,,
0AC74F,EJC1134,,CESSNA 208 Caravan,C208,Mil,tar1090-db import,,,,
0AC750,FAC2354,,BEECHCRAFT T-6 Texan 2,TEX2,Mil,tar1090-db import,,,,
0AC751,FAC2353,,BEECHCRAFT T-6 Texan 2,TEX2,Mil,tar1090-db import,,,,
0AC754,EJC5436,,BELL UH-1 Huey,UH1,Mil,tar1090-db import,,,,
0AC755,EJC5435,,BELL UH-1 Huey,UH1,Mil,tar1090-db import,,,,
0AC757,EJC5433,,BELL UH-1 Huey,UH1,Mil,tar1090-db import,,,,
0AC759,EJC5431,,BELL UH-1 Huey,UH1,Mil,tar1090-db import,,,,
0AC75A,EJC5430,,BELL UH-1 Huey,UH1,Mil,tar1090-db import,,,,
0AC75B,EJC5429,,BELL UH-1 Huey,UH1,Mil,tar1090-db import,,,,
0AC75C,EJC5428,,BELL UH-1 Huey,UH1,Mil,tar1090-db import,,,,
0AC75D,EJC5427,,BELL UH-1 Huey,UH1,Mil,tar1090-db import,,,,
0AC75F,EJC5425,,BELL UH-1 Huey,UH1,Mil,tar1090-db import,,,,
0AC760,EJC5423,,BELL UH-1 Huey,UH1,Mil,tar1090-db import,,,,
0AC761,EJC5422,,BELL UH-1 Huey,UH1,Mil,tar1090-db import,,,,
0AC763,EJC5419,,BELL UH-1 Huey,UH1,Mil,tar1090-db import,,,,
0AC765,EJC5415,,BELL UH-1 Huey,UH1,Mil,tar1090-db import,,,,
0AC767,EJC5411,,BELL UH-1 Huey,UH1,Mil,tar1090-db import,,,,
0AC768,EJC5410,,BELL UH-1 Huey,UH1,Mil,tar1090-db import,,,,
0AC769,EJC5408,,BELL UH-1 Huey,UH1,Mil,tar1090-db import,,,,
0AC76A,EJC5406,,BELL UH-1 Huey,UH1,Mil,tar1090-db import,,,,
0AC76B,EJC5405,,BELL UH-1 Huey,UH1,Mil,tar1090-db import,,,,
0AC76D,EJC4231,,BELL UH-1 Huey,UH1,Mil,tar1090-db import,,,,
0AC76E,EJC4227,,BELL 212,B212,Mil,tar1090-db import,,,,
0AC76F,EJC4224,,BELL 212,B212,Mil,tar1090-db import,,,,
0AC770,EJC4216,,BELL 212,B212,Mil,tar1090-db import,,,,
0AC771,EJC4213,,BELL 212,B212,Mil,tar1090-db import,,,,
0AC772,EJC4212,,BELL 212,B212,Mil,tar1090-db import,,,,
0AC773,EJC4207,,BELL 212,B212,Mil,tar1090-db import,,,,
0AC774,EJC4205,,BELL 212,B212,Mil,tar1090-db import,,,,
0AC775,EJC4203,,BELL 212,B212,Mil,tar1090-db import,,,,
0AC776,EJC4200,,BELL 212,B212,Mil,tar1090-db import,,,,
0AC777,EJC3399,,MIL Mi-8/9/17/19/171/172,MI8,Mil,tar1090-db import,,,,
0AC778,EJC3398,,MIL Mi-8/9/17/19/171/172,MI8,Mil,tar1090-db import,,,,
0AC779,EJC3397,,MIL Mi-8/9/17/19/171/172,MI8,Mil,tar1090-db import,,,,
0AC77A,EJC3396,,MIL Mi-8/9/17/19/171/172,MI8,Mil,tar1090-db import,,,,
0AC77B,EJC3395,,MIL Mi-8/9/17/19/171/172,MI8,Mil,tar1090-db import,,,,
0AC77F,EJC3390,,MIL Mi-8/9/17/19/171/172,MI8,Mil,tar1090-db import,,,,
0AC780,EJC3389,,MIL Mi-8/9/17/19/171/172,MI8,Mil,tar1090-db import,,,,
0AC781,EJC3388,,MIL Mi-8/9/17/19/171/172,MI8,Mil,tar1090-db import,,,,
0AC783,EJC3386,,MIL Mi-8/9/17/19/171/172,MI8,Mil,tar1090-db import,,,,
0AC785,EJC3384,,MIL Mi-8/9/17/19/171/172,MI8,Mil,tar1090-db import,,,,
0AC786,EJC3383,,MIL Mi-8/9/17/19/171/172,MI8,Mil,tar1090-db import,,,,
0AC788,EJC3379,,MIL Mi-8/9/17/19/171/172,MI8,Mil,tar1090-db import,,,,
0AC789,EJC3378,,MIL Mi-8/9/17/19/171/172,MI8,Mil,tar1090-db import,,,,
0AC78A,EJC3375,,MIL Mi-8/9/17/19/171/172,MI8,Mil,tar1090-db import,,,,
0AC78E,EJC2187,,SIKORSKY UH-60 Black Hawk,H60,Mil,tar1090-db import,,,,
0AC791,EJC2183,,SIKORSKY UH-60 Black Hawk,H60,Mil,tar1090-db import,,,,
0AC796,EJC2177,,SIKORSKY UH-60 Black Hawk,H60,Mil,tar1090-db import,,,,
0AC798,EJC2174,,SIKORSKY UH-60 Black Hawk,H60,Mil,tar1090-db import,,,,
0AC79A,EJC2172,,SIKORSKY UH-60 Black Hawk,H60,Mil,tar1090-db import,,,,
0AC79D,EJC2169,,SIKORSKY UH-60 Black Hawk,H60,Mil,tar1090-db import,,,,
0AC79E,EJC2168,,SIKORSKY UH-60 Black Hawk,H60,Mil,tar1090-db import,,,,
0AC7A0,EJC2161,,SIKORSKY UH-60 Black Hawk,H60,Mil,tar1090-db import,,,,
0AC7A1,EJC2158,,SIKORSKY UH-60 Black Hawk,H60,Mil,tar1090-db import,,,,
0AC7A2,EJC2157,,SIKORSKY UH-60 Black Hawk,H60,Mil,tar1090-db import,,,,
0AC7A3,EJC2156,,SIKORSKY UH-60 Black Hawk,H60,Mil,tar1090-db import,,,,
0AC7A4,EJC2155,,SIKORSKY UH-60 Black Hawk,H60,Mil,tar1090-db import,,,,
0AC7A5,EJC2153,,SIKORSKY UH-60 Black Hawk,H60,Mil,tar1090-db import,,,,
0AC7A6,EJC2151,,SIKORSKY UH-60 Black Hawk,H60,Mil,tar1090-db import,,,,
0AC7A7,EJC2150,,SIKORSKY UH-60 Black Hawk,H60,Mil,tar1090-db import,,,,
0AC7A8,EJC2149,,SIKORSKY UH-60 Black Hawk,H60,Mil,tar1090-db import,,,,
0AC7AA,EJC2146,,SIKORSKY UH-60 Black Hawk,H60,Mil,tar1090-db import,,,,
0AC7AB,EJC2145,,SIKORSKY UH-60 Black Hawk,H60,Mil,tar1090-db import,,,,
0AC7B1,EJC2138,,SIKORSKY UH-60 Black Hawk,H60,Mil,tar1090-db import,,,,
0AC7B6,EJC2104,,SIKORSKY UH-60 Black Hawk,H60,Mil,tar1090-db import,,,,
0AC7B7,EJC2103,,SIKORSKY UH-60 Black Hawk,H60,Mil,tar1090-db import,,,,
0AC7B8,EJC2102,,SIKORSKY UH-60 Black Hawk,H60,Mil,tar1090-db import,,,,
0AC7B9,EJC2101,,SIKORSKY UH-60 Black Hawk,H60,Mil,tar1090-db import,,,,
0AC7BA,EJC2100,,SIKORSKY UH-60 Black Hawk,H60,Mil,tar1090-db import,,,,
0AC7BB,FAC4137,,SIKORSKY UH-60 Black Hawk,H60,Mil,tar1090-db import,,,,
0AC7BC,FAC4138,,SIKORSKY UH-60 Black Hawk,H60,Mil,tar1090-db import,,,,
0AC7BD,FAC1284,,CASA C-295 Persuader,C295,Mil,tar1090-db import,,,,
0AC7C2,FAC5746,,BEECHCRAFT Super King Air 350,B350,Mil,tar1090-db import,,,,
0AC7C8,FAC4001,,B212,B212,Mil,tar1090-db import,,,,
0AC7C9,FAC4021,,BELL 212,B212,Mil,tar1090-db import,,,,
0AC7D0,FAC4520,,BELL UH-1 Huey,UH1,Mil,tar1090-db import,,,,
0AC7D3,FAC4530,,BELL UH-1 Huey,UH1,Mil,tar1090-db import,,,,
0AC7D8,FAC4470,,BELL 206 JetRanger,B06,Mil,tar1090-db import,,,,
0AC7D9,FAC4471,,BELL 206 JetRanger,B06,Mil,tar1090-db import,,,,
0AC7DA,FAC4472,,BELL 206 JetRanger,B06,Mil,tar1090-db import,,,,
0AC7DB,FAC4473,,BELL 206 JetRanger,B06,Mil,tar1090-db import,,,,
0AC7DC,FAC4475,,BELL 206 JetRanger,B06,Mil,tar1090-db import,,,,
0AC7DE,FAC4477,,BELL 206 JetRanger,B06,Mil,tar1090-db import,,,,
0AC7DF,FAC4478,,BELL 206 JetRanger,B06,Mil,tar1090-db import,,,,
0AC7E0,FAC4479,,BELL 206 JetRanger,B06,Mil,tar1090-db import,,,,
0AC7E1,FAC4480,,BELL 206 JetRanger,B06,Mil,tar1090-db import,,,,
0AC7E2,FAC4481,,BELL 206 JetRanger,B06,Mil,tar1090-db import,,,,
0AC7E3,FAC4482,,BELL 206 JetRanger,B06,Mil,tar1090-db import,,,,
0AC7E4,FAC4001,,BELL 212,B212,Mil,tar1090-db import,,,,
0AC7E6,FAC4003,,BELL 212,B212,Mil,tar1090-db import,,,,
0AC7E7,FAC4004,,BELL 212,B212,Mil,tar1090-db import,,,,
0AC7EA,FAC4419,,BELL UH-1 Huey,UH1,Mil,tar1090-db import,,,,
0AC821,FAC4417,,BELL UH-1 Huey,UH1,Mil,tar1090-db import,,,,
0AC822,FAC4418,,Bell UH-1H Iroquois,UH1,Mil,tar1090-db import,,,,
0AC824,FAC4436,,BELL UH-1 Huey,UH1,Mil,tar1090-db import,,,,
0AC827,FAC4525,,BELL UH-1 Huey,UH1,Mil,tar1090-db import,,,,
0AC828,FAC4526,,BELL UH-1 Huey,UH1,Mil,tar1090-db import,,,,
0AC82A,FAC4528,,BELL UH-1 Huey,UH1,Mil,tar1090-db import,,,,
0AC82B,FAC4529,,BELL UH-1 Huey,UH1,Mil,tar1090-db import,,,,
0AC82C,FAC4531,,BELL UH-1 Huey,UH1,Mil,tar1090-db import,,,,
0AC82D,FAC4415,,BELL UH-1 Huey,UH1,Mil,tar1090-db import,,,,
0AC82E,FAC4403,,BELL UH-1 Huey,UH1,Mil,tar1090-db import,,,,
0AC82F,FAC4405,,BELL UH-1 Huey,UH1,Mil,tar1090-db import,,,,
0AC830,FAC4408,,BELL UH-1 Huey,UH1,Mil,tar1090-db import,,,,
0AC853,FAC5064,,CESSNA 208 Caravan,C208,Mil,tar1090-db import,,,,
0AC863,FAC1256,,CESSNA 212 Aviocar,C212,Mil,tar1090-db import,,,,
0AC865,FAC1258,,CASA CN-235 Persuader,CN35,Mil,tar1090-db import,,,,
0AC867,FAC1262,,CASA CN-235 Persuader,CN35,Mil,tar1090-db import,,,,
0AC8A0,FAC1280,,CASA C-295 Persuader,C295,Mil,tar1090-db import,,,,
0AC8A1,FAC1281,,CASA C-295 Persuader,C295,Mil,tar1090-db import,,,,
0AC8AD,FAC3112,,EMBRAER EMB-314 Super Tucano,E314,Mil,tar1090-db import,,,,
0AC8AF,FAC3114,,EMBRAER EMB-314 Super Tucano,E314,Mil,tar1090-db import,,,,
0AC8B0,FAC3115,,EMBRAER EMB-314 Super Tucano,E314,Mil,tar1090-db import,,,,
0AC8B1,FAC3116,,EMBRAER EMB-314 Super Tucano,E314,Mil,tar1090-db import,,,,
0AC8B3,FAC3118,,EMBRAER EMB-314 Super Tucano,E314,Mil,tar1090-db import,,,,
0AC8B5,FAC3120,,EMBRAER EMB-314 Super Tucano,E314,Mil,tar1090-db import,,,,
0AC8B6,FAC3121,,EMBRAER EMB-314 Super Tucano,E314,Mil,tar1090-db import,,,,
0AC8B7,FAC3123,,EMBRAER EMB-314 Super Tucano,E314,Mil,tar1090-db import,,,,
0AC8B8,FAC3124,,EMBRAER EMB-314 Super Tucano,E314,Mil,tar1090-db import,,,,
0AC8B9,FAC3125,,EMBRAER EMB-314 Super Tucano,E314,Mil,tar1090-db import,,,,
0AC8BB,FAC3102,,EMBRAER EMB-314 Super Tucano,E314,Mil,tar1090-db import,,,,
0AC8BC,FAC3103,,EMBRAER EMB-314 Super Tucano,E314,Mil,tar1090-db import,,,,
0AC8BE,FAC3105,,EMBRAER EMB-314 Super Tucano,E314,Mil,tar1090-db import,,,,
0AC8BF,FAC3106,,EMBRAER EMB-314 Super Tucano,E314,Mil,tar1090-db import,,,,
0AC8C0,FAC3107,,EMBRAER EMB-314 Super Tucano,E314,Mil,tar1090-db import,,,,
0AC8C1,FAC3108,,EMBRAER EMB-314 Super Tucano,E314,Mil,tar1090-db import,,,,
0AC8C2,FAC3109,,EMBRAER EMB-314 Super Tucano,E314,Mil,tar1090-db import,,,,
0AC8C3,FAC3110,,EMBRAER EMB-314 Super Tucano,E314,Mil,tar1090-db import,,,,
0AC8C4,FAC3111,,EMBRAER EMB-314 Super Tucano,E314,Mil,tar1090-db import,,,,
0AC8D9,FAC5076,,BEECHCRAFT Super King Air 350,B350,Mil,tar1090-db import,,,,
0AC900,FAC0007,,SIKORSKY UH-60 Black Hawk,H60,Mil,tar1090-db import,,,,
0AC901,FAC4103,,SIKORSKY UH-60 Black Hawk,H60,Mil,tar1090-db import,,,,
0AC902,FAC4104,,SIKORSKY UH-60 Black Hawk,H60,Mil,tar1090-db import,,,,
0AC903,FAC4105,,SIKORSKY UH-60 Black Hawk,H60,Mil,tar1090-db import,,,,
0AC904,FAC-4106,,SIKORSKY UH-60 Black Hawk,H60,Mil,tar1090-db import,,,,
0AC905,FAC4108,,SIKORSKY UH-60 Black Hawk,H60,Mil,tar1090-db import,,,,
0AC906,FAC4109,,SIKORSKY UH-60 Black Hawk,H60,Mil,tar1090-db import,,,,
0AC907,FAC4110,,SIKORSKY UH-60 Black Hawk,H60,Mil,tar1090-db import,,,,
0AC908,FAC4120,,SIKORSKY UH-60 Black Hawk,H60,Mil,tar1090-db import,,,,
0AC913,FAC4135,,SIKORSKY UH-60 Black Hawk,H60,Mil,tar1090-db import,,,,
0AC914,FAC4136,,SIKORSKY UH-60 Black Hawk,H60,Mil,tar1090-db import,,,,
0AC915,PNC-0600,,SIKORSKY UH-60 Black Hawk,H60,Mil,tar1090-db import,,,,
0AC916,PNC-0601,,SIKORSKY UH-60 Black Hawk,H60,Mil,tar1090-db import,,,,
0AC918,PNC-0603,,SIKORSKY UH-60 Black Hawk,H60,Mil,tar1090-db import,,,,
0AC91A,PNC-0606,,SIKORSKY UH-60 Black Hawk,H60,Mil,tar1090-db import,,,,
0AC91B,PNC-0607,,SIKORSKY UH-60 Black Hawk,H60,Mil,tar1090-db import,,,,
0AC91C,PNC-0801,,BELL 412,B412,Mil,tar1090-db import,,,,
0AC91D,PNC-0925,,BELL 407,B407,Mil,tar1090-db import,,,,
0AC922,PNC-0490,,BELL 212,B212,Mil,tar1090-db import,,,,
0AC923,PNC-0494,,BELL 212,B212,Mil,tar1090-db import,,,,
0AC924,PNC-0495,,BELL 212,B212,Mil,tar1090-db import,,,,
0AC926,PNC-0702,,BELL UH-1 Huey,UH1,Mil,tar1090-db import,,,,
0AC927,PNC-0704,,BELL UH-1 Huey,UH1,Mil,tar1090-db import,,,,
0AC928,PNC-0706,,BELL UH-1 Huey,UH1,Mil,tar1090-db import,,,,
0AC92B,PNC-0709,,BELL UH-1 Huey,UH1,Mil,tar1090-db import,,,,
0AC92C,EJC5441,,BELL UH-1 Huey,UH1,Mil,tar1090-db import,,,,
0AC92D,PNC-0714,,BELL UH-1 Huey,UH1,Mil,tar1090-db import,,,,
0AC930,PNC-0718,,BELL UH-1 Huey,UH1,Mil,tar1090-db import,,,,
0AC932,PNC-0720,,BELL UH-1 Huey,UH1,Mil,tar1090-db import,,,,
0AC933,PNC-0721,,BELL UH-1 Huey,UH1,Mil,tar1090-db import,,,,
0AC934,PNC-0722,,BELL UH-1 Huey,UH1,Mil,tar1090-db import,,,,
0AC936,PNC-0724,,BELL UH-1 Huey,UH1,Mil,tar1090-db import,,,,
0AC937,PNC-0727,,BELL UH-1 Huey,UH1,Mil,tar1090-db import,,,,
0AC938,PNC-0729,,BELL UH-1 Huey,UH1,Mil,tar1090-db import,,,,
0AC93A,PNC-0733,,BELL UH-1 Huey,UH1,Mil,tar1090-db import,,,,
0AC93B,PNC-0734,,BELL UH-1 Huey,UH1,Mil,tar1090-db import,,,,
0AC93C,PNC-0736,,BELL UH-1 Huey,UH1,Mil,tar1090-db import,,,,
0AC93D,PNC-0737,,BELL UH-1 Huey,UH1,Mil,tar1090-db import,,,,
0AC93F,PNC-0739,,BELL UH-1 Huey,UH1,Mil,tar1090-db import,,,,
0AC940,PNC-0740,,BELL UH-1 Huey,UH1,Mil,tar1090-db import,,,,
0AC942,PNC-0742,,BELL UH-1 Huey,UH1,Mil,tar1090-db import,,,,
0AC943,FAC4441,,BELL UH-1 Huey,UH1,Mil,tar1090-db import,,,,
0AC944,EJC5440,,BELL UH-1 Huey,UH1,Mil,tar1090-db import,,,,
0AC945,PNC-0746,,BELL UH-1 Huey,UH1,Mil,tar1090-db import,,,,
0AC948,PNC-0253,,CESSNA 208 Caravan,C208,Mil,tar1090-db import,,,,
0AC949,PNC-0254,,CESSNA 208 Caravan,C208,Mil,tar1090-db import,,,,
0AC970,PNC-0927,,BELL 407,B407,Mil,tar1090-db import,,,,
0AC971,PNC-0928,,BELL 407,B407,Mil,tar1090-db import,,,,
0AC983,PNC-0248,,DE HAVILLAND DHC-8-300 Dash 8,DH8C,Mil,tar1090-db import,,,,
0AC986,FAC1016,,LOCKHEED C-130 Hercules,C130,Mil,tar1090-db import,,,,
0AC990,ARC212,,BELL 212,B212,Mil,tar1090-db import,,,,
0AC992,ARC216,,BELL 412,B412,Mil,tar1090-db import,,,,
0AC999,ARC803,,CASA CN-235 Persuader,CN35,Mil,tar1090-db import,,,,
0AC99A,ARC433,,CESSNA 208 Caravan,C208,Mil,tar1090-db import,,,,
0AC99B,ARC225,,BELL 412,B412,Mil,tar1090-db import,,,,
0AC9A0,FAC4112,,SIKORSKY UH-60 Black Hawk,H60,Mil,tar1090-db import,,,,
0AC9C6,EJC1101,,BEECHCRAFT Super King Air 350,B350,Mil,tar1090-db import,,,,
0AC9C7,ARC213,,BELL 412,B412,Mil,tar1090-db import,,,,
0AC9C8,FAC5767,,BEECH 90 King Air,BE9L,Mil,tar1090-db import,,,,
0AC9D1,PNC0251,,BEECH 1900,B190,Mil,tar1090-db import,,,,
0AC9E8,FAC2473,,CESSNA 172 Skyhawk,C172,Mil,tar1090-db import,,,,
0AC9E9,FAC2471,,CESSNA 172 Skyhawk,C172,Mil,tar1090-db import,,,,
0AC9EA,FAC2470,,CESSNA 172 Skyhawk,C172,Mil,tar1090-db import,,,,
0AC9EB,FAC0008,,AGUSTA AW-139,A139,Mil,tar1090-db import,,,,
0AC9EC,FAC2351,,BEECHCRAFT T-6 Texan 2,TEX2,Mil,tar1090-db import,,,,
0AC9ED,FAC2352,,BEECHCRAFT T-6 Texan 2,TEX2,Mil,tar1090-db import,,,,
0AC9FC,EJC1116,,BEECH 90 King Air,BE9L,Mil,tar1090-db import,,,,
0AC9FE,FAC4018,,AIR TRACTOR AT-802,AT8T,Mil,tar1090-db import,,,,
0ACA0A,FAC2472,,CESSNA 172 Skyhawk,C172,Mil,tar1090-db import,,,,
0ACA14,FAC2350,,BEECHCRAFT T-6 Texan 2,TEX2,Mil,tar1090-db import,,,,
0ACA23,FAC1017,,LOCKHEED C-130 Hercules,C130,Mil,tar1090-db import,,,,
0ACA24,FAC1018,,LOCKHEED C-130 Hercules,C130,Mil,tar1090-db import,,,,
0ACA30,ARC103,,BEECH 90 King Air,BE9L,Mil,tar1090-db import,,,,
0ACA41,PNC-0266,,CESSNA 172 Skyhawk,C172,Mil,tar1090-db import,,,,
0ACA42,PNC-0267,,CESSNA 172 Skyhawk,C172,Mil,tar1090-db import,,,,
0ACA47,EJC1133,,CESSNA 208 Caravan,C208,Mil,tar1090-db import,,,,
0ACA48,EJC1132,,CESSNA 208 Caravan,C208,Mil,tar1090-db import,,,,
0ACA49,EJC1129,,CESSNA 212 Aviocar,C212,Mil,tar1090-db import,,,,
0ACA4A,EJC1126,,BEECHCRAFT Super King Air 350,B350,Mil,tar1090-db import,,,,
0ACA4B,EJC1125,,BEECHCRAFT Super King Air 350,B350,Mil,tar1090-db import,,,,
0ACA4C,EJC1124,,BEECH 200 Super King Air,BE20,Mil,tar1090-db import,,,,
0ACA4E,EJC1120,,BEECHCRAFT Super King Air 350,B350,Mil,tar1090-db import,,,,
0ACA6E,ARC104,,BEECHCRAFT Super King Air 350,B350,Mil,tar1090-db import,,,,
0ACA79,FAC1220,,BOEING 737-700,B737,Mil,tar1090-db import,,,,
0ACA87,EJC1117,,BEECH 200 Super King Air,BE20,Mil,tar1090-db import,,,,
0ACA88,EJC1108,,NORTH AMERICAN ROCKWELL Turbo Commander 690/840,AC90,Mil,tar1090-db import,,,,
0ACAB3,FAC2355,,BEECHCRAFT T-6 Texan 2,TEX2,Mil,tar1090-db import,,,,
0ACAC7,PNC-0271,,ATR-42-500,AT45,Mil,tar1090-db import,,,,
0ACACA,PNC-0276,,EMBRAER EMB-135 Legacy,E35L,Mil,tar1090-db import,,,,
0ACACF,PNC-0252,,BEECH 1900,B190,Mil,tar1090-db import,,,,
0ACAD6,PNC-0627,,SIKORSKY UH-60 Black Hawk,H60,Mil,tar1090-db import,,,,
0ACAD8,PNC-0621,,Sikorsky UH-60A+ Black Hawk,H60,Mil,tar1090-db import,,,,
0ACAD9,PNC-0626,,Sikorsky UH-60A+ Black Hawk,H60,Mil,tar1090-db import,,,,
0ACADA,PNC-0625,,Sikorsky UH-60A+ Black Hawk,H60,Mil,tar1090-db import,,,,
0ACADB,PNC-0624,,SIKORSKY UH-60 Black Hawk,H60,Mil,tar1090-db import,,,,
0ACADC,PNC-0623,,Sikorsky UH-60A+ Black Hawk,H60,Mil,tar1090-db import,,,,
0ACADD,PNC-0622,,Silorsky UH-60A+ Black Hawk,H60,Mil,tar1090-db import,,,,
0ACAF2,FAC4430,,BELL UH-1 Huey,UH1,Mil,tar1090-db import,,,,
0ACAF6,FAC4434,,BELL UH-1 Huey,UH1,Mil,tar1090-db import,,,,
0ACAF7,FAC4435,,BELL UH-1 Huey,UH1,Mil,tar1090-db import,,,,
0ACAF8,FAC4438,,BELL UH-1 Huey,UH1,Mil,tar1090-db import,,,,
0ACAFA,FAC4440,,BELL UH-1 Huey,UH1,Mil,tar1090-db import,,,,
0ACAFC,FAC4442,,BELL UH-1 Huey,UH1,Mil,tar1090-db import,,,,
0ACAFD,FAC4443,,BELL UH-1 Huey,UH1,Mil,tar1090-db import,,,,
0ACAFE,FAC4444,,BELL UH-1 Huey,UH1,Mil,tar1090-db import,,,,
0ACB16,FAC2479,,CESSNA 172 Skyhawk,C172,Mil,tar1090-db import,,,,
0ACB17,FAC2478,,CESSNA 172 Skyhawk,C172,Mil,tar1090-db import,,,,
0ACB18,FAC2356,,BEECHCRAFT T-6 Texan 2,TEX2,Mil,tar1090-db import,,,,
0ACB34,PNC-0628,,SIKORSKY UH-60 Black Hawk,H60,Mil,tar1090-db import,,,,
0ACB35,PNC-0629,,SIKORSKY UH-60 Black Hawk,H60,Mil,tar1090-db import,,,,
0ACB36,PNC-0630,,SIKORSKY UH-60 Black Hawk,H60,Mil,tar1090-db import,,,,
0ACB53,PNC-0631,,SIKORSKY UH-60 Black Hawk,H60,Mil,tar1090-db import,,,,
0ACB54,PNC-0633,,SIKORSKY UH-60 Black Hawk,H60,Mil,tar1090-db import,,,,
0ACB55,PNC-0632,,SIKORSKY UH-60 Black Hawk,H60,Mil,tar1090-db import,,,,
0ACB5F,FAC2357,,BEECHCRAFT T-6 Texan 2,TEX2,Mil,tar1090-db import,,,,
0ACB69,ARC432,,CESSNA 208 Caravan,C208,Mil,tar1090-db import,,,,
0ACB77,FAC2482,,CESSNA 172 Skyhawk,C172,Mil,tar1090-db import,,,,
0ACB78,FAC2481,,CESSNA 172 Skyhawk,C172,Mil,tar1090-db import,,,,
0ACB79,FAC2480,,CESSNA 172 Skyhawk,C172,Mil,tar1090-db import,,,,
0ACB7C,PNC-0636,,SIKORSKY UH-60 Black Hawk,H60,Mil,tar1090-db import,,,,
0ACB7D,PNC-0635,,SIKORSKY UH-60 Black Hawk,H60,Mil,tar1090-db import,,,,
0ACB93,PNC-0639,,SIKORSKY UH-60 Black Hawk,H60,Mil,tar1090-db import,,,,
0ACB94,PNC-0638,,SIKORSKY UH-60 Black Hawk,H60,Mil,tar1090-db import,,,,
0ACB95,PNC-0637,,SIKORSKY UH-60 Black Hawk,H60,Mil,tar1090-db import,,,,
0ACBB2,PNC-0277,,EMBRAER ERJ-145,E145,Mil,tar1090-db import,,,,
0ACC67,FAC2358,,BEECHCRAFT T-6 Texan 2,TEX2,Mil,tar1090-db import,,,,
0ACC8A,FAC2485,,CESSNA 172 Skyhawk,C172,Mil,tar1090-db import,,,,
0ACC8B,FAC2484,,CESSNA 172 Skyhawk,C172,Mil,tar1090-db import,,,,
0ACC8C,FAC2483,,CESSNA 172 Skyhawk,C172,Mil,tar1090-db import,,,,
0ACC9D,FAC2359,,BEECHCRAFT T-6 Texan 2,TEX2,Mil,tar1090-db import,,,,
0ACCCE,FAC2486,,CESSNA 172 Skyhawk,C172,Mil,tar1090-db import,,,,
0ACCCF,FAC2487,,CESSNA 172 Skyhawk,C172,Mil,tar1090-db import,,,,
0ACCD0,FAC2488,,CESSNA 172 Skyhawk,C172,Mil,tar1090-db import,,,,
0B1440,889,,C208,C208,Mil,tar1090-db import,,,,
0B2014,700,,CESSNA 208 Caravan,C208,Mil,tar1090-db import,,,,
0B4113,FAG115,,BELL 206 JetRanger,B06,Mil,tar1090-db import,,,,
0B4114,FAG-360,,CESSNA 208 Caravan,C208,Mil,tar1090-db import,,,,
0B4116,630,,CESSNA 208 Caravan,C208,Mil,tar1090-db import,,,,
0B4117,FAG125,,BELL 206 JetRanger,B06,Mil,tar1090-db import,,,,
0B4125,FAG104,,BELL 212,B212,Mil,tar1090-db import,,,,
0B4151,607,,CESSNA 208 Caravan,C208,Mil,tar1090-db import,,,,
0B4227,FAG-108,,BELL 212,B212,Mil,tar1090-db import,,,,
0B427F,FAG141,,BELL 412,B412,Mil,tar1090-db import,,,,
0B4280,FAG142,,BELL 412,B412,Mil,tar1090-db import,,,,
0B4300,FAG130,,Bell UH-1H Iroquois,UH1,Mil,tar1090-db import,,,,
0B4354,707,,PC12,PC12,Mil,tar1090-db import,,,,
0B4356,101,,BELL 412,B412,Mil,tar1090-db import,,,,
0B6036,8R-1GY,,BEECHCRAFT Super King Air 350,B350,Mil,tar1090-db import,,,,
0B603B,8R-AYA,,BELL 412,B412,Mil,tar1090-db import,,,,
0B603E,8R-ETR,,DORNIER 228,D228,Mil,tar1090-db import,,,,
0B603F,8R-JAG,,DORNIER 228,D228,Mil,tar1090-db import,,,,
0B6041,8R-ETR,,D228,D228,Mil,tar1090-db import,,,,
0BA000,FAH020,,CESSNA 208 Caravan,C208,Mil,tar1090-db import,,,,
0BA004,FAH-020,,CESSNA 208 Caravan,C208,Mil,tar1090-db import,,,,
0BA009,FAH021,,CESSNA 208 Caravan,C208,Mil,tar1090-db import,,,,
0BA033,FAH-945,,BELL UH-1 Huey,UH1,Mil,tar1090-db import,,,,
0BA038,FAH-991,,AIRBUS HELICOPTERS EC-145,EC45,Mil,tar1090-db import,,,,
0BA040,FAH-993,,AIRBUS HELICOPTERS EC-145,EC45,Mil,tar1090-db import,,,,
0BE2B0,JDFT-11,,BEECHCRAFT Super King Air 350,B350,Mil,tar1090-db import,,,,
0C20D0,AN-261,,DE HAVILLAND DHC-6 Twin Otter,DHC6,Mil,tar1090-db import,,,,
0C20DA,AN-262,,DE HAVILLAND DHC-6 Twin Otter,DHC6,Mil,tar1090-db import,,,,
0C2105,AN-405,,BE58,BE58,Mil,tar1090-db import,,,,
0C2143,AN-405,,BEECH 58 Baron,BE58,Mil,tar1090-db import,,,,
0C215A,AN-001,,AGUSTA AW-139,A139,Mil,tar1090-db import,,,,
0C215B,AN-140,,AGUSTA AW-139,A139,Mil,tar1090-db import,,,,
0C2178,AN-402,,BEECH 200 Super King Air,BE20,Mil,tar1090-db import,,,,
0C217E,AN-139,,AGUSTA AW-139,A139,Mil,tar1090-db import,,,,
0C217F,AN-142,,A139,A139,Mil,tar1090-db import,,,,
0C21D0,AN-406,,BE58,BE58,Mil,tar1090-db import,,,,
0C4046,FAD2905,,E314,E314,Mil,tar1090-db import,,,,
0C4049,3076,,BELL UH-1 Huey,UH1,Mil,tar1090-db import,,,,
0C404B,3073,,BELL UH-1 Huey,UH1,Mil,tar1090-db import,,,,
0C404C,3074,,BELL UH-1 Huey,UH1,Mil,tar1090-db import,,,,
0C404E,3077,,BELL UH-1 Huey,UH1,Mil,tar1090-db import,,,,
0C4050,ERD2001,,BELL 206 JetRanger,B06,Mil,tar1090-db import,,,,
0D000F,XC-NPF,,BOEING 727-200,B722,Mil,tar1090-db import,,,,
0D0532,GN-105,,H60,H60,Mil,tar1090-db import,,,,
0D0546,ANX-1250,,CASA C-295 Persuader,C295,Mil,tar1090-db import,,,,
0D0547,AMT-251,,CASA C-295 Persuader,C295,Mil,tar1090-db import,,,,
0D0569,ANX-1121,,CN35,CN35,Mil,tar1090-db import,,,,
0D05D8,3204,,CASA C-295 Persuader,C295,Mil,tar1090-db import,,,,
0D05E6,ANX-1252,,CASA C-295 Persuader,C295,Mil,tar1090-db import,,,,
0D0613,ANX-1123,,CN35,CN35,Mil,tar1090-db import,,,,
0D0614,ANX-1124,,CN35,CN35,Mil,tar1090-db import,,,,
0D0615,ANX-1125,,CN35,CN35,Mil,tar1090-db import,,,,
0D064D,3402,,C27J,C27J,Mil,tar1090-db import,,,,
0D064F,3401,,C27J,C27J,Mil,tar1090-db import,,,,
0D06BC,3206,,CASA C-295 Persuader,C295,Mil,tar1090-db import,,,,
0D0704,6603,,TEX2,TEX2,Mil,tar1090-db import,,,,
0D0708,6605,,TEX2,TEX2,Mil,tar1090-db import,,,,
0D0709,6606,,TEX2,TEX2,Mil,tar1090-db import,,,,
0D077F,1903,,AGUSTA AW-109 Grand,A109,Mil,tar1090-db import,,,,
0D07C7,1906,,AGUSTA AW-109 Grand,A109,Mil,tar1090-db import,,,,
0D07D7,6607,,TEX2,TEX2,Mil,tar1090-db import,,,,
0D07D8,6608,,TEX2,TEX2,Mil,tar1090-db import,,,,
0D07D9,6609,,TEX2,TEX2,Mil,tar1090-db import,,,,
0D07DA,6610,,BEECHCRAFT T-6 Texan 2,TEX2,Mil,tar1090-db import,,,,
0D087A,ANX-1193,,B350,B350,Mil,tar1090-db import,,,,
0D0887,2001,,TEX2,TEX2,Mil,tar1090-db import,,,,
0D0888,2002,,TEX2,TEX2,Mil,tar1090-db import,,,,
0D0889,2003,,TEX2,TEX2,Mil,tar1090-db import,,,,
0D08AD,2005,,TEX2,TEX2,Mil,tar1090-db import,,,,
0D08CB,2009,,TEX2,TEX2,Mil,tar1090-db import,,,,
0D08CE,2012,,TEX2,TEX2,Mil,tar1090-db import,,,,
0D091C,ANX-1309,,TEX2,TEX2,Mil,tar1090-db import,,,,
0D091D,ANX-1310,,TEX2,TEX2,Mil,tar1090-db import,,,,
0D0931,3912,,LEARJET 45,LJ45,Mil,tar1090-db import,,,,
0D0935,ANX-1311,,TEX2,TEX2,Mil,tar1090-db import,,,,
0D0936,ANX-1312,,TEX2,TEX2,Mil,tar1090-db import,,,,
0D0944,1955,,BELL 407,B407,Mil,tar1090-db import,,,,
0D0945,1956,,BELL 407,B407,Mil,tar1090-db import,,,,
0D0946,1957,,BELL 407,B407,Mil,tar1090-db import,,,,
0D0958,FAM-5210,,BEECHCRAFT Super King Air 350,B350,Mil,tar1090-db import,,,,
0D097F,2022,,TEX2,TEX2,Mil,tar1090-db import,,,,
0D0980,2023,,TEX2,TEX2,Mil,tar1090-db import,,,,
0D0998,2024,,TEX2,TEX2,Mil,tar1090-db import,,,,
0D0999,2025,,TEX2,TEX2,Mil,tar1090-db import,,,,
0D09A8,2027,,TEX2,TEX2,Mil,tar1090-db import,,,,
0D09AA,2028,,BEECHCRAFT T-6 Texan 2,TEX2,Mil,tar1090-db import,,,,
0D09AB,2029,,TEX2,TEX2,Mil,tar1090-db import,,,,
0D09AC,2030,,TEX2,TEX2,Mil,tar1090-db import,,,,
0D09AD,2031,,TEX2,TEX2,Mil,tar1090-db import,,,,
0D09AE,ANX-1315,,TEX2,TEX2,Mil,tar1090-db import,,,,
0D09AF,2032,,TEX2,TEX2,Mil,tar1090-db import,,,,
0D09E1,2033,,TEX2,TEX2,Mil,tar1090-db import,,,,
0D09E8,ANX-1317,,TEX2,TEX2,Mil,tar1090-db import,,,,
0D09F4,ANX-1318,,TEX2,TEX2,Mil,tar1090-db import,,,,
0D0A07,ANX-1319,,TEX2,TEX2,Mil,tar1090-db import,,,,
0D0A30,2037,,TEX2,TEX2,Mil,tar1090-db import,,,,
0D0A31,2038,,TEX2,TEX2,Mil,tar1090-db import,,,,
0D0A3C,ANX-2163,,AS65,AS65,Mil,tar1090-db import,,,,
0D0AA1,2044,,TEX2,TEX2,Mil,tar1090-db import,,,,
0D0AF8,2045,,TEX2,TEX2,Mil,tar1090-db import,,,,
0D0AF9,2046,,TEX2,TEX2,Mil,tar1090-db import,,,,
0D0BF0,XC-PFQ,,AEROSPATIALE AS-350 Ecureuil,AS50,Mil,tar1090-db import,,,,
0D0BF8,PF-511,,CASA CN-235 Persuader,CN35,Mil,tar1090-db import,,,,
0D0C84,2050,,TEX2,TEX2,Mil,tar1090-db import,,,,
0D0E6B,ANX-1261,,CESSNA 208 Caravan,C208,Mil,tar1090-db import,,,,
0D115B,1708,,MIL Mi-8/9/17/19/171/172,MI8,Mil,tar1090-db import,,,,
0D115C,1714,,MIL Mi-8/9/17/19/171/172,MI8,Mil,tar1090-db import,,,,
0D806C,9508,,LOCKHEED C-130 Hercules,C130,Mil,tar1090-db import,,,,
0D836E,YVO200,,BELL 407,B407,Mil,tar1090-db import,,,,
0D84C1,AMB-61651,,DA42,DA42,Mil,tar1090-db import,,,,
0E0718,168980,,B737,B737,Mil,tar1090-db import,,,,
0E1838,166521,,H60,H60,Mil,tar1090-db import,,,,
0E587B,60-0022,,B52,B52,Mil,tar1090-db import,,,,
0E5C71,168457,,Q4,Q4,Mil,tar1090-db import,,,,
0F3501,FAD3501,,C212,C212,Mil,tar1090-db import,,,,
140530,01328,,MIKOYAN MiG-29/33/35,MG29,Mil,tar1090-db import,,,,
142471,RA-09329,,ANTONOV An-22 Antheus,AN22,Mil,tar1090-db import,,,,
149C77,RA-85563,,TUPOLEV Tu-154,T154,Mil,tar1090-db import,,,,
14A116,RA-41254,,HESA 140 Faraz,A140,Mil,tar1090-db import,,,,
14FA39,RA-64057,,TUPOLEV Tu-204/214/224/234,T204,Mil,tar1090-db import,,,,
14FA3B,RA-64059,,TUPOLEV Tu-204/214/224/234,T204,Mil,tar1090-db import,,,,
14FBF8,RA-64504,,TUPOLEV Tu-204/214/224/234,T204,Mil,tar1090-db import,,,,
14FBFA,RA-64506,,TUPOLEV Tu-204/214/224/234,T204,Mil,tar1090-db import,,,,
14FC03,RA-64515,,TUPOLEV Tu-204/214/224/234,T204,Mil,tar1090-db import,,,,
14FC04,RA-64516,,TUPOLEV Tu-204/214/224/234,T204,Mil,tar1090-db import,,,,
14FC09,RA-64521,,TUPOLEV Tu-204/214/224/234,T204,Mil,tar1090-db import,,,,
14FC0E,RA-64526,,TUPOLEV Tu-204/214/224/234,T204,Mil,tar1090-db import,,,,
14FC0F,RA-64527,,TUPOLEV Tu-204/214/224/234,T204,Mil,tar1090-db import,,,,
14FC13,RA-64531,,TUPOLEV Tu-204/214/224/234,T204,Mil,tar1090-db import,,,,
14FC14,RA-64532,,TUPOLEV Tu-204/214/224/234,T204,Mil,tar1090-db import,,,,
14FC15,RA-64533,,TUPOLEV Tu-204/214/224/234,T204,Mil,tar1090-db import,,,,
14FC16,RA-64534,,TUPOLEV Tu-204/214/224/234,T204,Mil,tar1090-db import,,,,
14FC17,RA-64535,,T204,T204,Mil,tar1090-db import,,,,
150011,RF-65553,,TUPOLEV Tu-134,T134,Mil,tar1090-db import,,,,
1500C5,RA-65733,,TUPOLEV Tu-134,T134,Mil,tar1090-db import,,,,
1501C6,RF-65990,,TUPOLEV Tu-134,T134,Mil,tar1090-db import,,,,
1526BE,RF-75939,,ILYUSHIN Il-18,IL18,Mil,tar1090-db import,,,,
1526C8,RF-75937,,ILYUSHIN Il-18,IL18,Mil,tar1090-db import,,,,
1526D8,RA-75480,,ILYUSHIN Il-18,IL18,Mil,tar1090-db import,,,,
1526DA,RF-75315,,ILYUSHIN Il-18,IL18,Mil,tar1090-db import,,,,
1526DB,RA-75483,,ILYUSHIN Il-18,IL18,Mil,tar1090-db import,,,,
152715,RA-75602,,ILYUSHIN Il-18,IL18,Mil,tar1090-db import,,,,
152756,RA-75606,,ILYUSHIN Il-18,IL18,Mil,tar1090-db import,,,,
15287C,RF-75317,,ILYUSHIN Il-18,IL18,Mil,tar1090-db import,,,,
15287D,RF-75600,,ILYUSHIN Il-18,IL18,Mil,tar1090-db import,,,,
15287E,RF-95920,,ILYUSHIN Il-18,IL18,Mil,tar1090-db import,,,,
15287F,RF-93954,,ILYUSHIN Il-18,IL18,Mil,tar1090-db import,,,,
152882,RF-95673,,ILYUSHIN Il-18,IL18,Mil,tar1090-db import,,,,
152884,RF-95677,,ILYUSHIN Il-18,IL18,Mil,tar1090-db import,,,,
152885,RF-95676,,ILYUSHIN Il-18,IL18,Mil,tar1090-db import,,,,
152886,RF-94417,,ILYUSHIN Il-18,IL18,Mil,tar1090-db import,,,,
152887,RA-75911,,ILYUSHIN Il-18,IL18,Mil,tar1090-db import,,,,
152888,RF-95675,,ILYUSHIN Il-18,IL18,Mil,tar1090-db import,,,,
152890,RF-95678,,ILYUSHIN Il-18,IL18,Mil,tar1090-db import,,,,
152892,RA-75922,,ILYUSHIN Il-18,IL18,Mil,tar1090-db import,,,,
152894,RA-75924,,ILYUSHIN Il-18,IL18,Mil,tar1090-db import,,,,
152895,RF-95681,,ILYUSHIN Il-18,IL18,Mil,tar1090-db import,,,,
152897,RF-90785,,ILYUSHIN Il-18,IL18,Mil,tar1090-db import,,,,
152C04,RA-76804,,ILYUSHIN Il-76/82,IL76,Mil,tar1090-db import,,,,
1533C8,RA-78792,,ILYUSHIN Il-76/82,IL76,Mil,tar1090-db import,,,,
154C5C,RA-85084,,TUPOLEV Tu-154,T154,Mil,tar1090-db import,,,,
154C8F,RF-85135,,TUPOLEV Tu-154,T154,Mil,tar1090-db import,,,,
154E3D,RA-85565,,T154,T154,Mil,tar1090-db import,,,,
154ED0,RF-85136,,TUPOLEV Tu-154,T154,Mil,tar1090-db import,,,,
154EE7,RF-85735,,TUPOLEV Tu-154,T154,Mil,tar1090-db import,,,,
155082,RA-86146,,ILYUSHIN Il-87,IL86,Mil,tar1090-db import,,,,
155083,RF-93645,,ILYUSHIN Il-87,IL86,Mil,tar1090-db import,,,,
155084,RF-93642,,ILYUSHIN Il-87,IL86,Mil,tar1090-db import,,,,
155085,RA-86149,,ILYUSHIN Il-87,IL86,Mil,tar1090-db import,,,,
15CD28,78-23132,,BE20,BE20,Mil,tar1090-db import,,,,
15FC0C,RA-64524,,TUPOLEV Tu-204/214/224/234,T204,Mil,tar1090-db import,,,,
1B4F5F,RF-85855,,TUPOLEV Tu-154,T154,Mil,tar1090-db import,,,,
1E3C8A,357,,C130,C130,Mil,tar1090-db import,,,,
1E3D8A,359,,C130,C130,Mil,tar1090-db import,,,,
2366A0,FAB2551,,E145,E145,Mil,tar1090-db import,,,,
2E14BB,160986,,BE9L,BE9L,Mil,tar1090-db import,,,,
2E1719,166011,,TEX2,TEX2,Mil,tar1090-db import,,,,
2E2A74,87-24587,,H60,H60,Mil,tar1090-db import,,,,
314C65,F-MCGI,,AS32,AS32,Mil,tar1090-db import,,,,
31FF0A,I-RAIX,,AGUSTA AW-139,A139,Mil,tar1090-db import,,,,
320019,MM62230,,ATR-42-500,AT45,Mil,tar1090-db import,,,,
320021,MM81926,,AGUSTA AW-139,A139,Mil,tar1090-db import,,,,
320022,MM81927,,AGUSTA AW-139,A139,Mil,tar1090-db import,,,,
320023,MM81929,,AGUSTA AW-139,A139,Mil,tar1090-db import,,,,
320024,MM81932,,AGUSTA AW-139,A139,Mil,tar1090-db import,,,,
320028,MM81949,,AGUSTA AW-139,A139,Mil,tar1090-db import,,,,
320029,MM81950,,AGUSTA AW-139,A139,Mil,tar1090-db import,,,,
32002A,MM81954,,AGUSTA AW-139,A139,Mil,tar1090-db import,,,,
32002B,MM81956,,AGUSTA AW-139,A139,Mil,tar1090-db import,,,,
32002F,MM81961,,AGUSTA AW-139,A139,Mil,tar1090-db import,,,,
320030,MM81959,,AGUSTA AW-139,A139,Mil,tar1090-db import,,,,
320038,MM81964,,AGUSTA AW-139,A139,Mil,tar1090-db import,,,,
32003F,VF-146,,AGUSTA AW-139,A139,Mil,tar1090-db import,,,,
320043,MM81978,,AGUSTA AW-139,A139,Mil,tar1090-db import,,,,
320045,VF-147,,AGUSTA AW-139,A139,Mil,tar1090-db import,,,,
320047,MM81996,,AGUSTA AW-139,A139,Mil,tar1090-db import,,,,
320048,MM81997,,AGUSTA AW-139,A139,Mil,tar1090-db import,,,,
32004A,MM82001,,AGUSTA AW-139,A139,Mil,tar1090-db import,,,,
32004B,MM82002,,AGUSTA AW-139,A139,Mil,tar1090-db import,,,,
32004D,MM82009,,AGUSTA AW-139,A139,Mil,tar1090-db import,,,,
32004E,MM82010,,AGUSTA AW-139,A139,Mil,tar1090-db import,,,,
32004F,VF-148,,AGUSTA AW-139,A139,Mil,tar1090-db import,,,,
320053,MM82034,,AGUSTA AW-139,A139,Mil,tar1090-db import,,,,
320054,MM82041,,AGUSTA AW-139,A139,Mil,tar1090-db import,,,,
320055,VF-150,,AGUSTA AW-139,A139,Mil,tar1090-db import,,,,
320056,VF-151,,AGUSTA AW-139,A139,Mil,tar1090-db import,,,,
320057,VF-152,,AGUSTA AW-139,A139,Mil,tar1090-db import,,,,
320058,VF-153,,AGUSTA AW-139,A139,Mil,tar1090-db import,,,,
320061,MM82067,,AGUSTA AW-139,A139,Mil,tar1090-db import,,,,
320076,MM82152,,AGUSTA AW-139,A139,Mil,tar1090-db import,,,,
320079,MM82164,,AGUSTA AW-139,A139,Mil,tar1090-db import,,,,
32007A,MM82165,,AGUSTA AW-139,A139,Mil,tar1090-db import,,,,
32007B,MM82166,,AGUSTA AW-139,A139,Mil,tar1090-db import,,,,
32007E,MM82187,,AGUSTA AW-139,A139,Mil,tar1090-db import,,,,
32007F,MM82193,,AGUSTA AW-139,A139,Mil,tar1090-db import,,,,
33FC4F,MM62352,,PIAGGIO P-180 Avanti,P180,Mil,tar1090-db import,,,,
33FC62,MM82137,,AGUSTA AW-119 Koala,A119,Mil,tar1090-db import,,,,
33FC63,MM82136,,AGUSTA AW-119 Koala,A119,Mil,tar1090-db import,,,,
33FC64,MM82135,,AGUSTA AW-119 Koala,A119,Mil,tar1090-db import,,,,
33FC70,MM62339,,PIAGGIO P-180 Avanti,P180,Mil,tar1090-db import,,,,
33FC77,MM82134,,AGUSTA AW-119 Koala,A119,Mil,tar1090-db import,,,,
33FC78,MM82133,,AGUSTA AW-119 Koala,A119,Mil,tar1090-db import,,,,
33FC79,MM82132,,AGUSTA AW-119 Koala,A119,Mil,tar1090-db import,,,,
33FC8B,MM82131,,AGUSTA AW-119 Koala,A119,Mil,tar1090-db import,,,,
33FC8C,MM82130,,AGUSTA AW-119 Koala,A119,Mil,tar1090-db import,,,,
33FC8D,MM82129,,AGUSTA AW-119 Koala,A119,Mil,tar1090-db import,,,,
33FC98,MM82185,,AGUSTA AW-139,A139,Mil,tar1090-db import,,,,
33FC9D,MM82128,,AGUSTA AW-119 Koala,A119,Mil,tar1090-db import,,,,
33FC9E,MM82127,,AGUSTA AW-119 Koala,A119,Mil,tar1090-db import,,,,
33FC9F,MM82126,,AGUSTA AW-119 Koala,A119,Mil,tar1090-db import,,,,
33FCA2,MM62346,,GULFSTREAM G650,GLF6,Mil,tar1090-db import,,,,
33FCA5,MM62343,,GULFSTREAM G650,GLF6,Mil,tar1090-db import,,,,
33FCA7,MM82180,,AGUSTA AW-139,A139,Mil,tar1090-db import,,,,
33FCAB,CSX62347,,ALENIA C-27J Spartan,C27J,Mil,tar1090-db import,,,,
33FCB2,MM82125,,AGUSTA AW-119 Koala,A119,Mil,tar1090-db import,,,,
33FCB3,MM82124,,AGUSTA AW-119 Koala,A119,Mil,tar1090-db import,,,,
33FCB4,MM82123,,AGUSTA AW-119 Koala,A119,Mil,tar1090-db import,,,,
33FCB8,MM82122,,AGUSTA AW-119 Koala,A119,Mil,tar1090-db import,,,,
33FCB9,MM82121,,AGUSTA AW-119 Koala,A119,Mil,tar1090-db import,,,,
33FCBC,MM82120,,AGUSTA AW-119 Koala,A119,Mil,tar1090-db import,,,,
33FCC3,MM82119,,AGUSTA AW-119 Koala,A119,Mil,tar1090-db import,,,,
33FCD1,MM81622,,NHI NH-90,NH90,Mil,tar1090-db import,,,,
33FCD2,MM82103,,AGUSTA AW-119 Koala,A119,Mil,tar1090-db import,,,,
33FCDA,MM81621,,NHI NH-90,NH90,Mil,tar1090-db import,,,,
33FCE0,MM81634,,AGUSTA WESTLAND EH-101 Merlin,EH10,Mil,tar1090-db import,,,,
33FCE7,MM82081,,AGUSTA AW-139,A139,Mil,tar1090-db import,,,,
33FCEC,MM81620,,NHI NH-90,NH90,Mil,tar1090-db import,,,,
33FCEE,MM81481,,NHIndustries SH-90A,NH90,Mil,tar1090-db import,,,,
33FCFD,MM81576,,NHI NH-90,NH90,Mil,tar1090-db import,,,,
33FCFE,MM81619,,NHI NH-90,NH90,Mil,tar1090-db import,,,,
33FD08,MM81575,,NHI NH-90,NH90,Mil,tar1090-db import,,,,
33FD0B,MM81618,,NHI NH-90,NH90,Mil,tar1090-db import,,,,
33FD0C,CSX62330,,ALENIA C-27J Spartan,C27J,Mil,tar1090-db import,,,,
33FD0D,MM81574,,NHI NH-90,NH90,Mil,tar1090-db import,,,,
33FD0E,MM81617,,NHI NH-90,NH90,Mil,tar1090-db import,,,,
33FD10,MM81616,,NHI NH-90,NH90,Mil,tar1090-db import,,,,
33FD1B,MM82038,,AGUSTA AW-139,A139,Mil,tar1090-db import,,,,
33FD20,MM81571,,NHI NH-90,NH90,Mil,tar1090-db import,,,,
33FD21,MM82030,,AGUSTA AW-139,A139,Mil,tar1090-db import,,,,
33FD22,MM81615,,NHI NH-90,NH90,Mil,tar1090-db import,,,,
33FD24,MM82029,,AGUSTA AW-139,A139,Mil,tar1090-db import,,,,
33FD25,MM82028,,AGUSTA AW-139,A139,Mil,tar1090-db import,,,,
33FD27,MM55237,,AERMACCHI M-345,M345,Mil,tar1090-db import,,,,
33FD28,MM55260,,AERMACCHI M-345,M345,Mil,tar1090-db import,,,,
33FD29,MM55259,,AERMACCHI M-345,M345,Mil,tar1090-db import,,,,
33FD2A,MM55258,,AERMACCHI M-345,M345,Mil,tar1090-db import,,,,
33FD2B,MM55257,,AERMACCHI M-345,M345,Mil,tar1090-db import,,,,
33FD2C,MM55256,,AERMACCHI M-345,M345,Mil,tar1090-db import,,,,
33FD2D,MM55255,,AERMACCHI M-345,M345,Mil,tar1090-db import,,,,
33FD2E,MM55254,,AERMACCHI M-345,M345,Mil,tar1090-db import,,,,
33FD2F,MM55253,,AERMACCHI M-345,M345,Mil,tar1090-db import,,,,
33FD30,MM55252,,AERMACCHI M-345,M345,Mil,tar1090-db import,,,,
33FD31,MM55251,,AERMACCHI M-345,M345,Mil,tar1090-db import,,,,
33FD32,MM55250,,AERMACCHI M-345,M345,Mil,tar1090-db import,,,,
33FD33,CSX55249,,AERMACCHI M-345,M345,Mil,tar1090-db import,,,,
33FD35,MM81632,,NHI NH-90,NH90,Mil,tar1090-db import,,,,
33FD36,MM82026,,AGUSTA AW-139,A139,Mil,tar1090-db import,,,,
33FD37,MM82023,,AGUSTA AW-139,A139,Mil,tar1090-db import,,,,
33FD39,MM81569,,NHI NH-90,NH90,Mil,tar1090-db import,,,,
33FD3A,CSX62239,,ALENIA C-27J Spartan,C27J,Mil,tar1090-db import,,,,
33FD3B,MM81614,,NHI NH-90,NH90,Mil,tar1090-db import,,,,
33FD3C,MM82018,,AGUSTA AW-139,A139,Mil,tar1090-db import,,,,
33FD3D,MM82017,,AGUSTA AW-139,A139,Mil,tar1090-db import,,,,
33FD3E,MM55236,,AERMACCHI M-345,M345,Mil,tar1090-db import,,,,
33FD3F,MM82013,,AGUSTA AW-139,A139,Mil,tar1090-db import,,,,
33FD40,MM82011,,AGUSTA AW-139,A139,Mil,tar1090-db import,,,,
33FD41,MM81613,,NHI NH-90,NH90,Mil,tar1090-db import,,,,
33FD42,MM82007,,AGUSTA AW-139,A139,Mil,tar1090-db import,,,,
33FD43,MM82003,,AGUSTA AW-139,A139,Mil,tar1090-db import,,,,
33FD44,MM81631,,NHI NH-90,NH90,Mil,tar1090-db import,,,,
33FD49,MM81991,,AGUSTA AW-139,A139,Mil,tar1090-db import,,,,
33FD4A,MM81990,,AGUSTA AW-139,A139,Mil,tar1090-db import,,,,
33FD4B,MM81989,,AGUSTA AW-139,A139,Mil,tar1090-db import,,,,
33FD4C,MM81986,,AGUSTA AW-139,A139,Mil,tar1090-db import,,,,
33FD4D,MM81985,,AGUSTA AW-139,A139,Mil,tar1090-db import,,,,
33FD4F,MM81875,,AGUSTA WESTLAND EH-101 Merlin,EH10,Mil,tar1090-db import,,,,
33FD50,MM81567,,NHI NH-90,NH90,Mil,tar1090-db import,,,,
33FD51,MM7350,,EUROFIGHTER 2000,EUFI,Mil,tar1090-db import,,,,
33FD52,MM81612,,NHI NH-90,NH90,Mil,tar1090-db import,,,,
33FD55,MM81566,,NHI NH-90,NH90,Mil,tar1090-db import,,,,
33FD56,MM81630,,NHI NH-90,NH90,Mil,tar1090-db import,,,,
33FD59,MM81565,,NHI NH-90,NH90,Mil,tar1090-db import,,,,
33FD5B,MM81873,,AGUSTA WESTLAND EH-101 Merlin,EH10,Mil,tar1090-db import,,,,
33FD5F,MM62317,,BEECHCRAFT Super King Air 350,B350,Mil,tar1090-db import,,,,
33FD60,MM81564,,NHI NH-90,NH90,Mil,tar1090-db import,,,,
33FD61,MM81872,,AGUSTA WESTLAND EH-101 Merlin,EH10,Mil,tar1090-db import,,,,
33FD63,MM81968,,AGUSTA AW-139,A139,Mil,tar1090-db import,,,,
33FD64,MM81967,,AGUSTA AW-139,A139,Mil,tar1090-db import,,,,
33FD65,CSX55233,,AERMACCHI M-345,M345,Mil,tar1090-db import,,,,
33FD66,MM81629,,NHI NH-90,NH90,Mil,tar1090-db import,,,,
33FD68,MM81563,,NHI NH-90,NH90,Mil,tar1090-db import,,,,
33FD6F,MM81562,,NHI NH-90,NH90,Mil,tar1090-db import,,,,
33FD73,MM81609,,NHI NH-90,NH90,Mil,tar1090-db import,,,,
33FD74,MM81561,,NHI NH-90,NH90,Mil,tar1090-db import,,,,
33FD75,MM81870,,AGUSTA WESTLAND EH-101 Merlin,EH10,Mil,tar1090-db import,,,,
33FD77,MM81628,,NHI NH-90,NH90,Mil,tar1090-db import,,,,
33FD7E,MM81560,,NHI NH-90,NH90,Mil,tar1090-db import,,,,
33FD81,CPX624,,AERMACCHI M-345,M345,Mil,tar1090-db import,,,,
33FD82,MM81608,,NHI NH-90,NH90,Mil,tar1090-db import,,,,
33FD87,MM81559,,NHI NH-90,NH90,Mil,tar1090-db import,,,,
33FD8A,MM81558,,NHI NH-90,NH90,Mil,tar1090-db import,,,,
33FD98,MM81556,,NHI NH-90,NH90,Mil,tar1090-db import,,,,
33FDA0,MM81517,,NHI NH-90,NH90,Mil,tar1090-db import,,,,
33FDA8,MM62300,,BEECHCRAFT Super King Air 350,B350,Mil,tar1090-db import,,,,
33FDB4,MM81793,,BOEING-VERTOL CH-47 Chinook,H47,Mil,tar1090-db import,,,,
33FDB5,MM81792,,BOEING-VERTOL CH-47 Chinook,H47,Mil,tar1090-db import,,,,
33FDB6,MM81791,,BOEING-VERTOL CH-47 Chinook,H47,Mil,tar1090-db import,,,,
33FDB8,MM81789,,BOEING-VERTOL CH-47 Chinook,H47,Mil,tar1090-db import,,,,
33FDBC,MM81788,,BOEING-VERTOL CH-47 Chinook,H47,Mil,tar1090-db import,,,,
33FDBE,MM81867,,AGUSTA WESTLAND EH-101 Merlin,EH10,Mil,tar1090-db import,,,,
33FDC7,MM7066,,PANAVIA Tornado,TOR,Mil,tar1090-db import,,,,
33FDCE,MM81597,,NHI NH-90,NH90,Mil,tar1090-db import,,,,
33FDD2,MM81864,,AGUSTA WESTLAND EH-101 Merlin,EH10,Mil,tar1090-db import,,,,
33FDD3,MM81785,,BOEING-VERTOL CH-47 Chinook,H47,Mil,tar1090-db import,,,,
33FDD4,MM81784,,BOEING-VERTOL CH-47 Chinook,H47,Mil,tar1090-db import,,,,
33FDD5,MM81787,,BOEING-VERTOL CH-47 Chinook,H47,Mil,tar1090-db import,,,,
33FDD6,MM81866,,AGUSTA WESTLAND EH-101 Merlin,EH10,Mil,tar1090-db import,,,,
33FDD7,MM81596,,NHI NH-90,NH90,Mil,tar1090-db import,,,,
33FDD9,MM81594,,NHI NH-90,NH90,Mil,tar1090-db import,,,,
33FDE0,MM81782,,BOEING-VERTOL CH-47 Chinook,H47,Mil,tar1090-db import,,,,
33FDE1,MM81781,,BOEING-VERTOL CH-47 Chinook,H47,Mil,tar1090-db import,,,,
33FDE5,MM81549,,NHI NH-90,NH90,Mil,tar1090-db import,,,,
33FDE6,MM81548,,NHI NH-90,NH90,Mil,tar1090-db import,,,,
33FDE7,MM81547,,NHI NH-90,NH90,Mil,tar1090-db import,,,,
33FDE8,MM81546,,NHI NH-90,NH90,Mil,tar1090-db import,,,,
33FDEB,MM81591,,NHI NH-90,NH90,Mil,tar1090-db import,,,,
33FDED,MM81780,,BOEING-VERTOL CH-47 Chinook,H47,Mil,tar1090-db import,,,,
33FDEE,MM81589,,NHI NH-90,NH90,Mil,tar1090-db import,,,,
33FDF3,MM7338,,EUROFIGHTER 2000,EUFI,Mil,tar1090-db import,,,,
33FDF5,MM7314,,EUROFIGHTER 2000,EUFI,Mil,tar1090-db import,,,,
33FDFA,MM7352,,EUROFIGHTER 2000,EUFI,Mil,tar1090-db import,,,,
33FDFC,MM7345,,EUROFIGHTER 2000,EUFI,Mil,tar1090-db import,,,,
33FDFD,MM7059,,PANAVIA Tornado,TOR,Mil,tar1090-db import,,,,
33FDFE,MM7036,,PANAVIA Tornado,TOR,Mil,tar1090-db import,,,,
33FDFF,MM7068,,PANAVIA Tornado,TOR,Mil,tar1090-db import,,,,
33FE00,MM7051,,PANAVIA Tornado,TOR,Mil,tar1090-db import,,,,
33FE01,MM7055,,PANAVIA Tornado,TOR,Mil,tar1090-db import,,,,
33FE02,MM7019,,PANAVIA Tornado,TOR,Mil,tar1090-db import,,,,
33FE03,MM7062,,PANAVIA Tornado,TOR,Mil,tar1090-db import,,,,
33FE04,MM81779,,BOEING-VERTOL CH-47 Chinook,H47,Mil,tar1090-db import,,,,
33FE08,MM7053,,PANAVIA Tornado,TOR,Mil,tar1090-db import,,,,
33FE09,MM7054,,PANAVIA Tornado,TOR,Mil,tar1090-db import,,,,
33FE0C,MM81824,,AGUSTA AW-139,A139,Mil,tar1090-db import,,,,
33FE0D,MM81823,,AGUSTA AW-139,A139,Mil,tar1090-db import,,,,
33FE0E,MM81822,,AGUSTA AW-139,A139,Mil,tar1090-db import,,,,
33FE10,MM81807,,AGUSTA AW-139,A139,Mil,tar1090-db import,,,,
33FE11,MM81806,,AGUSTA AW-139,A139,Mil,tar1090-db import,,,,
33FE12,MM62158,,DORNIER 228,D228,Mil,tar1090-db import,,,,
33FE13,MM81545,,NHI NH-90,NH90,Mil,tar1090-db import,,,,
33FE15,MM81588,,NHI NH-90,NH90,Mil,tar1090-db import,,,,
33FE16,MM81587,,NHI NH-90,NH90,Mil,tar1090-db import,,,,
33FE17,MM81586,,NHI NH-90,NH90,Mil,tar1090-db import,,,,
33FE18,MM81585,,NHI NH-90,NH90,Mil,tar1090-db import,,,,
33FE19,MM81805,,AGUSTA AW-139,A139,Mil,tar1090-db import,,,,
33FE1A,MM81804,,AGUSTA AW-139,A139,Mil,tar1090-db import,,,,
33FE1B,MM81803,,AGUSTA AW-139,A139,Mil,tar1090-db import,,,,
33FE1D,MM81584,,NHI NH-90,NH90,Mil,tar1090-db import,,,,
33FE1F,MM81801,,AGUSTA AW-139,A139,Mil,tar1090-db import,,,,
33FE20,MM7020,,PANAVIA Tornado,TOR,Mil,tar1090-db import,,,,
33FE21,MM81800,,AGUSTA AW-139,A139,Mil,tar1090-db import,,,,
33FE22,MM81799,,AGUSTA AW-139,A139,Mil,tar1090-db import,,,,
33FE24,MM81797,,AGUSTA AW-139,A139,Mil,tar1090-db import,,,,
33FE25,MM81796,,AGUSTA AW-139,A139,Mil,tar1090-db import,,,,
33FE26,MM81541,,NHI NH-90,NH90,Mil,tar1090-db import,,,,
33FE2B,MM7082,,PANAVIA Tornado,TOR,Mil,tar1090-db import,,,,
33FE2E,MM7021,,PANAVIA Tornado,TOR,Mil,tar1090-db import,,,,
33FE2F,MM7047,,PANAVIA Tornado,TOR,Mil,tar1090-db import,,,,
33FE30,MM7070,,PANAVIA Tornado,TOR,Mil,tar1090-db import,,,,
33FE32,MM7052,,PANAVIA Tornado,TOR,Mil,tar1090-db import,,,,
33FE36,MM81583,,NHI NH-90,NH90,Mil,tar1090-db import,,,,
33FE37,MM81812,,AGUSTA AW-139,A139,Mil,tar1090-db import,,,,
33FE38,MM81811,,AGUSTA AW-139,A139,Mil,tar1090-db import,,,,
33FE6F,MM81544,,NHI NH-90,NH90,Mil,tar1090-db import,,,,
33FE70,MM81543,,NHI NH-90,NH90,Mil,tar1090-db import,,,,
33FE71,MM81542,,NHI NH-90,NH90,Mil,tar1090-db import,,,,
33FE72,MM81540,,NHI NH-90,NH90,Mil,tar1090-db import,,,,
33FE73,MM81539,,NHI NH-90,NH90,Mil,tar1090-db import,,,,
33FE74,MM81538,,NHI NH-90,NH90,Mil,tar1090-db import,,,,
33FE78,MM81582,,NHI NH-90,NH90,Mil,tar1090-db import,,,,
33FE94,MM81536,,NHI NH-90,NH90,Mil,tar1090-db import,,,,
33FE95,MM81535,,NHI NH-90,NH90,Mil,tar1090-db import,,,,
33FE97,MM81533,,NHI NH-90,NH90,Mil,tar1090-db import,,,,
33FE99,MM81531,,NHI NH-90,NH90,Mil,tar1090-db import,,,,
33FEA3,MM81685,,AGUSTA AW-109 Grand,A109,Mil,tar1090-db import,,,,
33FEA9,MM81580,,NHI NH-90,NH90,Mil,tar1090-db import,,,,
33FEAB,MM81578,,NHI NH-90,NH90,Mil,tar1090-db import,,,,
33FEBC,MM81714,,AGUSTA AW-139,A139,Mil,tar1090-db import,,,,
33FEC4,MM81683,,AGUSTA AW-109 Grand,A109,Mil,tar1090-db import,,,,
33FEC6,MM81671,,AGUSTA AW-109 Grand,A109,Mil,tar1090-db import,,,,
33FEC7,MM81677,,AGUSTA AW-109 Grand,A109,Mil,tar1090-db import,,,,
33FECE,MM81674,,AGUSTA AW-109 Grand,A109,Mil,tar1090-db import,,,,
33FED2,MM81528,,NHI NH-90,NH90,Mil,tar1090-db import,,,,
33FEF5,MM81592,,NHI NH-90,NH90,Mil,tar1090-db import,,,,
33FF11,MM55076,,AERMACCHI MB-339,M339,Mil,tar1090-db import,,,,
33FF13,MM55074,,AERMACCHI MB-339,M339,Mil,tar1090-db import,,,,
33FF14,MM55073,,AERMACCHI MB-339,M339,Mil,tar1090-db import,,,,
33FF15,MM55072,,AERMACCHI MB-339,M339,Mil,tar1090-db import,,,,
33FF16,MM55070,,AERMACCHI MB-339,M339,Mil,tar1090-db import,,,,
33FF17,MM55069,,AERMACCHI MB-339,M339,Mil,tar1090-db import,,,,
33FF18,MM55068,,AERMACCHI MB-339,M339,Mil,tar1090-db import,,,,
33FF1A,MM55066,,AERMACCHI MB-339,M339,Mil,tar1090-db import,,,,
33FF1B,MM55065,,AERMACCHI MB-339,M339,Mil,tar1090-db import,,,,
33FF1C,MM55064,,AERMACCHI MB-339,M339,Mil,tar1090-db import,,,,
33FF1E,MM55062,,AERMACCHI MB-339,M339,Mil,tar1090-db import,,,,
33FF47,MM81478,,BELL 412,B412,Mil,tar1090-db import,,,,
33FF49,MM881472,,BELL 412,B412,Mil,tar1090-db import,,,,
33FF4B,MM81464,,BELL 412,B412,Mil,tar1090-db import,,,,
33FF4D,MM81462,,BELL 412,B412,Mil,tar1090-db import,,,,
33FF4F,MM81450,,BELL 412,B412,Mil,tar1090-db import,,,,
33FFB2,MM62225,,ALENIA C-27J Spartan,C27J,Mil,tar1090-db import,,,,
33FFB3,MM62224,,ALENIA C-27J Spartan,C27J,Mil,tar1090-db import,,,,
33FFB5,MM62222,,ALENIA C-27J Spartan,C27J,Mil,tar1090-db import,,,,
33FFB6,MM62221,,ALENIA C-27J Spartan,C27J,Mil,tar1090-db import,,,,
33FFB7,MM62220,,ALENIA C-27J Spartan,C27J,Mil,tar1090-db import,,,,
33FFB8,MM62219,,ALENIA C-27J Spartan,C27J,Mil,tar1090-db import,,,,
33FFBD,MM62217,,ALENIA C-27J Spartan,C27J,Mil,tar1090-db import,,,,
33FFBE,MM62215,,ALENIA C-27J Spartan,C27J,Mil,tar1090-db import,,,,
33FFBF,MM62214,,ALENIA C-27J Spartan,C27J,Mil,tar1090-db import,,,,
33FFC2,MM55091,,AERMACCHI MB-339,M339,Mil,tar1090-db import,,,,
33FFC3,MM55090,,AERMACCHI MB-339,M339,Mil,tar1090-db import,,,,
33FFC4,MM55089,,AERMACCHI MB-339,M339,Mil,tar1090-db import,,,,
33FFC5,MM55088,,AERMACCHI MB-339,M339,Mil,tar1090-db import,,,,
33FFC6,MM55087,,AERMACCHI MB-339,M339,Mil,tar1090-db import,,,,
33FFC7,MM55086,,AERMACCHI MB-339,M339,Mil,tar1090-db import,,,,
33FFC9,MM55084,,AERMACCHI MB-339,M339,Mil,tar1090-db import,,,,
33FFCB,MM55082,,AERMACCHI MB-339,M339,Mil,tar1090-db import,,,,
33FFCC,MM55081,,AERMACCHI MB-339,M339,Mil,tar1090-db import,,,,
33FFCD,MM55080,,AERMACCHI MB-339,M339,Mil,tar1090-db import,,,,
33FFCE,MM55079,,AERMACCHI MB-339,M339,Mil,tar1090-db import,,,,
33FFCF,MM55078,,AERMACCHI MB-339,M339,Mil,tar1090-db import,,,,
33FFD0,MM55077,,AERMACCHI MB-339,M339,Mil,tar1090-db import,,,,
33FFDB,CSX62127,,ALENIA C-27J Spartan,C27J,Mil,tar1090-db import,,,,
33FFDC,06 BLUE,,ALENIA C-27J Spartan,C27J,Mil,tar1090-db import,,,,
33FFE0,MM62196,,LOCKHEED C-130 Hercules,C130,Mil,tar1090-db import,,,,
33FFE2,MM62194,,LOCKHEED C-130 Hercules,C130,Mil,tar1090-db import,,,,
33FFE4,MM62192,,Lockheed Martin C-130J-30 Hercules,C30J,Mil,tar1090-db import,,,,
33FFE6,MM62190,,LOCKHEED MARTIN C-130J Super Hercules,C30J,Mil,tar1090-db import,,,,
33FFE7,MM62189,,LOCKHEED C-130 Hercules,C130,Mil,tar1090-db import,,,,
33FFE8,MM62188,,LOCKHEED C-130 Hercules,C130,Mil,tar1090-db import,,,,
33FFE9,MM62187,,Lockheed Martin C-130J-30 Hercules,C30J,Mil,tar1090-db import,,,,
33FFEA,MM62186,,LOCKHEED C-130 Hercules,C130,Mil,tar1090-db import,,,,
33FFEB,MM62185,,Lockheed Martin C-130J Hercules,C30J,Mil,tar1090-db import,,,,
33FFEC,MM62184,,LOCKHEED MARTIN C-130J Super Hercules,C30J,Mil,tar1090-db import,,,,
33FFED,MM62183,,LOCKHEED C-130 Hercules,C130,Mil,tar1090-db import,,,,
33FFEE,MM62182,,Lockheed Martin C-130J Hercules,C30J,Mil,tar1090-db import,,,,
33FFF8,MM55085,,AERMACCHI MB-339,M339,Mil,tar1090-db import,,,,
341391,T.18-2,,DASSAULT Falcon 900,F900,Mil,tar1090-db import,,,,
341517,T.21-01,,CASA C-295 Persuader,C295,Mil,tar1090-db import,,,,
341589,T.21-04,,CASA C-295 Persuader,C295,Mil,tar1090-db import,,,,
341654,HU.26-01,,EC35,EC35,Mil,tar1090-db import,,,,
342199,T.21-09,,CASA C-295 Persuader,C295,Mil,tar1090-db import,,,,
342453,EC-296,,CASA C-295 Persuader,C295,Mil,tar1090-db import,,,,
342455,2800,,CASA C-295 Persuader,C295,Mil,tar1090-db import,,,,
342457,2802,,CASA C-295 Persuader,C295,Mil,tar1090-db import,,,,
342599,HU.26-06,,AIRBUS HELICOPTERS EC-135/635,EC35,Mil,tar1090-db import,,,,
3425D6,U.21-01,,CESSNA 650 Citation,C650,Mil,tar1090-db import,,,,
342615,2806,,CASA C-295 Persuader,C295,Mil,tar1090-db import,,,,
342616,2807,,CASA C-295 Persuader,C295,Mil,tar1090-db import,,,,
34264F,T.21-11,,CASA C-295 Persuader,C295,Mil,tar1090-db import,,,,
342694,D.4-05,,CASA CN-235 Persuader,CN35,Mil,tar1090-db import,,,,
342695,D.4-04,,CASA CN-235 Persuader,CN35,Mil,tar1090-db import,,,,
342697,D.4-03,,CASA CN-235 Persuader,CN35,Mil,tar1090-db import,,,,
343083,T.10-03,,LOCKHEED C-130 Hercules,C130,Mil,tar1090-db import,,,,
343085,TK.10-05,,LOCKHEED C-130 Hercules,C130,Mil,tar1090-db import,,,,
343086,TK.10-06,,LOCKHEED C-130 Hercules,C130,Mil,tar1090-db import,,,,
343087,TK.10-07,,LOCKHEED C-130 Hercules,C130,Mil,tar1090-db import,,,,
34308B,TK.10-11,,LOCKHEED C-130 Hercules,C130,Mil,tar1090-db import,,,,
34308D,TL.10-01,,LOCKHEED C-130 Hercules,C130,Mil,tar1090-db import,,,,
3430D8,T.21-13,,CASA C-295 Persuader,C295,Mil,tar1090-db import,,,,
343113,HU.26-13,,AIRBUS HELICOPTERS EC-135/635,EC35,Mil,tar1090-db import,,,,
343284,16704,,CASA C-295 Persuader,C295,Mil,tar1090-db import,,,,
3432CD,T.19B-21,,CASA CN-235 Persuader,CN35,Mil,tar1090-db import,,,,
3432CE,T.19B-22,,CASA CN-235 Persuader,CN35,Mil,tar1090-db import,,,,
34338A,T.19A-01,,CASA CN-235 Persuader,CN35,Mil,tar1090-db import,,,,
34338F,2810,,CASA C-295 Persuader,C295,Mil,tar1090-db import,,,,
343392,2811,,CASA C-295 Persuader,C295,Mil,tar1090-db import,,,,
3434D6,16709,,CASA C-295 Persuader,C295,Mil,tar1090-db import,,,,
3435CC,HU.26-02,,AIRBUS HELICOPTERS EC-135/635,EC35,Mil,tar1090-db import,,,,
3435CD,HU.26-16,,AIRBUS HELICOPTERS EC-135/635,EC35,Mil,tar1090-db import,,,,
3442C4,HU.26-19,,AIRBUS HELICOPTERS EC-135/635,EC35,Mil,tar1090-db import,,,,
345305,EC-337,,AIRBUS A-330-200,A332,Mil,tar1090-db import,,,,
34738A,HU.26-28A,,AIRBUS HELICOPTERS EC-135/635,EC35,Mil,tar1090-db import,,,,
34738B,HU.26-40A,,AIRBUS HELICOPTERS EC-135/635,EC35,Mil,tar1090-db import,,,,
34738C,HU.26-29A,,AIRBUS HELICOPTERS EC-135/635,EC35,Mil,tar1090-db import,,,,
34738D,HE.26-41A,,AIRBUS HELICOPTERS EC-135/635,EC35,Mil,tar1090-db import,,,,
34738E,HE.26-42A,,AIRBUS HELICOPTERS EC-135/635,EC35,Mil,tar1090-db import,,,,
34738F,HU.26-30A,,AIRBUS HELICOPTERS EC-135/635,EC35,Mil,tar1090-db import,,,,
347414,HU.26-31A,,AIRBUS HELICOPTERS EC-135/635,EC35,Mil,tar1090-db import,,,,
347415,HE.26-44A,,AIRBUS HELICOPTERS EC-135/635,EC35,Mil,tar1090-db import,,,,
347416,HE.26-32A,,AIRBUS HELICOPTERS EC-135/635,EC35,Mil,tar1090-db import,,,,
3474D2,HE.26-33A,,AIRBUS HELICOPTERS EC-135/635,EC35,Mil,tar1090-db import,,,,
3474D3,HE.26-34A,,AIRBUS HELICOPTERS EC-135/635,EC35,Mil,tar1090-db import,,,,
3474D4,HE.26-35A,,AIRBUS HELICOPTERS EC-135/635,EC35,Mil,tar1090-db import,,,,
3474D5,HU.26-36A,,AIRBUS HELICOPTERS EC-135/635,EC35,Mil,tar1090-db import,,,,
3474D7,HU.26-37A,,AIRBUS HELICOPTERS EC-135/635,EC35,Mil,tar1090-db import,,,,
3474D8,HE.26-38A,,AIRBUS HELICOPTERS EC-135/635,EC35,Mil,tar1090-db import,,,,
348088,HE.26-33A,,EC35,EC35,Mil,tar1090-db import,,,,
348089,HE.26-35A,,EC35,EC35,Mil,tar1090-db import,,,,
353055,12-73,,BOEING FA-18 HORNET,F18H,Mil,tar1090-db import,,,,
353056,12-14,,BOEING FA-18 HORNET,F18H,Mil,tar1090-db import,,,,
353344,TR.20-03,,CESSNA 560 Citation Ultra,C560,Mil,tar1090-db import,,,,
3533C3,HT.21A-03,,AS32,AS32,Mil,tar1090-db import,,,,
353448,HT.23-13,,H60,H60,Mil,tar1090-db import,,,,
353541,D.4-07,,CASA CN-235 Persuader,CN35,Mil,tar1090-db import,,,,
353601,T.21-02,,CASA C-295 Persuader,C295,Mil,tar1090-db import,,,,
353602,T.21-03,,C295,C295,Mil,tar1090-db import,,,,
353604,T.21-05,,C295,C295,Mil,tar1090-db import,,,,
353605,T.21-06,,C295,C295,Mil,tar1090-db import,,,,
353606,T.21-07,,CASA C-295 Persuader,C295,Mil,tar1090-db import,,,,
353607,T.21-08,,CASA C-295 Persuader,C295,Mil,tar1090-db import,,,,
353608,T.21-09,,C295,C295,Mil,tar1090-db import,,,,
35360A,T.21-12,,C295,C295,Mil,tar1090-db import,,,,
35360B,T.21-13,,C295,C295,Mil,tar1090-db import,,,,
3543C2,HD.21-17,,AEROSPATIALE AS-332 Super Puma,AS32,Mil,tar1090-db import,,,,
3543C3,HD.21-18,,AEROSPATIALE AS-332 Super Puma,AS32,Mil,tar1090-db import,,,,
3543C5,HD.21-16,,AEROSPATIALE AS-332 Super Puma,AS32,Mil,tar1090-db import,,,,
3544CC,170816,,H60,H60,Mil,tar1090-db import,,,,
35464B,TX.21-14,,CASA C-295 Persuader,C295,Mil,tar1090-db import,,,,
355290,CE.16-10,,EUROFIGHTER 2000,EUFI,Mil,tar1090-db import,,,,
355315,TR.20-02,,CESSNA 560 Citation Ultra,C560,Mil,tar1090-db import,,,,
355316,TR.20-01,,CESSNA 560 Citation Ultra,C560,Mil,tar1090-db import,,,,
356342,T.24-02,,AIRBUS A-330-200,A332,Mil,tar1090-db import,,,,
356343,TK.24-03,,AIRBUS A-330-200,A332,Mil,tar1090-db import,,,,
356442,D.06-01,,CASA C-295 Persuader,C295,Mil,tar1090-db import,,,,
356595,C.16-20,,EUROFIGHTER 2000,EUFI,Mil,tar1090-db import,,,,
356607,HT.29-43,,NH90,NH90,Mil,tar1090-db import,,,,
3571C1,E.27-01,,PILATUS PC-21,PC21,Mil,tar1090-db import,,,,
3571C2,E.27-02,,PILATUS PC-21,PC21,Mil,tar1090-db import,,,,
3571C3,E.27-03,,PILATUS PC-21,PC21,Mil,tar1090-db import,,,,
3571C4,E.27-04,,PILATUS PC-21,PC21,Mil,tar1090-db import,,,,
3571C5,E.27-05,,PILATUS PC-21,PC21,Mil,tar1090-db import,,,,
3571C6,E.27-06,,PILATUS PC-21,PC21,Mil,tar1090-db import,,,,
3571C7,E.27-07,,PILATUS PC-21,PC21,Mil,tar1090-db import,,,,
3571C8,E.27-08,,PILATUS PC-21,PC21,Mil,tar1090-db import,,,,
3571C9,E.27-09,,PILATUS PC-21,PC21,Mil,tar1090-db import,,,,
3571CA,E.27-10,,PILATUS PC-21,PC21,Mil,tar1090-db import,,,,
3571CB,E.27-11,,PILATUS PC-21,PC21,Mil,tar1090-db import,,,,
3571CC,E.27-12,,PILATUS PC-21,PC21,Mil,tar1090-db import,,,,
3571CD,E.27-13,,PILATUS PC-21,PC21,Mil,tar1090-db import,,,,
3571CE,E.27-14,,PILATUS PC-21,PC21,Mil,tar1090-db import,,,,
3571CF,E.27-15,,PILATUS PC-21,PC21,Mil,tar1090-db import,,,,
3571D0,E.27-16,,PILATUS PC-21,PC21,Mil,tar1090-db import,,,,
3571D1,E.27-17,,PILATUS PC-21,PC21,Mil,tar1090-db import,,,,
3571D2,E.27-18,,PILATUS PC-21,PC21,Mil,tar1090-db import,,,,
3571D3,E.27-19,,PILATUS PC-21,PC21,Mil,tar1090-db import,,,,
3571D4,E.27-20,,PILATUS PC-21,PC21,Mil,tar1090-db import,,,,
3571D5,E.27-21,,PILATUS PC-21,PC21,Mil,tar1090-db import,,,,
3571D6,E.27-22,,PILATUS PC-21,PC21,Mil,tar1090-db import,,,,
3571D7,E.27-23,,PILATUS PC-21,PC21,Mil,tar1090-db import,,,,
3571D8,E.27-24,,PILATUS PC-21,PC21,Mil,tar1090-db import,,,,
359181,HE.26-04,,AIRBUS HELICOPTERS EC-135/635,EC35,Mil,tar1090-db import,,,,
359182,HE.26-04,,EC35,EC35,Mil,tar1090-db import,,,,
359183,HE.26-04,,EC35,EC35,Mil,tar1090-db import,,,,
359185,HE.26-05,,EC35,EC35,Mil,tar1090-db import,,,,
359186,HE.26-05,,EC35,EC35,Mil,tar1090-db import,,,,
359189,HE.26-05,,EC35,EC35,Mil,tar1090-db import,,,,
35918A,HE.26-05,,EC35,EC35,Mil,tar1090-db import,,,,
35918B,HE.26-05,,EC35,EC35,Mil,tar1090-db import,,,,
35918C,HE.26-05,,EC35,EC35,Mil,tar1090-db import,,,,
35918D,HE.26-05,,EC35,EC35,Mil,tar1090-db import,,,,
35918E,HE.26-05,,EC35,EC35,Mil,tar1090-db import,,,,
359191,HU.26-07,,EC35,EC35,Mil,tar1090-db import,,,,
359194,HU.26-07,,AIRBUS HELICOPTERS EC-135/635,EC35,Mil,tar1090-db import,,,,
359199,HU.26-10,,EC35,EC35,Mil,tar1090-db import,,,,
35919A,HU.26-10,,EC35,EC35,Mil,tar1090-db import,,,,
3591C1,HU.26-10,,EC35,EC35,Mil,tar1090-db import,,,,
3591C6,HU.26-10,,AIRBUS HELICOPTERS EC-135/635,EC35,Mil,tar1090-db import,,,,
3591C9,HU.26-11,,EC35,EC35,Mil,tar1090-db import,,,,
3591CA,HU.26-11,,EC35,EC35,Mil,tar1090-db import,,,,
3591D0,HU.26-11,,AIRBUS HELICOPTERS EC-135/635,EC35,Mil,tar1090-db import,,,,
3591D3,HU.26-12,,EC35,EC35,Mil,tar1090-db import,,,,
3591D5,HU.26-12,,EC35,EC35,Mil,tar1090-db import,,,,
359204,HT.27-19,,AEROSPATIALE AS-332 Super Puma,AS32,Mil,tar1090-db import,,,,
35920F,HT.27-19,,AS32,AS32,Mil,tar1090-db import,,,,
3592D8,HA.28-07,,AIRBUS HELICOPTERS EC-665 Tiger,TIGR,Mil,tar1090-db import,,,,
3593C6,HE.26-20,,EC35,EC35,Mil,tar1090-db import,,,,
3593C8,HE.26-20,,AIRBUS HELICOPTERS EC-135/635,EC35,Mil,tar1090-db import,,,,
3593C9,HE.26-20,,EC35,EC35,Mil,tar1090-db import,,,,
3593CA,HE.26-20,,EC35,EC35,Mil,tar1090-db import,,,,
3593CB,HE.26-22,,AIRBUS HELICOPTERS EC-135/635,EC35,Mil,tar1090-db import,,,,
3593CE,HE.26-22,,EC35,EC35,Mil,tar1090-db import,,,,
3593D0,HE.26-23,,EC35,EC35,Mil,tar1090-db import,,,,
3593D3,HE.26-23,,EC35,EC35,Mil,tar1090-db import,,,,
3593D4,HE.26-23,,EC35,EC35,Mil,tar1090-db import,,,,
3593D5,HE.26-24,,EC35,EC35,Mil,tar1090-db import,,,,
3593D7,HE.26-24,,EC35,EC35,Mil,tar1090-db import,,,,
3593D9,HE.26-24,,EC35,EC35,Mil,tar1090-db import,,,,
3593DA,HE.26-21,,EC35,EC35,Mil,tar1090-db import,,,,
359403,HE.26-21,,EC35,EC35,Mil,tar1090-db import,,,,
359404,HE.26-21,,EC35,EC35,Mil,tar1090-db import,,,,
359405,HE.26-25,,AIRBUS HELICOPTERS EC-135/635,EC35,Mil,tar1090-db import,,,,
35940A,HE.26-26,,EC35,EC35,Mil,tar1090-db import,,,,
35940E,HE.26-26,,EC35,EC35,Mil,tar1090-db import,,,,
35940F,HE.26-27,,EC35,EC35,Mil,tar1090-db import,,,,
359413,HE.26-27,,EC35,EC35,Mil,tar1090-db import,,,,
359449,HA.28-18,,TIGR,TIGR,Mil,tar1090-db import,,,,
359459,HA.28-21,,AIRBUS HELICOPTERS EC-665 Tiger,TIGR,Mil,tar1090-db import,,,,
359514,HT.17-20A,,BOEING-VERTOL CH-47 Chinook,H47,Mil,tar1090-db import,,,,
359516,HT.17-22A,,BOEING-VERTOL CH-47 Chinook,H47,Mil,tar1090-db import,,,,
359517,HT.17-23A,,BOEING-VERTOL CH-47 Chinook,H47,Mil,tar1090-db import,,,,
359641,E.27-25,,PILATUS PC-21,PC21,Mil,tar1090-db import,,,,
359642,E.27-26,,PILATUS PC-21,PC21,Mil,tar1090-db import,,,,
359643,E.27-27,,PILATUS PC-21,PC21,Mil,tar1090-db import,,,,
359644,E.27-28,,PC21,PC21,Mil,tar1090-db import,,,,
359645,E.27-29,,PC21,PC21,Mil,tar1090-db import,,,,
359646,E.27-30,,PC21,PC21,Mil,tar1090-db import,,,,
359647,E.27-31,,PC21,PC21,Mil,tar1090-db import,,,,
359648,E.27-32,,PC21,PC21,Mil,tar1090-db import,,,,
359649,E.27-33,,PC21,PC21,Mil,tar1090-db import,,,,
35964A,E.27-34,,PC21,PC21,Mil,tar1090-db import,,,,
35964B,HE.26-03,,AIRBUS HELICOPTERS EC-135/635,EC35,Mil,tar1090-db import,,,,
35964C,E.27-36,,PC21,PC21,Mil,tar1090-db import,,,,
35964D,E.27-37,,PC21,PC21,Mil,tar1090-db import,,,,
35964E,E.27-38,,PC21,PC21,Mil,tar1090-db import,,,,
35964F,HE.26-03,,AIRBUS HELICOPTERS EC-135/635,EC35,Mil,tar1090-db import,,,,
359650,E.27-40,,PC21,PC21,Mil,tar1090-db import,,,,
38203B,MM62251,,ATR-42-500,AT45,Mil,tar1090-db import,,,,
39A407,F-HJAH,,PILATUS PC-24,PC24,Mil,tar1090-db import,,,,
39A408,F-HJAI,,PILATUS PC-24,PC24,Mil,tar1090-db import,,,,
39A847,F-HKCH,,CIRRUS SR-20,SR20,Mil,tar1090-db import,,,,
39A84D,F-HKCN,,CIRRUS SR-20,SR20,Mil,tar1090-db import,,,,
39A84F,F-HKCP,,CIRRUS SR-20,SR20,Mil,tar1090-db import,,,,
39A855,F-HKCV,,CIRRUS SR-20,SR20,Mil,tar1090-db import,,,,
39A857,F-HKCX,,CIRRUS SR-20,SR20,Mil,tar1090-db import,,,,
3AAA98,F-MABY,,SOCATA TBM-700A/B/C,TBM7,Mil,tar1090-db import,,,,
3AAAA2,F-MECM,,NHI NH-90,NH90,Mil,tar1090-db import,,,,
3AAAA3,F-MECL,,NHI NH-90,NH90,Mil,tar1090-db import,,,,
3AAAA4,F-MECK,,NHI NH-90,NH90,Mil,tar1090-db import,,,,
3AAAA5,F-MECJ,,NHI NH-90,NH90,Mil,tar1090-db import,,,,
3AAAA6,F-MECI,,NHI NH-90,NH90,Mil,tar1090-db import,,,,
3AAAA7,F-MECH,,NHI NH-90,NH90,Mil,tar1090-db import,,,,
3AAAA8,F-MECG,,NHI NH-90,NH90,Mil,tar1090-db import,,,,
3AAAA9,F-MECF,,NHI NH-90,NH90,Mil,tar1090-db import,,,,
3AAAAA,F-MECE,,NHI NH-90,NH90,Mil,tar1090-db import,,,,
3AAAAB,F-MECD,,NHI NH-90,NH90,Mil,tar1090-db import,,,,
3AAAAC,F-MECC,,NHI NH-90,NH90,Mil,tar1090-db import,,,,
3AAAAD,F-MECB,,NHI NH-90,NH90,Mil,tar1090-db import,,,,
3AAAAE,F-MECA,,NHI NH-90,NH90,Mil,tar1090-db import,,,,
3AAAAF,F-MEBZ,,NHI NH-90,NH90,Mil,tar1090-db import,,,,
3AAAB0,F-MEBY,,NHI NH-90,NH90,Mil,tar1090-db import,,,,
3AAAB2,F-MEBW,,NHI NH-90,NH90,Mil,tar1090-db import,,,,
3AAAB3,F-MEBV,,NHI NH-90,NH90,Mil,tar1090-db import,,,,
3AAAB4,F-MEBU,,NHI NH-90,NH90,Mil,tar1090-db import,,,,
3AAAB5,F-MEBT,,NHI NH-90,NH90,Mil,tar1090-db import,,,,
3AAAB6,F-MEBS,,NH90,NH90,Mil,tar1090-db import,,,,
3AAAB8,F-MEBQ,,NHI NH-90,NH90,Mil,tar1090-db import,,,,
3AAAB9,F-MEBP,,NHI NH-90,NH90,Mil,tar1090-db import,,,,
3AAABA,F-MEBO,,NHI NH-90,NH90,Mil,tar1090-db import,,,,
3AAABB,F-MEBN,,NH90,NH90,Mil,tar1090-db import,,,,
3AAABC,F-MEBM,,NHI NH-90,NH90,Mil,tar1090-db import,,,,
3AAABD,F-MEBL,,NHI NH-90,NH90,Mil,tar1090-db import,,,,
3AAABE,F-MEBK,,NHI NH-90,NH90,Mil,tar1090-db import,,,,
3AAABF,F-MEBJ,,NHI NH-90,NH90,Mil,tar1090-db import,,,,
3AAAC0,F-MEBI,,NHI NH-90,NH90,Mil,tar1090-db import,,,,
3AAAC2,F-MEBG,,NHI NH-90,NH90,Mil,tar1090-db import,,,,
3AAAC3,F-MEBF,,NHI NH-90,NH90,Mil,tar1090-db import,,,,
3AAAC4,F-MEBE,,NHI NH-90,NH90,Mil,tar1090-db import,,,,
3AAAC5,F-MEBD,,NHI NH-90,NH90,Mil,tar1090-db import,,,,
3AAAC7,F-MEBB,,NHI NH-90,NH90,Mil,tar1090-db import,,,,
3AAAC8,F-MEBA,,NHI NH-90,NH90,Mil,tar1090-db import,,,,
3AAAC9,F-MEAZ,,NHI NH-90,NH90,Mil,tar1090-db import,,,,
3AAACC,F-MEAW,,NHI NH-90,NH90,Mil,tar1090-db import,,,,
3AAACD,F-MEAV,,NHI NH-90,NH90,Mil,tar1090-db import,,,,
3AAACF,F-MEAT,,NHI NH-90,NH90,Mil,tar1090-db import,,,,
3AAAD1,F-MEAR,,NHI NH-90,NH90,Mil,tar1090-db import,,,,
3AAAD2,F-MEAQ,,NHI NH-90,NH90,Mil,tar1090-db import,,,,
3AAAD3,F-MEAP,,NHI NH-90,NH90,Mil,tar1090-db import,,,,
3AAAD4,F-MEAO,,NHI NH-90,NH90,Mil,tar1090-db import,,,,
3AAAD5,F-MEAN,,NHI NH-90,NH90,Mil,tar1090-db import,,,,
3AAAD7,F-MEAL,,NHI NH-90,NH90,Mil,tar1090-db import,,,,
3AAAD8,F-MEAK,,NHI NH-90,NH90,Mil,tar1090-db import,,,,
3AAADA,F-MCHB,,AEROSPATIALE AS-332 Super Puma,AS32,Mil,tar1090-db import,,,,
3AAADB,F-MCHA,,AS32,AS32,Mil,tar1090-db import,,,,
3AAADC,F-MCGX,,AS32,AS32,Mil,tar1090-db import,,,,
3AAADD,2443,,AS32,AS32,Mil,tar1090-db import,,,,
3AAAE1,F-MCGS,,AEROSPATIALE AS-332 Super Puma,AS32,Mil,tar1090-db import,,,,
3AAAE3,F-MCGQ,,AEROSPATIALE AS-332 Super Puma,AS32,Mil,tar1090-db import,,,,
3AAAE6,F-MCGM,,AEROSPATIALE AS-332 Super Puma,AS32,Mil,tar1090-db import,,,,
3AAAEA,F-MCGI,,AEROSPATIALE AS-332 Super Puma,AS32,Mil,tar1090-db import,,,,
3AAAEB,F-MCGH,,AEROSPATIALE AS-332 Super Puma,AS32,Mil,tar1090-db import,,,,
3AAAEC,F-MCGG,,AEROSPATIALE AS-332 Super Puma,AS32,Mil,tar1090-db import,,,,
3AAAED,F-MCGF,,AEROSPATIALE AS-332 Super Puma,AS32,Mil,tar1090-db import,,,,
3AAAEE,F-MCGD,,AS32,AS32,Mil,tar1090-db import,,,,
3AAAEF,F-MCGD,,AEROSPATIALE AS-332 Super Puma,AS32,Mil,tar1090-db import,,,,
3AAAF0,F-MCGC,,AEROSPATIALE AS-332 Super Puma,AS32,Mil,tar1090-db import,,,,
3AAAF1,F-MCGB,,AEROSPATIALE AS-332 Super Puma,AS32,Mil,tar1090-db import,,,,
3AAAF4,F-MGFA,,AEROSPATIALE SA-341 Gazelle,GAZL,Mil,tar1090-db import,,,,
3AAAF5,F-MGEZ,,AEROSPATIALE SA-341 Gazelle,GAZL,Mil,tar1090-db import,,,,
3AAAF6,F-MGEX,,AEROSPATIALE SA-341 Gazelle,GAZL,Mil,tar1090-db import,,,,
3AAAF7,F-MGEW,,AEROSPATIALE SA-341 Gazelle,GAZL,Mil,tar1090-db import,,,,
3AAAF9,F-MGEU,,AEROSPATIALE SA-341 Gazelle,GAZL,Mil,tar1090-db import,,,,
3AAAFA,F-MGET,,AEROSPATIALE SA-341 Gazelle,GAZL,Mil,tar1090-db import,,,,
3AAAFB,F-MGES,,AEROSPATIALE SA-341 Gazelle,GAZL,Mil,tar1090-db import,,,,
3AAAFC,F-MGER,,AEROSPATIALE SA-341 Gazelle,GAZL,Mil,tar1090-db import,,,,
3AAAFD,F-MGEQ,,AEROSPATIALE SA-341 Gazelle,GAZL,Mil,tar1090-db import,,,,
3AAAFF,F-MGEO,,AEROSPATIALE SA-341 Gazelle,GAZL,Mil,tar1090-db import,,,,
3AAB00,F-MGEN,,AEROSPATIALE SA-341 Gazelle,GAZL,Mil,tar1090-db import,,,,
3AAB01,F-MGEM,,AEROSPATIALE SA-341 Gazelle,GAZL,Mil,tar1090-db import,,,,
3AAB02,F-MGEL,,AEROSPATIALE SA-341 Gazelle,GAZL,Mil,tar1090-db import,,,,
3AAB03,F-MGEK,,AEROSPATIALE SA-341 Gazelle,GAZL,Mil,tar1090-db import,,,,
3AAB04,F-MGEJ,,AEROSPATIALE SA-341 Gazelle,GAZL,Mil,tar1090-db import,,,,
3AAB05,F-MAYO,,AEROSPATIALE AS-355 Ecureuil 2,AS55,Mil,tar1090-db import,,,,
3AAB07,F-MGEG,,AEROSPATIALE SA-341 Gazelle,GAZL,Mil,tar1090-db import,,,,
3AAB08,F-MGEF,,AEROSPATIALE SA-341 Gazelle,GAZL,Mil,tar1090-db import,,,,
3AAB0A,F-MGED,,AEROSPATIALE SA-341 Gazelle,GAZL,Mil,tar1090-db import,,,,
3AAB0B,F-MGEC,,AEROSPATIALE SA-341 Gazelle,GAZL,Mil,tar1090-db import,,,,
3AAB0C,F-MGEB,,AEROSPATIALE SA-341 Gazelle,GAZL,Mil,tar1090-db import,,,,
3AAB0E,F-MGCQ,,AEROSPATIALE SA-341 Gazelle,GAZL,Mil,tar1090-db import,,,,
3AAB0F,F-MGCP,,AEROSPATIALE SA-341 Gazelle,GAZL,Mil,tar1090-db import,,,,
3AAB10,F-MGCO,,AEROSPATIALE SA-341 Gazelle,GAZL,Mil,tar1090-db import,,,,
3AAB12,F-MGCN,,AEROSPATIALE SA-341 Gazelle,GAZL,Mil,tar1090-db import,,,,
3AAB13,F-MGCM,,AEROSPATIALE SA-341 Gazelle,GAZL,Mil,tar1090-db import,,,,
3AAB14,F-MGEY,,AEROSPATIALE SA-341 Gazelle,GAZL,Mil,tar1090-db import,,,,
3AAB15,F-MGCK,,AEROSPATIALE SA-341 Gazelle,GAZL,Mil,tar1090-db import,,,,
3AAB16,F-MGCJ,,AEROSPATIALE SA-341 Gazelle,GAZL,Mil,tar1090-db import,,,,
3AAB17,F-MGCI,,AEROSPATIALE SA-341 Gazelle,GAZL,Mil,tar1090-db import,,,,
3AAB19,F-MGCG,,AEROSPATIALE SA-341 Gazelle,GAZL,Mil,tar1090-db import,,,,
3AAB1A,F-MGCF,,AEROSPATIALE SA-341 Gazelle,GAZL,Mil,tar1090-db import,,,,
3AAB1B,F-MGCE,,AEROSPATIALE SA-341 Gazelle,GAZL,Mil,tar1090-db import,,,,
3AAB1C,F-MGCD,,AEROSPATIALE SA-341 Gazelle,GAZL,Mil,tar1090-db import,,,,
3AAB1D,F-MGCC,,AEROSPATIALE SA-341 Gazelle,GAZL,Mil,tar1090-db import,,,,
3AAB20,F-MGBY,,AEROSPATIALE SA-341 Gazelle,GAZL,Mil,tar1090-db import,,,,
3AAB21,F-MGBX,,AEROSPATIALE SA-341 Gazelle,GAZL,Mil,tar1090-db import,,,,
3AAB22,F-MGBW,,AEROSPATIALE SA-341 Gazelle,GAZL,Mil,tar1090-db import,,,,
3AAB23,F-MGBV,,AEROSPATIALE SA-341 Gazelle,GAZL,Mil,tar1090-db import,,,,
3AAB24,F-MGBU,,AEROSPATIALE SA-341 Gazelle,GAZL,Mil,tar1090-db import,,,,
3AAB25,F-MGBT,,AEROSPATIALE SA-341 Gazelle,GAZL,Mil,tar1090-db import,,,,
3AAB26,F-MGBS,,AEROSPATIALE SA-341 Gazelle,GAZL,Mil,tar1090-db import,,,,
3AAB28,F-MGBQ,,AEROSPATIALE SA-341 Gazelle,GAZL,Mil,tar1090-db import,,,,
3AAB29,F-MGBP,,AEROSPATIALE SA-341 Gazelle,GAZL,Mil,tar1090-db import,,,,
3AAB2A,F-MGBO,,AEROSPATIALE SA-341 Gazelle,GAZL,Mil,tar1090-db import,,,,
3AAB2B,F-MGBN,,AEROSPATIALE SA-341 Gazelle,GAZL,Mil,tar1090-db import,,,,
3AAB2E,F-MGBJ,,AEROSPATIALE SA-341 Gazelle,GAZL,Mil,tar1090-db import,,,,
3AAB32,F-MGBF,,AEROSPATIALE SA-341 Gazelle,GAZL,Mil,tar1090-db import,,,,
3AAB33,F-MGBE,,AEROSPATIALE SA-341 Gazelle,GAZL,Mil,tar1090-db import,,,,
3AAB35,F-MGBC,,AEROSPATIALE SA-341 Gazelle,GAZL,Mil,tar1090-db import,,,,
3AAB36,F-MGBB,,AEROSPATIALE SA-341 Gazelle,GAZL,Mil,tar1090-db import,,,,
3AAB37,F-MGBA,,AEROSPATIALE SA-341 Gazelle,GAZL,Mil,tar1090-db import,,,,
3AAB3A,F-MGAX,,AEROSPATIALE SA-341 Gazelle,GAZL,Mil,tar1090-db import,,,,
3AAB3B,F-MGAW,,AEROSPATIALE SA-341 Gazelle,GAZL,Mil,tar1090-db import,,,,
3AAB3C,F-MGAV,,AEROSPATIALE SA-341 Gazelle,GAZL,Mil,tar1090-db import,,,,
3AAB3D,F-MAGU,,AEROSPATIALE SA-341 Gazelle,GAZL,Mil,tar1090-db import,,,,
3AAB3E,F-MGAS,,AEROSPATIALE SA-341 Gazelle,GAZL,Mil,tar1090-db import,,,,
3AAB40,F-MGAQ,,AEROSPATIALE SA-341 Gazelle,GAZL,Mil,tar1090-db import,,,,
3AAB41,F-MGAP,,AEROSPATIALE SA-341 Gazelle,GAZL,Mil,tar1090-db import,,,,
3AAB42,F-MGAO,,AEROSPATIALE SA-341 Gazelle,GAZL,Mil,tar1090-db import,,,,
3AAB43,F-MGAN,,AEROSPATIALE SA-341 Gazelle,GAZL,Mil,tar1090-db import,,,,
3AAB44,F-MGAM,,AEROSPATIALE SA-341 Gazelle,GAZL,Mil,tar1090-db import,,,,
3AAB46,F-MGAK,,AEROSPATIALE SA-341 Gazelle,GAZL,Mil,tar1090-db import,,,,
3AAB48,F-MGAI,,AEROSPATIALE SA-341 Gazelle,GAZL,Mil,tar1090-db import,,,,
3AAB49,F-MGAH,,AEROSPATIALE SA-341 Gazelle,GAZL,Mil,tar1090-db import,,,,
3AAB4B,F-MGAF,,AEROSPATIALE SA-341 Gazelle,GAZL,Mil,tar1090-db import,,,,
3AAB4C,F-MGAE,,AEROSPATIALE SA-341 Gazelle,GAZL,Mil,tar1090-db import,,,,
3AAB4E,F-MGAC,,AEROSPATIALE SA-341 Gazelle,GAZL,Mil,tar1090-db import,,,,
3AAB4F,F-MGAB,,AEROSPATIALE SA-341 Gazelle,GAZL,Mil,tar1090-db import,,,,
3AAB59,F-MBKE,,AIRBUS HELICOPTERS EC-665 Tiger,TIGR,Mil,tar1090-db import,,,,
3AAB5A,F-MBKD,,AIRBUS HELICOPTERS EC-665 Tiger,TIGR,Mil,tar1090-db import,,,,
3AAB5B,F-MBKC,,AIRBUS HELICOPTERS EC-665 Tiger,TIGR,Mil,tar1090-db import,,,,
3AAB5C,F-MBKB,,AIRBUS HELICOPTERS EC-665 Tiger,TIGR,Mil,tar1090-db import,,,,
3AAB5D,F-MBKA,,AIRBUS HELICOPTERS EC-665 Tiger,TIGR,Mil,tar1090-db import,,,,
3AAB5E,F-MBJZ,,AIRBUS HELICOPTERS EC-665 Tiger,TIGR,Mil,tar1090-db import,,,,
3AAB5F,F-MBJY,,AIRBUS HELICOPTERS EC-665 Tiger,TIGR,Mil,tar1090-db import,,,,
3AAB60,F-MBJX,,AIRBUS HELICOPTERS EC-665 Tiger,TIGR,Mil,tar1090-db import,,,,
3AAB64,F-MBJT,,AIRBUS HELICOPTERS EC-665 Tiger,TIGR,Mil,tar1090-db import,,,,
3AAB65,F-MBJS,,AIRBUS HELICOPTERS EC-665 Tiger,TIGR,Mil,tar1090-db import,,,,
3AAB66,F-MBJR,,AIRBUS HELICOPTERS EC-665 Tiger,TIGR,Mil,tar1090-db import,,,,
3AAB68,F-MBJP,,AIRBUS HELICOPTERS EC-665 Tiger,TIGR,Mil,tar1090-db import,,,,
3AAB6A,F-MBJN,,AIRBUS HELICOPTERS EC-665 Tiger,TIGR,Mil,tar1090-db import,,,,
3AAB6B,F-MBJM,,AIRBUS HELICOPTERS EC-665 Tiger,TIGR,Mil,tar1090-db import,,,,
3AAB6C,F-MBJL,,AIRBUS HELICOPTERS EC-665 Tiger,TIGR,Mil,tar1090-db import,,,,
3AAB6D,F-MBJK,,AIRBUS HELICOPTERS EC-665 Tiger,TIGR,Mil,tar1090-db import,,,,
3AAB6E,F-MBJJ,,AIRBUS HELICOPTERS EC-665 Tiger,TIGR,Mil,tar1090-db import,,,,
3AAB6F,F-MBJI,,AIRBUS HELICOPTERS EC-665 Tiger,TIGR,Mil,tar1090-db import,,,,
3AAB70,F-MBJH,,AIRBUS HELICOPTERS EC-665 Tiger,TIGR,Mil,tar1090-db import,,,,
3AAB71,F-MBJG,,TIGR,TIGR,Mil,tar1090-db import,,,,
3AAB72,F-MBJF,,AIRBUS HELICOPTERS EC-665 Tiger,TIGR,Mil,tar1090-db import,,,,
3AAB73,F-MBJE,,AIRBUS HELICOPTERS EC-665 Tiger,TIGR,Mil,tar1090-db import,,,,
3AAB74,F-MBJD,,AIRBUS HELICOPTERS EC-665 Tiger,TIGR,Mil,tar1090-db import,,,,
3AAB75,F-MBJC,,AIRBUS HELICOPTERS EC-665 Tiger,TIGR,Mil,tar1090-db import,,,,
3AAB76,F-MBJB,,AIRBUS HELICOPTERS EC-665 Tiger,TIGR,Mil,tar1090-db import,,,,
3AAB77,F-MBJA,,AIRBUS HELICOPTERS EC-665 Tiger,TIGR,Mil,tar1090-db import,,,,
3AAB78,F-MBIN,,AIRBUS HELICOPTERS EC-665 Tiger,TIGR,Mil,tar1090-db import,,,,
3AAB79,F-MBIM,,AIRBUS HELICOPTERS EC-665 Tiger,TIGR,Mil,tar1090-db import,,,,
3AAB7A,F-MBIL,,AIRBUS HELICOPTERS EC-665 Tiger,TIGR,Mil,tar1090-db import,,,,
3AAB7D,F-MBII,,AIRBUS HELICOPTERS EC-665 Tiger,TIGR,Mil,tar1090-db import,,,,
3AAB7E,F-MBIH,,AIRBUS HELICOPTERS EC-665 Tiger,TIGR,Mil,tar1090-db import,,,,
3AAB7F,F-MBIG,,AIRBUS HELICOPTERS EC-665 Tiger,TIGR,Mil,tar1090-db import,,,,
3AAB81,F-MBIE,,AIRBUS HELICOPTERS EC-665 Tiger,TIGR,Mil,tar1090-db import,,,,
3AAB82,F-MBID,,AIRBUS HELICOPTERS EC-665 Tiger,TIGR,Mil,tar1090-db import,,,,
3AAB83,F-MBIC,,AIRBUS HELICOPTERS EC-665 Tiger,TIGR,Mil,tar1090-db import,,,,
3AAB84,F-MBIB,,TIGR,TIGR,Mil,tar1090-db import,,,,
3AAB85,F-MBHZ,,AIRBUS HELICOPTERS EC-665 Tiger,TIGR,Mil,tar1090-db import,,,,
3AAB87,F-MBHX,,TIGR,TIGR,Mil,tar1090-db import,,,,
3AAB88,F-MBHW,,AIRBUS HELICOPTERS EC-665 Tiger,TIGR,Mil,tar1090-db import,,,,
3AAB89,F-MBHV,,AIRBUS HELICOPTERS EC-665 Tiger,TIGR,Mil,tar1090-db import,,,,
3AAB8B,F-MBIA,,TIGR,TIGR,Mil,tar1090-db import,,,,
3AAB8E,F-MEAI,,NHI NH-90,NH90,Mil,tar1090-db import,,,,
3AAB8F,F-MEAG,,NH90,NH90,Mil,tar1090-db import,,,,
3AAB91,F-MEAF,,NHI NH-90,NH90,Mil,tar1090-db import,,,,
3AAB92,F-MEAE,,NHI NH-90,NH90,Mil,tar1090-db import,,,,
3AAB93,F-MEAD,,NHI NH-90,NH90,Mil,tar1090-db import,,,,
3AAB94,F-MEAC,,NHI NH-90,NH90,Mil,tar1090-db import,,,,
3AAB95,F-MEAB,,NHI NH-90,NH90,Mil,tar1090-db import,,,,
3AAB96,F-MEAA,,NH90,NH90,Mil,tar1090-db import,,,,
3AAB98,F-MGAA,,AEROSPATIALE SA-341 Gazelle,GAZL,Mil,tar1090-db import,,,,
3AAB9E,F-MDBM,,AEROSPATIALE SA-330 Puma,PUMA,Mil,tar1090-db import,,,,
3AAB9F,F-MDBL,,AEROSPATIALE SA-330 Puma,PUMA,Mil,tar1090-db import,,,,
3AABA4,F-MDBG,,AEROSPATIALE SA-330 Puma,PUMA,Mil,tar1090-db import,,,,
3AABA5,F-MDBF,,AEROSPATIALE SA-330 Puma,PUMA,Mil,tar1090-db import,,,,
3AABA9,F-MDBB,,AEROSPATIALE SA-330 Puma,PUMA,Mil,tar1090-db import,,,,
3AABB3,F-MDAR,,AEROSPATIALE SA-330 Puma,PUMA,Mil,tar1090-db import,,,,
3AABB4,F-MDAQ,,AEROSPATIALE SA-330 Puma,PUMA,Mil,tar1090-db import,,,,
3AABB6,F-MDAO,,AEROSPATIALE SA-330 Puma,PUMA,Mil,tar1090-db import,,,,
3AABB7,F-MDAN,,AEROSPATIALE SA-330 Puma,PUMA,Mil,tar1090-db import,,,,
3AABBB,F-MDAJ,,AEROSPATIALE SA-330 Puma,PUMA,Mil,tar1090-db import,,,,
3AABBC,F-MDAI,,AEROSPATIALE SA-330 Puma,PUMA,Mil,tar1090-db import,,,,
3AABBE,F-MDAG,,AEROSPATIALE SA-330 Puma,PUMA,Mil,tar1090-db import,,,,
3AABC0,F-MDAE,,AEROSPATIALE SA-330 Puma,PUMA,Mil,tar1090-db import,,,,
3AABC1,F-MDAD,,AEROSPATIALE SA-330 Puma,PUMA,Mil,tar1090-db import,,,,
3AABC2,F-MDAC,,AEROSPATIALE SA-330 Puma,PUMA,Mil,tar1090-db import,,,,
3AABD2,F-MAYE,,AEROSPATIALE AS-355 Ecureuil 2,AS55,Mil,tar1090-db import,,,,
3AABD9,F-MBHQ,,AIRBUS HELICOPTERS EC-665 Tiger,TIGR,Mil,tar1090-db import,,,,
3AABDB,F-MBHP,,AIRBUS HELICOPTERS EC-665 Tiger,TIGR,Mil,tar1090-db import,,,,
3AABDC,F-MBHG,,TIGR,TIGR,Mil,tar1090-db import,,,,
3AABDD,F-MBHN,,AIRBUS HELICOPTERS EC-665 Tiger,TIGR,Mil,tar1090-db import,,,,
3AABDE,F-MBHE,,AIRBUS HELICOPTERS EC-665 Tiger,TIGR,Mil,tar1090-db import,,,,
3AABDF,F-MBHF,,AIRBUS HELICOPTERS EC-665 Tiger,TIGR,Mil,tar1090-db import,,,,
3AABE0,F-MBHD,,AIRBUS HELICOPTERS EC-665 Tiger,TIGR,Mil,tar1090-db import,,,,
3AABE1,F-MBHC,,AIRBUS HELICOPTERS EC-665 Tiger,TIGR,Mil,tar1090-db import,,,,
3AABE2,F-MBHT,,AIRBUS HELICOPTERS EC-665 Tiger,TIGR,Mil,tar1090-db import,,,,
3AABE3,F-MBHM,,AIRBUS HELICOPTERS EC-665 Tiger,TIGR,Mil,tar1090-db import,,,,
3AABE4,F-MBHA,,AIRBUS HELICOPTERS EC-665 Tiger,TIGR,Mil,tar1090-db import,,,,
3AABE5,F-MBHB,,AIRBUS HELICOPTERS EC-665 Tiger,TIGR,Mil,tar1090-db import,,,,
3AABE7,F-MBHK,,AIRBUS HELICOPTERS EC-665 Tiger,TIGR,Mil,tar1090-db import,,,,
3AABE8,F-MBHJ,,AIRBUS HELICOPTERS EC-665 Tiger,TIGR,Mil,tar1090-db import,,,,
3AABE9,F-MBHI,,AIRBUS HELICOPTERS EC-665 Tiger,TIGR,Mil,tar1090-db import,,,,
3AABF0,F-MCAH,,AIRBUS HELICOPTERS EC-225/725,EC25,Mil,tar1090-db import,,,,
3AAC22,1953,,AEROSPATIALE AS-350 Ecureuil,AS50,Mil,tar1090-db import,,,,
3AAC23,F-MJCO,,AEROSPATIALE AS-350 Ecureuil,AS50,Mil,tar1090-db import,,,,
3AAC27,F-MJCC,,AEROSPATIALE AS-350 Ecureuil,AS50,Mil,tar1090-db import,,,,
3AAC29,F-MJCT,,AEROSPATIALE AS-350 Ecureuil,AS50,Mil,tar1090-db import,,,,
3AAC2C,F-MJED,,AEROSPATIALE AS-350 Ecureuil,AS50,Mil,tar1090-db import,,,,
3AAC2D,F-MJCX,,AEROSPATIALE AS-350 Ecureuil,AS50,Mil,tar1090-db import,,,,
3AAC2F,F-MJCW,,AEROSPATIALE AS-350 Ecureuil,AS50,Mil,tar1090-db import,,,,
3AAC30,F-MJCY,,AEROSPATIALE AS-350 Ecureuil,AS50,Mil,tar1090-db import,,,,
3AAC31,F-MJCZ,,AEROSPATIALE AS-350 Ecureuil,AS50,Mil,tar1090-db import,,,,
3AAC32,F-MJCP,,AEROSPATIALE AS-350 Ecureuil,AS50,Mil,tar1090-db import,,,,
3AAC34,F-MJCF,,AEROSPATIALE AS-350 Ecureuil,AS50,Mil,tar1090-db import,,,,
3AAC37,F-MJCA,,AEROSPATIALE AS-350 Ecureuil,AS50,Mil,tar1090-db import,,,,
3AAC39,F-MJAB,,AIRBUS HELICOPTERS EC-145,EC45,Mil,tar1090-db import,,,,
3AAC3A,F-MJAA,,AIRBUS HELICOPTERS EC-145,EC45,Mil,tar1090-db import,,,,
3AC19B,F-RAFR,,F900,F900,Mil,tar1090-db import,,,,
3AC421,MM7075,,TOR,TOR,Mil,tar1090-db import,,,,
3B7520,F-UGSP,,EC25,EC25,Mil,tar1090-db import,,,,
3B7521,F-UGSM,,EC25,EC25,Mil,tar1090-db import,,,,
3B7523,F-UGSL,,AIRBUS HELICOPTERS EC-225/725,EC25,Mil,tar1090-db import,,,,
3B7525,F-RAAE,,AEROSPATIALE SA-330 Puma,PUMA,Mil,tar1090-db import,,,,
3B7526,F-RAAF,,AEROSPATIALE AS-332 Super Puma,AS32,Mil,tar1090-db import,,,,
3B7527,F-RAXG,,SOCATA TBM-700A/B/C,TBM7,Mil,tar1090-db import,,,,
3B7528,F-RBGI,,PILATUS PC-21,PC21,Mil,tar1090-db import,,,,
3B7529,F-RBGH,,PILATUS PC-21,PC21,Mil,tar1090-db import,,,,
3B752A,F-RBGG,,PILATUS PC-21,PC21,Mil,tar1090-db import,,,,
3B752B,F-RBGF,,PILATUS PC-21,PC21,Mil,tar1090-db import,,,,
3B752C,F-RBGE,,PILATUS PC-21,PC21,Mil,tar1090-db import,,,,
3B752D,F-RBGD,,PILATUS PC-21,PC21,Mil,tar1090-db import,,,,
3B752E,F-RBGC,,PILATUS PC-21,PC21,Mil,tar1090-db import,,,,
3B752F,F-RBGB,,PILATUS PC-21,PC21,Mil,tar1090-db import,,,,
3B7530,R-RBGA,,PILATUS PC-21,PC21,Mil,tar1090-db import,,,,
3B7531,F-UMDA,,JODEL D-140 Mousquetaire,D140,Mil,tar1090-db import,,,,
3B7532,F-UGBA,,JODEL D-140 Mousquetaire,D140,Mil,tar1090-db import,,,,
3B7533,F-SDXA,,JODEL D-140 Mousquetaire,D140,Mil,tar1090-db import,,,,
3B7534,F-UGBG,,JODEL D-140 Mousquetaire,D140,Mil,tar1090-db import,,,,
3B7535,F-UMDO,,JODEL D-140 Mousquetaire,D140,Mil,tar1090-db import,,,,
3B7537,F-TFUO,,JODEL D-140 Mousquetaire,D140,Mil,tar1090-db import,,,,
3B7538,F-SDXO,,JODEL D-140 Mousquetaire,D140,Mil,tar1090-db import,,,,
3B7539,F-FTUB,,JODEL D-140 Mousquetaire,D140,Mil,tar1090-db import,,,,
3B753A,F-TFUA,,JODEL D-140 Mousquetaire,D140,Mil,tar1090-db import,,,,
3B753C,F-SDXW,,JODEL D-140 Mousquetaire,D140,Mil,tar1090-db import,,,,
3B753D,F-SDXV,,JODEL D-140 Mousquetaire,D140,Mil,tar1090-db import,,,,
3B753F,F-SDXY,,JODEL D-140 Mousquetaire,D140,Mil,tar1090-db import,,,,
3B7540,F-SDXE,,JODEL D-140 Mousquetaire,D140,Mil,tar1090-db import,,,,
3B7549,F-UHMK,,DASSAULT Mirage 2000,MIR2,Mil,tar1090-db import,,,,
3B754E,F-UGEM,,DASSAULT Mirage 2000,MIR2,Mil,tar1090-db import,,,,
3B7550,F-UHME,,DASSAULT Mirage 2000,MIR2,Mil,tar1090-db import,,,,
3B7552,F-UGEL,,DASSAULT Mirage 2000,MIR2,Mil,tar1090-db import,,,,
3B7554,F-UGEG,,DASSAULT Mirage 2000,MIR2,Mil,tar1090-db import,,,,
3B7556,F-UGEZ,,DASSAULT Mirage 2000,MIR2,Mil,tar1090-db import,,,,
3B7559,F-UGEY,,DASSAULT Mirage 2000,MIR2,Mil,tar1090-db import,,,,
3B755D,F-UGEQ,,DASSAULT Mirage 2000,MIR2,Mil,tar1090-db import,,,,
3B7562,F-UGEI,,DASSAULT Mirage 2000,MIR2,Mil,tar1090-db import,,,,
3B7581,55,,MIR2,MIR2,Mil,tar1090-db import,,,,
3B75A9,F-UGJH,,DASSAULT Mirage 2000,MIR2,Mil,tar1090-db import,,,,
3B75AA,F-UGXZ,,DASSAULT Mirage 2000,MIR2,Mil,tar1090-db import,,,,
3B75AE,677,,DASSAULT Mirage 2000,MIR2,Mil,tar1090-db import,,,,
3B75B5,3-XF,,DASSAULT Mirage 2000,MIR2,Mil,tar1090-db import,,,,
3B75B6,F-UGIW,,DASSAULT Mirage 2000,MIR2,Mil,tar1090-db import,,,,
3B75B7,F-UGXA,,DASSAULT Mirage 2000,MIR2,Mil,tar1090-db import,,,,
3B75B8,F-UGJF,,DASSAULT Mirage 2000,MIR2,Mil,tar1090-db import,,,,
3B75B9,662,,MIR2,MIR2,Mil,tar1090-db import,,,,
3B75BA,F-UGJM,,DASSAULT Mirage 2000,MIR2,Mil,tar1090-db import,,,,
3B75BF,648,,DASSAULT Mirage 2000,MIR2,Mil,tar1090-db import,,,,
3B75C0,3-XO,,DASSAULT Mirage 2000,MIR2,Mil,tar1090-db import,,,,
3B75C4,641,,MIR2,MIR2,Mil,tar1090-db import,,,,
3B75C6,F-UGJJ,,DASSAULT Mirage 2000,MIR2,Mil,tar1090-db import,,,,
3B75C8,3-XQ,,DASSAULT Mirage 2000,MIR2,Mil,tar1090-db import,,,,
3B75CC,3-XD,,DASSAULT Mirage 2000,MIR2,Mil,tar1090-db import,,,,
3B75CF,30-JO,,DASSAULT Mirage 2000,MIR2,Mil,tar1090-db import,,,,
3B75D0,624,,MIR2,MIR2,Mil,tar1090-db import,,,,
3B75D2,F-UGIL,,DASSAULT Mirage 2000,MIR2,Mil,tar1090-db import,,,,
3B75D7,F-UGJP,,DASSAULT Mirage 2000,MIR2,Mil,tar1090-db import,,,,
3B75E0,680,,DASSAULT Mirage 2000,MIR2,Mil,tar1090-db import,,,,
3B75E1,F-UGID,,DASSAULT Mirage 2000,MIR2,Mil,tar1090-db import,,,,
3B75E5,F-UGIC,,DASSAULT Mirage 2000,MIR2,Mil,tar1090-db import,,,,
3B75E8,F-RCAU,,DASSAULT Mirage 2000,MIR2,Mil,tar1090-db import,,,,
3B75E9,671,,DASSAULT Mirage 2000,MIR2,Mil,tar1090-db import,,,,
3B7607,30-IE,,DASSAULT Mirage 2000,MIR2,Mil,tar1090-db import,,,,
3B760D,F-RABF,,AEROSPATIALE SA-330 Puma,PUMA,Mil,tar1090-db import,,,,
3B760E,F-RAAZ,,AEROSPATIALE SA-330 Puma,PUMA,Mil,tar1090-db import,,,,
3B7610,F-RAAX,,AEROSPATIALE SA-330 Puma,PUMA,Mil,tar1090-db import,,,,
3B7611,F-RAAW,,AEROSPATIALE SA-330 Puma,PUMA,Mil,tar1090-db import,,,,
3B7612,F-RAAN,,AEROSPATIALE SA-330 Puma,PUMA,Mil,tar1090-db import,,,,
3B7614,F-RABE,,AEROSPATIALE SA-330 Puma,PUMA,Mil,tar1090-db import,,,,
3B7620,F-UGSH,,EC25,EC25,Mil,tar1090-db import,,,,
3B7624,E176,,DASSAULT-DORNIER Alpha Jet,AJET,Mil,tar1090-db import,,,,
3B7633,E156,,AJET,AJET,Mil,tar1090-db import,,,,
3B763C,E144,,DASSAULT-DORNIER Alpha Jet,AJET,Mil,tar1090-db import,,,,
3B7658,096,,EMBRAER EMB-121 Xingu,E121,Mil,tar1090-db import,,,,
3B7660,E101,,AJET,AJET,Mil,tar1090-db import,,,,
3B766A,E88,,DASSAULT-DORNIER Alpha Jet,AJET,Mil,tar1090-db import,,,,
3B7697,F-ZABV,,DASSAULT-DORNIER Alpha Jet,AJET,Mil,tar1090-db import,,,,
3B76B4,F-MAYJ,,AEROSPATIALE AS-355 Ecureuil 2,AS55,Mil,tar1090-db import,,,,
3B76BA,F-RAWF,,AEROSPATIALE AS-355 Ecureuil 2,AS55,Mil,tar1090-db import,,,,
3B76BE,F-RAWB,,AEROSPATIALE AS-355 Ecureuil 2,AS55,Mil,tar1090-db import,,,,
3B76BF,F-RAWA,,AS55,AS55,Mil,tar1090-db import,,,,
3B76CB,F-RAVN,,AEROSPATIALE AS-355 Ecureuil 2,AS55,Mil,tar1090-db import,,,,
3B76DA,F-RAUX,,AEROSPATIALE AS-355 Ecureuil 2,AS55,Mil,tar1090-db import,,,,
3B76DB,F-RAUV,,AEROSPATIALE AS-355 Ecureuil 2,AS55,Mil,tar1090-db import,,,,
3B770F,F-RAPN,,LOCKHEED C-130 Hercules,C130,Mil,tar1090-db import,,,,
3B7720,F-TGCH,,EXTRA EA-300/330/350,E300,Mil,tar1090-db import,,,,
3B7740,F216,,TRANSALL C-160,C160,Mil,tar1090-db import,,,,
3B7783,R218,,TRANSALL C-160,C160,Mil,tar1090-db import,,,,
3B7784,R212,,TRANSALL C-160,C160,Mil,tar1090-db import,,,,
3B7785,R206,,TRANSALL C-160,C160,Mil,tar1090-db import,,,,
3B7790,R217,,TRANSALL C-160,C160,Mil,tar1090-db import,,,,
3B7791,R211,,TRANSALL C-160,C160,Mil,tar1090-db import,,,,
3B779C,R153,,TRANSALL C-160,C160,Mil,tar1090-db import,,,,
3B77AB,F-UGSU,,EC25,EC25,Mil,tar1090-db import,,,,
3B77B6,R223,,TRANSALL C-160,C160,Mil,tar1090-db import,,,,
3B77B9,R202,,TRANSALL C-160,C160,Mil,tar1090-db import,,,,
3B77D2,F-UGSE,,AIRBUS HELICOPTERS EC-225/725,EC25,Mil,tar1090-db import,,,,
3B77E2,F-UGSR,,AIRBUS HELICOPTERS EC-225/725,EC25,Mil,tar1090-db import,,,,
3B77E3,F-UGSQ,,EC25,EC25,Mil,tar1090-db import,,,,
3B77ED,131,,SOCATA TBM-700A/B/C,TBM7,Mil,tar1090-db import,,,,
3B77EE,110,,SOCATA TBM-700A/B/C,TBM7,Mil,tar1090-db import,,,,
3B77F0,117,,SOCATA TBM-700A/B/C,TBM7,Mil,tar1090-db import,,,,
3B77F2,33,,SOCATA TBM-700A/B/C,TBM7,Mil,tar1090-db import,,,,
3B77F5,77,,SOCATA TBM-700A/B/C,TBM7,Mil,tar1090-db import,,,,
3B77F6,78,,SOCATA TBM-700A/B/C,TBM7,Mil,tar1090-db import,,,,
3B77F7,F-MABY,,TBM7,TBM7,Mil,tar1090-db import,,,,
3B77F8,93,,SOCATA TBM-700A/B/C,TBM7,Mil,tar1090-db import,,,,
3B77F9,94,,SOCATA TBM-700A/B/C,TBM7,Mil,tar1090-db import,,,,
3B77FA,95,,SOCATA TBM-700A/B/C,TBM7,Mil,tar1090-db import,,,,
3B77FE,104,,SOCATA TBM-700A/B/C,TBM7,Mil,tar1090-db import,,,,
3B780F,F-ZBQB,,AIRBUS HELICOPTERS EC-145,EC45,Mil,tar1090-db import,,,,
3B7B3B,F-ZBQN,,AIRBUS HELICOPTERS EC-145,EC45,Mil,tar1090-db import,,,,
3B7B3C,F-ZBQM,,AIRBUS HELICOPTERS EC-145,EC45,Mil,tar1090-db import,,,,
3B7B49,F-ZBQL,,AIRBUS HELICOPTERS EC-145,EC45,Mil,tar1090-db import,,,,
3B7B4A,F-ZBQK,,AIRBUS HELICOPTERS EC-145,EC45,Mil,tar1090-db import,,,,
3B7B4B,F-ZBQJ,,AIRBUS HELICOPTERS EC-145,EC45,Mil,tar1090-db import,,,,
3B7B50,F-ZBQI,,AIRBUS HELICOPTERS EC-145,EC45,Mil,tar1090-db import,,,,
3B7B51,F-ZBQH,,EC45,EC45,Mil,tar1090-db import,,,,
3B7B52,F-ZBQG,,AIRBUS HELICOPTERS EC-145,EC45,Mil,tar1090-db import,,,,
3B7B56,F-ZBGJ,,EC35,EC35,Mil,tar1090-db import,,,,
3B7B57,F-ZBGI,,AIRBUS HELICOPTERS EC-135/635,EC35,Mil,tar1090-db import,,,,
3B7B58,F-ZBGH,,AIRBUS HELICOPTERS EC-135/635,EC35,Mil,tar1090-db import,,,,
3B7B59,F-ZBGG,,AIRBUS HELICOPTERS EC-135/635,EC35,Mil,tar1090-db import,,,,
3B7B5A,F-ZBGF,,AIRBUS HELICOPTERS EC-135/635,EC35,Mil,tar1090-db import,,,,
3B7B64,F-ZBMB,,BEECH 200 Super King Air,BE20,Mil,tar1090-db import,,,,
3B7B66,F-ZBFK,,BEECH 200 Super King Air,BE20,Mil,tar1090-db import,,,,
3B7B7A,F-ZBRE,,AIRBUS HELICOPTERS EC-145,EC45,Mil,tar1090-db import,,,,
3B7B7B,F-ZBQV,,AIRBUS HELICOPTERS EC-145,EC45,Mil,tar1090-db import,,,,
3B7B7D,F-ZBRB,,AIRBUS HELICOPTERS EC-145,EC45,Mil,tar1090-db import,,,,
3B7B7E,F-ZBRA,,AIRBUS HELICOPTERS EC-145,EC45,Mil,tar1090-db import,,,,
3B7B7F,F-ZBQY,,AIRBUS HELICOPTERS EC-145,EC45,Mil,tar1090-db import,,,,
3B7B81,F-ZBQX,,AIRBUS HELICOPTERS EC-145,EC45,Mil,tar1090-db import,,,,
3B7B82,F-ZBQW,,AIRBUS HELICOPTERS EC-145,EC45,Mil,tar1090-db import,,,,
3B7B84,F-ZBQZ,,AIRBUS HELICOPTERS EC-145,EC45,Mil,tar1090-db import,,,,
3B7B87,F-ZBQT,,AIRBUS HELICOPTERS EC-145,EC45,Mil,tar1090-db import,,,,
3B7B88,F-ZBQV,,AIRBUS HELICOPTERS EC-145,EC45,Mil,tar1090-db import,,,,
3B7B89,F-ZBQU,,AIRBUS HELICOPTERS EC-145,EC45,Mil,tar1090-db import,,,,
3B7B8B,F-ZBQF,,AIRBUS HELICOPTERS EC-145,EC45,Mil,tar1090-db import,,,,
3B7B8C,F-ZBQE,,EC45,EC45,Mil,tar1090-db import,,,,
3B7B8D,F-ZBQD,,AIRBUS HELICOPTERS EC-145,EC45,Mil,tar1090-db import,,,,
3B7B8E,F-ZBQC,,AIRBUS HELICOPTERS EC-145,EC45,Mil,tar1090-db import,,,,
3B7B91,F-ZBPZ,,EC45,EC45,Mil,tar1090-db import,,,,
3B7B92,F-ZBPY,,AIRBUS HELICOPTERS EC-145,EC45,Mil,tar1090-db import,,,,
3B7B93,F-ZBPX,,EC45,EC45,Mil,tar1090-db import,,,,
3B7B94,F-ZBPW,,AIRBUS HELICOPTERS EC-145,EC45,Mil,tar1090-db import,,,,
3B7B95,F-ZBPV,,AIRBUS HELICOPTERS EC-145,EC45,Mil,tar1090-db import,,,,
3B7B96,F-ZBPU,,AIRBUS HELICOPTERS EC-145,EC45,Mil,tar1090-db import,,,,
3B7B97,F-ZBPT,,AIRBUS HELICOPTERS EC-145,EC45,Mil,tar1090-db import,,,,
3B7B9B,F-ZBPP,,AIRBUS HELICOPTERS EC-145,EC45,Mil,tar1090-db import,,,,
3B7B9C,F-ZBPO,,AIRBUS HELICOPTERS EC-145,EC45,Mil,tar1090-db import,,,,
3B7B9D,F-ZBPN,,AIRBUS HELICOPTERS EC-145,EC45,Mil,tar1090-db import,,,,
3B7B9E,F-ZBPM,,AIRBUS HELICOPTERS EC-145,EC45,Mil,tar1090-db import,,,,
3B7B9F,F-ZBPL,,AIRBUS HELICOPTERS EC-145,EC45,Mil,tar1090-db import,,,,
3B7BA0,F-ZBPK,,AIRBUS HELICOPTERS EC-145,EC45,Mil,tar1090-db import,,,,
3B7BA1,F-ZBPJ,,EC45,EC45,Mil,tar1090-db import,,,,
3B7BA3,F-ZBPH,,AIRBUS HELICOPTERS EC-145,EC45,Mil,tar1090-db import,,,,
3B7BA4,F-ZBPG,,AIRBUS HELICOPTERS EC-145,EC45,Mil,tar1090-db import,,,,
3B7BA5,F-ZBPF,,AIRBUS HELICOPTERS EC-145,EC45,Mil,tar1090-db import,,,,
3B7BA6,F-ZBPE,,AIRBUS HELICOPTERS EC-145,EC45,Mil,tar1090-db import,,,,
3B7BA7,F-ZAJB,,AIRBUS HELICOPTERS EC-145,EC45,Mil,tar1090-db import,,,,
3B7BAA,F-ZBPA,,AIRBUS HELICOPTERS EC-145,EC45,Mil,tar1090-db import,,,,
3B7BD2,F-ZKCM,,NH90,NH90,Mil,tar1090-db import,,,,
3B7BE0,F-ZKBY,,NH90,NH90,Mil,tar1090-db import,,,,
3B7BE1,F-ZKBX,,NH90,NH90,Mil,tar1090-db import,,,,
3B7BE2,F-ZKBW,,NH90,NH90,Mil,tar1090-db import,,,,
3B7BE3,F-ZKBV,,NH90,NH90,Mil,tar1090-db import,,,,
3B7BE4,F-ZKBU,,EC25,EC25,Mil,tar1090-db import,,,,
3B7BE6,F-ZKBS,,NH90,NH90,Mil,tar1090-db import,,,,
3B7BE7,F-ZKBR,,NH90,NH90,Mil,tar1090-db import,,,,
3B7BE8,F-ZKBQ,,EC25,EC25,Mil,tar1090-db import,,,,
3B7BE9,F-ZKBP,,NH90,NH90,Mil,tar1090-db import,,,,
3B7BEA,F-ZKBO,,NH90,NH90,Mil,tar1090-db import,,,,
3B7BEB,F-ZKBN,,NH90,NH90,Mil,tar1090-db import,,,,
3B7BEC,F-ZKBM,,EC25,EC25,Mil,tar1090-db import,,,,
3B7BEE,F-ZKBK,,NH90,NH90,Mil,tar1090-db import,,,,
3B7BF2,F-ZKBG,,NH90,NH90,Mil,tar1090-db import,,,,
3B7BF4,F-ZKBE,,EC25,EC25,Mil,tar1090-db import,,,,
3B7BF6,F-ZKBC,,AIRBUS HELICOPTERS EC-225/725,EC25,Mil,tar1090-db import,,,,
3B7BF8,F-ZXBA,,NHI NH-90,NH90,Mil,tar1090-db import,,,,
3B7F58,415,,F2TH,F2TH,Mil,tar1090-db import,,,,
3B7F66,F-ZAJA,,EC25,EC25,Mil,tar1090-db import,,,,
3B7F6D,F-ZAJC,,AIRBUS HELICOPTERS EC-225/725,EC25,Mil,tar1090-db import,,,,
3B7F6E,F-ZAJB,,EC25,EC25,Mil,tar1090-db import,,,,
3B7F6F,377,,C212,C212,Mil,tar1090-db import,,,,
3B7F71,F-ZTMA,,F2TH,F2TH,Mil,tar1090-db import,,,,
3B7F74,F-ZADS,,DASSAULT Mirage 2000,MIR2,Mil,tar1090-db import,,,,
3B7F8B,F-ZWCY,,EC25,EC25,Mil,tar1090-db import,,,,
3B7F93,F-ZWCQ,,AEROSPATIALE AS-332 Super Puma,AS32,Mil,tar1090-db import,,,,
3B7F9F,F-ZWCE,,AIRBUS HELICOPTERS EC-225/725,EC25,Mil,tar1090-db import,,,,
3B7FAF,F-ZAHA,,AS50,AS50,Mil,tar1090-db import,,,,
3B7FB2,F-ZAGE,,AS65,AS65,Mil,tar1090-db import,,,,
3B7FB4,F-ZJAI,,PILATUS PC-7 Astra,PC7,Mil,tar1090-db import,,,,
3B7FBC,F-ZWDU,,EC25,EC25,Mil,tar1090-db import,,,,
3B7FD7,F-ZAGG,,AS65,AS65,Mil,tar1090-db import,,,,
3B7FDE,F-ZWBI,,EC25,EC25,Mil,tar1090-db import,,,,
3B7FF8,F-ZWBP,,NH90,NH90,Mil,tar1090-db import,,,,
3B7FFE,1232,,BEECHCRAFT Super King Air 350,B350,Mil,tar1090-db import,,,,
3B9B17,415,,DASSAULT Falcon 2000,F2TH,Mil,tar1090-db import,,,,
3B9B18,395,,DASSAULT Falcon 2000,F2TH,Mil,tar1090-db import,,,,
3B9B19,F-XHUM,,AS65,AS65,Mil,tar1090-db import,,,,
3B9B1A,F-XHIN,,AEROSPATIALE AS-365 Dauphin 2,AS65,Mil,tar1090-db import,,,,
3B9B23,F-XHUL,,AEROSPATIALE AS-365 Dauphin 2,AS65,Mil,tar1090-db import,,,,
3B9B24,F-XHUK,,AEROSPATIALE AS-365 Dauphin 2,AS65,Mil,tar1090-db import,,,,
3B9B29,F-XHUC,,AEROSPATIALE AS-365 Dauphin 2,AS65,Mil,tar1090-db import,,,,
3B9B2A,F-XHUB,,AEROSPATIALE AS-365 Dauphin 2,AS65,Mil,tar1090-db import,,,,
3B9B2B,F-XHUA,,AEROSPATIALE AS-365 Dauphin 2,AS65,Mil,tar1090-db import,,,,
3B9B2C,6705,,AEROSPATIALE AS-365 Dauphin 2,AS65,Mil,tar1090-db import,,,,
3B9B2D,F-XHUH,,AEROSPATIALE AS-365 Dauphin 2,AS65,Mil,tar1090-db import,,,,
3B9B2E,F-XHUG,,AEROSPATIALE AS-365 Dauphin 2,AS65,Mil,tar1090-db import,,,,
3B9B5E,2741,,EC25,EC25,Mil,tar1090-db import,,,,
3B9B5F,2752,,EC25,EC25,Mil,tar1090-db import,,,,
3B9B64,24,,NH90,NH90,Mil,tar1090-db import,,,,
3B9B70,12,,NH90,NH90,Mil,tar1090-db import,,,,
3B9B88,486,,AS65,AS65,Mil,tar1090-db import,,,,
3B9BF3,19,,AEROSPATIALE AS-365 Dauphin 2,AS65,Mil,tar1090-db import,,,,
3CE7EA,D-CPDA,,PZL-MIELEC M-28 Skytruck,M28,Mil,tar1090-db import,,,,
3CE7EB,D-CPDB,,PZL-MIELEC M-28 Skytruck,M28,Mil,tar1090-db import,,,,
3CE7EC,D-CPDC,,PZL-MIELEC M-28 Skytruck,M28,Mil,tar1090-db import,,,,
3D494C,D-EZZW,,G12T,G12T,Mil,tar1090-db import,,,,
3DD2CB,D-HABR,,AIRBUS HELICOPTERS EC-135/635,EC35,Mil,tar1090-db import,,,,
3DD2CD,D-HABT,,AIRBUS HELICOPTERS EC-135/635,EC35,Mil,tar1090-db import,,,,
3DD2CE,D-HABU,,AIRBUS HELICOPTERS EC-135/635,EC35,Mil,tar1090-db import,,,,
3DD2CF,D-HABV,,AIRBUS HELICOPTERS EC-135/635,EC35,Mil,tar1090-db import,,,,
3DD2D0,D-HABW,,AIRBUS HELICOPTERS EC-135/635,EC35,Mil,tar1090-db import,,,,
3E801E,79+18,,NHI NH-90,NH90,Mil,tar1090-db import,,,,
3E80B9,77+05,,EC45,EC45,Mil,tar1090-db import,,,,
3E82EA,79+39,,NHI NH-90,NH90,Mil,tar1090-db import,,,,
3E85C4,79+08,,NHI NH-90,NH90,Mil,tar1090-db import,,,,
3E8998,79+58,,NHI NH-90,NH90,Mil,tar1090-db import,,,,
3E8B13,76+04,,AIRBUS HELICOPTERS EC-145,EC45,Mil,tar1090-db import,,,,
3E8B35,76+13,,AIRBUS HELICOPTERS EC-145,EC45,Mil,tar1090-db import,,,,
3E8EF2,79+53,,NHI NH-90,NH90,Mil,tar1090-db import,,,,
3E8F0F,79+41,,NHI NH-90,NH90,Mil,tar1090-db import,,,,
3E90C8,79+20,,NHI NH-90,NH90,Mil,tar1090-db import,,,,
3E920F,76+05,,AIRBUS HELICOPTERS EC-145,EC45,Mil,tar1090-db import,,,,
3E953A,76+01,,AIRBUS HELICOPTERS EC-145,EC45,Mil,tar1090-db import,,,,
3E95DC,74+55,,AIRBUS HELICOPTERS EC-665 Tiger,TIGR,Mil,tar1090-db import,,,,
3E97EB,79+42,,NHI NH-90,NH90,Mil,tar1090-db import,,,,
3EA34A,76+02,,AIRBUS HELICOPTERS EC-145,EC45,Mil,tar1090-db import,,,,
3EA764,78+30,,NHI NH-90,NH90,Mil,tar1090-db import,,,,
3EA92A,51+06,,TRANSALL C-160,C160,Mil,tar1090-db import,,,,
3EAC69,76+06,,AIRBUS HELICOPTERS EC-145,EC45,Mil,tar1090-db import,,,,
3EAED6,78+01,,NHI NH-90,NH90,Mil,tar1090-db import,,,,
3EB522,78+27,,NHI NH-90,NH90,Mil,tar1090-db import,,,,
3EB6B3,74+04,,AIRBUS HELICOPTERS EC-665 Tiger,TIGR,Mil,tar1090-db import,,,,
3EB6F8,79+19,,NHI NH-90,NH90,Mil,tar1090-db import,,,,
3EBD9A,82-0X,,AEROSPATIALE AS-332 Super Puma,AS32,Mil,tar1090-db import,,,,
3F402A,79+02,,NHI NH-90,NH90,Mil,tar1090-db import,,,,
3F40DF,78+20,,NHI NH-90,NH90,Mil,tar1090-db import,,,,
3F431A,79+24,,NHI NH-90,NH90,Mil,tar1090-db import,,,,
3F4346,76+09,,AIRBUS HELICOPTERS EC-145,EC45,Mil,tar1090-db import,,,,
3F43A0,74+41,,AIRBUS HELICOPTERS EC-665 Tiger,TIGR,Mil,tar1090-db import,,,,
3F4488,82+03,,AEROSPATIALE AS-332 Super Puma,AS32,Mil,tar1090-db import,,,,
3F4520,78+14,,NHI NH-90,NH90,Mil,tar1090-db import,,,,
3F47FA,76+03,,AIRBUS HELICOPTERS EC-145,EC45,Mil,tar1090-db import,,,,
3F49B6,98+01,,PILATUS PC-12,PC12,Mil,tar1090-db import,,,,
3F4B1F,76+14,,AIRBUS HELICOPTERS EC-145,EC45,Mil,tar1090-db import,,,,
3F4DCA,78+13,,NHI NH-90,NH90,Mil,tar1090-db import,,,,
3F52CD,74+28,,AIRBUS HELICOPTERS EC-665 Tiger,TIGR,Mil,tar1090-db import,,,,
3F52DB,74+24,,AIRBUS HELICOPTERS EC-665 Tiger,TIGR,Mil,tar1090-db import,,,,
3F532C,79+40,,NHI NH-90,NH90,Mil,tar1090-db import,,,,
3F55AD,74+19,,AIRBUS HELICOPTERS EC-665 Tiger,TIGR,Mil,tar1090-db import,,,,
3F568C,74+22,,AIRBUS HELICOPTERS EC-665 Tiger,TIGR,Mil,tar1090-db import,,,,
3F57E9,74+30,,AIRBUS HELICOPTERS EC-665 Tiger,TIGR,Mil,tar1090-db import,,,,
3F5AAC,74+21,,AIRBUS HELICOPTERS EC-665 Tiger,TIGR,Mil,tar1090-db import,,,,
3F619C,74+20,,AIRBUS HELICOPTERS EC-665 Tiger,TIGR,Mil,tar1090-db import,,,,
3F6521,79+07,,NHI NH-90,NH90,Mil,tar1090-db import,,,,
3F6631,74+26,,AIRBUS HELICOPTERS EC-665 Tiger,TIGR,Mil,tar1090-db import,,,,
3F6CC9,76+15,,AIRBUS HELICOPTERS EC-145,EC45,Mil,tar1090-db import,,,,
3F6E57,79+04,,NHI NH-90,NH90,Mil,tar1090-db import,,,,
3F6E70,78+12,,NHI NH-90,NH90,Mil,tar1090-db import,,,,
3F6EE1,82+02,,AEROSPATIALE AS-332 Super Puma,AS32,Mil,tar1090-db import,,,,
3F722E,74+23,,AIRBUS HELICOPTERS EC-665 Tiger,TIGR,Mil,tar1090-db import,,,,
3F751B,79+22,,NHI NH-90,NH90,Mil,tar1090-db import,,,,
3F765A,74+49,,AIRBUS HELICOPTERS EC-665 Tiger,TIGR,Mil,tar1090-db import,,,,
3F77AA,78+22,,NHI NH-90,NH90,Mil,tar1090-db import,,,,
3F7962,79+22,,NH90,NH90,Mil,tar1090-db import,,,,
3F7DEC,74+38,,AIRBUS HELICOPTERS EC-665 Tiger,TIGR,Mil,tar1090-db import,,,,
3F8006,78+23,,NHI NH-90,NH90,Mil,tar1090-db import,,,,
3F8086,78+24,,NHI NH-90,NH90,Mil,tar1090-db import,,,,
3F80B1,74+48,,AIRBUS HELICOPTERS EC-665 Tiger,TIGR,Mil,tar1090-db import,,,,
3F81A5,74+63,,AIRBUS HELICOPTERS EC-665 Tiger,TIGR,Mil,tar1090-db import,,,,
3F81E3,74+51,,AIRBUS HELICOPTERS EC-665 Tiger,TIGR,Mil,tar1090-db import,,,,
3F81FA,79+38,,NHI NH-90,NH90,Mil,tar1090-db import,,,,
3F8249,74+35,,AIRBUS HELICOPTERS EC-665 Tiger,TIGR,Mil,tar1090-db import,,,,
3F841B,78+09,,NHI NH-90,NH90,Mil,tar1090-db import,,,,
3F84E8,74+37,,AIRBUS HELICOPTERS EC-665 Tiger,TIGR,Mil,tar1090-db import,,,,
3F853B,76+10,,AIRBUS HELICOPTERS EC-145,EC45,Mil,tar1090-db import,,,,
3F85CA,79+09,,NHI NH-90,NH90,Mil,tar1090-db import,,,,
3F85D2,74+46,,AIRBUS HELICOPTERS EC-665 Tiger,TIGR,Mil,tar1090-db import,,,,
3F8686,74+61,,AIRBUS HELICOPTERS EC-665 Tiger,TIGR,Mil,tar1090-db import,,,,
3F86DC,79+61,,NHI NH-90,NH90,Mil,tar1090-db import,,,,
3F8743,79+62,,NHI NH-90,NH90,Mil,tar1090-db import,,,,
3F8803,79+13,,NHI NH-90,NH90,Mil,tar1090-db import,,,,
3F881C,74+60,,AIRBUS HELICOPTERS EC-665 Tiger,TIGR,Mil,tar1090-db import,,,,
3F8844,78+11,,NHI NH-90,NH90,Mil,tar1090-db import,,,,
3F8848,79+29,,NHI NH-90,NH90,Mil,tar1090-db import,,,,
3F8856,74+45,,AIRBUS HELICOPTERS EC-665 Tiger,TIGR,Mil,tar1090-db import,,,,
3F8935,79+30,,NHI NH-90,NH90,Mil,tar1090-db import,,,,
3F8976,74+31,,AIRBUS HELICOPTERS EC-665 Tiger,TIGR,Mil,tar1090-db import,,,,
3F8B8E,74+70,,AIRBUS HELICOPTERS EC-665 Tiger,TIGR,Mil,tar1090-db import,,,,
3F8D1F,74+47,,AIRBUS HELICOPTERS EC-665 Tiger,TIGR,Mil,tar1090-db import,,,,
3F8D2E,79+06,,NHI NH-90,NH90,Mil,tar1090-db import,,,,
3F8FBE,74+32,,AIRBUS HELICOPTERS EC-665 Tiger,TIGR,Mil,tar1090-db import,,,,
3F8FED,74+69,,AIRBUS HELICOPTERS EC-665 Tiger,TIGR,Mil,tar1090-db import,,,,
3F90BC,74+58,,AIRBUS HELICOPTERS EC-665 Tiger,TIGR,Mil,tar1090-db import,,,,
3F9138,79+51,,NHI NH-90,NH90,Mil,tar1090-db import,,,,
3F9359,74+65,,AIRBUS HELICOPTERS EC-665 Tiger,TIGR,Mil,tar1090-db import,,,,
3F9666,74+67,,AIRBUS HELICOPTERS EC-665 Tiger,TIGR,Mil,tar1090-db import,,,,
3F992B,30+83,,EUFI,EUFI,Mil,tar1090-db import,,,,
3F9C80,78+21,,NHI NH-90,NH90,Mil,tar1090-db import,,,,
3F9C81,57+01,,DORNIER 228,D228,Mil,tar1090-db import,,,,
3F9E54,76+16,,AIRBUS HELICOPTERS EC-145,EC45,Mil,tar1090-db import,,,,
3F9E9B,79+36,,NHI NH-90,NH90,Mil,tar1090-db import,,,,
3FA016,78+35,,NHI NH-90,NH90,Mil,tar1090-db import,,,,
3FA196,74+59,,AIRBUS HELICOPTERS EC-665 Tiger,TIGR,Mil,tar1090-db import,,,,
3FA257,79+52,,NHI NH-90,NH90,Mil,tar1090-db import,,,,
3FA342,74+01,,AIRBUS HELICOPTERS EC-665 Tiger,TIGR,Mil,tar1090-db import,,,,
3FA483,74+62,,AIRBUS HELICOPTERS EC-665 Tiger,TIGR,Mil,tar1090-db import,,,,
3FA50C,79+33,,NHI NH-90,NH90,Mil,tar1090-db import,,,,
3FA5EA,79+25,,NHI NH-90,NH90,Mil,tar1090-db import,,,,
3FA657,79+05,,NHI NH-90,NH90,Mil,tar1090-db import,,,,
3FA939,82+57,,AIRBUS HELICOPTERS EC-135/635,EC35,Mil,tar1090-db import,,,,
3FA940,82+64,,AIRBUS HELICOPTERS EC-135/635,EC35,Mil,tar1090-db import,,,,
3FA996,83+22,,AGUSTAWESTLAND AW-159 Super Lynx,LYNX,Mil,tar1090-db import,,,,
3FA9FF,74+66,,AIRBUS HELICOPTERS EC-665 Tiger,TIGR,Mil,tar1090-db import,,,,
3FAB76,79+17,,NHI NH-90,NH90,Mil,tar1090-db import,,,,
3FAC0E,79+43,,NHI NH-90,NH90,Mil,tar1090-db import,,,,
3FB0E6,74+52,,AIRBUS HELICOPTERS EC-665 Tiger,TIGR,Mil,tar1090-db import,,,,
3FB113,74+16,,AIRBUS HELICOPTERS EC-665 Tiger,TIGR,Mil,tar1090-db import,,,,
3FB179,79+34,,NHI NH-90,NH90,Mil,tar1090-db import,,,,
3FB2B2,74+57,,AIRBUS HELICOPTERS EC-665 Tiger,TIGR,Mil,tar1090-db import,,,,
3FB316,78+37,,NHI NH-90,NH90,Mil,tar1090-db import,,,,
3FB37B,74+64,,AIRBUS HELICOPTERS EC-665 Tiger,TIGR,Mil,tar1090-db import,,,,
3FB3A4,79+55,,NHI NH-90,NH90,Mil,tar1090-db import,,,,
3FB4AA,74+43,,AIRBUS HELICOPTERS EC-665 Tiger,TIGR,Mil,tar1090-db import,,,,
3FB65E,63+04,,P8,P8,Mil,tar1090-db import,,,,
3FB797,74+68,,AIRBUS HELICOPTERS EC-665 Tiger,TIGR,Mil,tar1090-db import,,,,
3FB96C,74+34,,AIRBUS HELICOPTERS EC-665 Tiger,TIGR,Mil,tar1090-db import,,,,
3FBBA9,79+37,,NHI NH-90,NH90,Mil,tar1090-db import,,,,
3FBC83,74+42,,AIRBUS HELICOPTERS EC-665 Tiger,TIGR,Mil,tar1090-db import,,,,
3FBD82,79+56,,NHI NH-90,NH90,Mil,tar1090-db import,,,,
3FBDC4,78+25,,NHI NH-90,NH90,Mil,tar1090-db import,,,,
3FBE24,79+12,,NHI NH-90,NH90,Mil,tar1090-db import,,,,
3FBE34,78+18,,NHI NH-90,NH90,Mil,tar1090-db import,,,,
400E8E,G-BYWK,,GROB G-115,G115,Mil,tar1090-db import,,,,
400E8F,G-BYWL,,GROB G-115,G115,Mil,tar1090-db import,,,,
400E90,G-BYWM,,GROB G-115,G115,Mil,tar1090-db import,,,,
400E92,G-BYWO,,GROB G-115,G115,Mil,tar1090-db import,,,,
400E94,G-BYWR,,GROB G-115,G115,Mil,tar1090-db import,,,,
400E95,G-BYWS,,GROB G-115,G115,Mil,tar1090-db import,,,,
400E97,G-BYWU,,GROB G-115,G115,Mil,tar1090-db import,,,,
400E98,G-BYWV,,GROB G-115,G115,Mil,tar1090-db import,,,,
400E99,G-BYWW,,GROB G-115,G115,Mil,tar1090-db import,,,,
400E9B,G-BYWX,,GROB G-115,G115,Mil,tar1090-db import,,,,
400E9C,G-BYWY,,GROB G-115,G115,Mil,tar1090-db import,,,,
400E9D,G-BYWZ,,GROB G-115,G115,Mil,tar1090-db import,,,,
400E9E,G-BYXA,,GROB G-115,G115,Mil,tar1090-db import,,,,
400EA0,G-BYXC,,GROB G-115,G115,Mil,tar1090-db import,,,,
400EA1,G-BYXD,,GROB G-115,G115,Mil,tar1090-db import,,,,
400EA2,G-BYXE,,GROB G-115,G115,Mil,tar1090-db import,,,,
400EA3,G-BYXF,,GROB G-115,G115,Mil,tar1090-db import,,,,
400EA4,G-BYXG,,GROB G-115,G115,Mil,tar1090-db import,,,,
400EA5,G-BYXH,,GROB G-115,G115,Mil,tar1090-db import,,,,
400EA6,G-BYXI,,GROB G-115,G115,Mil,tar1090-db import,,,,
400EA7,G-BYXJ,,GROB G-115,G115,Mil,tar1090-db import,,,,
400EA8,G-BYXK,,GROB G-115,G115,Mil,tar1090-db import,,,,
400EA9,G-BYXL,,GROB G-115,G115,Mil,tar1090-db import,,,,
400EAC,G-BYXO,,GROB G-115,G115,Mil,tar1090-db import,,,,
400EAD,G-BYXP,,GROB G-115,G115,Mil,tar1090-db import,,,,
400EAF,G-BYXS,,GROB G-115,G115,Mil,tar1090-db import,,,,
400EB0,G-BYXT,,GROB G-115,G115,Mil,tar1090-db import,,,,
400EB1,G-BYXX,,GROB G-115,G115,Mil,tar1090-db import,,,,
400EB3,G-BYXZ,,GROB G-115,G115,Mil,tar1090-db import,,,,
400EB5,G-BYYB,,GROB G-115,G115,Mil,tar1090-db import,,,,
400EB6,G-BYWA,,GROB G-115,G115,Mil,tar1090-db import,,,,
400EB7,G-BYWB,,GROB G-115,G115,Mil,tar1090-db import,,,,
400EB9,G-BYWD,,GROB G-115,G115,Mil,tar1090-db import,,,,
400EBB,G-BYWF,,GROB G-115,G115,Mil,tar1090-db import,,,,
400EBC,G-BYWG,,GROB G-115,G115,Mil,tar1090-db import,,,,
400EBD,G-BYWH,,GROB G-115,G115,Mil,tar1090-db import,,,,
400EBE,G-BYWI,,GROB G-115,G115,Mil,tar1090-db import,,,,
400EC6,G-BYUB,,GROB G-115,G115,Mil,tar1090-db import,,,,
400EC7,G-BYUC,,GROB G-115,G115,Mil,tar1090-db import,,,,
400EC8,G-BYUD,,GROB G-115,G115,Mil,tar1090-db import,,,,
400EC9,G-BYUE,,GROB G-115,G115,Mil,tar1090-db import,,,,
400ECC,G-BYUH,,GROB G-115,G115,Mil,tar1090-db import,,,,
400ECE,G-BYUJ,,GROB G-115,G115,Mil,tar1090-db import,,,,
400ECF,G-BYUK,,GROB G-115,G115,Mil,tar1090-db import,,,,
400ED0,G-BYUL,,GROB G-115,G115,Mil,tar1090-db import,,,,
400ED1,G-BYUM,,GROB G-115,G115,Mil,tar1090-db import,,,,
400ED2,G-BYUN,,GROB G-115,G115,Mil,tar1090-db import,,,,
400ED3,G-BYUO,,GROB G-115,G115,Mil,tar1090-db import,,,,
400ED5,G-BYUR,,GROB G-115,G115,Mil,tar1090-db import,,,,
400ED6,G-BYUS,,GROB G-115,G115,Mil,tar1090-db import,,,,
400ED8,G-BYUU,,GROB G-115,G115,Mil,tar1090-db import,,,,
400ED9,G-BYUV,,GROB G-115,G115,Mil,tar1090-db import,,,,
400EDA,G-BYUW,,GROB G-115,G115,Mil,tar1090-db import,,,,
400EDB,G-BYUX,,GROB G-115,G115,Mil,tar1090-db import,,,,
400EDC,G-BYUY,,GROB G-115,G115,Mil,tar1090-db import,,,,
400EDD,G-BYUZ,,GROB G-115,G115,Mil,tar1090-db import,,,,
400EDE,G-BYVA,,GROB G-115,G115,Mil,tar1090-db import,,,,
400EDF,G-BYVB,,GROB G-115,G115,Mil,tar1090-db import,,,,
400EE0,G-BYVC,,GROB G-115,G115,Mil,tar1090-db import,,,,
400EE1,G-BYVD,,GROB G-115,G115,Mil,tar1090-db import,,,,
400EE2,G-BYVE,,GROB G-115,G115,Mil,tar1090-db import,,,,
400EE3,G-BYVF,,GROB G-115,G115,Mil,tar1090-db import,,,,
400EE4,G-BYVG,,GROB G-115,G115,Mil,tar1090-db import,,,,
400EE5,G-BYVH,,GROB G-115,G115,Mil,tar1090-db import,,,,
400EE6,G-BYVI,,GROB G-115,G115,Mil,tar1090-db import,,,,
400EE9,G-BYVL,,GROB G-115,G115,Mil,tar1090-db import,,,,
400EEC,G-BYVO,,GROB G-115,G115,Mil,tar1090-db import,,,,
400EED,G-BYVP,,GROB G-115,G115,Mil,tar1090-db import,,,,
400EEE,G-BYVR,,GROB G-115,G115,Mil,tar1090-db import,,,,
400EF1,G-BYVU,,GROB G-115,G115,Mil,tar1090-db import,,,,
400EF3,G-BYVW,,GROB G-115,G115,Mil,tar1090-db import,,,,
400EF5,G-BYVY,,GROB G-115,G115,Mil,tar1090-db import,,,,
400EF6,G-BYVZ,,GROB G-115,G115,Mil,tar1090-db import,,,,
405F35,ZR325,,AGUSTA AW-109 Grand,A109,Mil,tar1090-db import,,,,
4060D3,G-CGKD,,GROB G-115,G115,Mil,tar1090-db import,,,,
4060D4,G-CGKE,,GROB G-115,G115,Mil,tar1090-db import,,,,
4060D6,G-CGKG,,GROB G-115,G115,Mil,tar1090-db import,,,,
4060D7,G-CGKH,,GROB G-115,G115,Mil,tar1090-db import,,,,
4060DB,G-CGKL,,GROB G-115,G115,Mil,tar1090-db import,,,,
4060DC,G-CGKM,,G115,G115,Mil,tar1090-db import,,,,
4060DD,G-CGKN,,GROB G-115,G115,Mil,tar1090-db import,,,,
4060DE,G-CGKO,,G115,G115,Mil,tar1090-db import,,,,
4060E0,G-CGKR,,GROB G-115,G115,Mil,tar1090-db import,,,,
4060E2,G-CGKT,,G115,G115,Mil,tar1090-db import,,,,
4060E3,G-CGKU,,GROB G-115,G115,Mil,tar1090-db import,,,,
4060E5,G-CGKW,,GROB G-115,G115,Mil,tar1090-db import,,,,
4060E6,G-CGKX,,G115,G115,Mil,tar1090-db import,,,,
406421,ZR283,,AGUSTA AW-139,A139,Mil,tar1090-db import,,,,
407378,ZM311,,G12T,G12T,Mil,tar1090-db import,,,,
43C000,ZJ219,,Westland Apache AH.1,H64,Mil,tar1090-db import,,,,
43C098,ZJ100,,BRITISH AEROSPACE T-45 Goshawk,HAWK,Mil,tar1090-db import,,,,
43C0E2,XX162,,BRITISH AEROSPACE T-45 Goshawk,HAWK,Mil,tar1090-db import,,,,
43C144,ZA563,,PANAVIA Tornado,TOR,Mil,tar1090-db import,,,,
43C153,ZA553,,PANAVIA Tornado,TOR,Mil,tar1090-db import,,,,
43C163,ZD741,,PANAVIA Tornado,TOR,Mil,tar1090-db import,,,,
43C168,ZA606,,PANAVIA Tornado,TOR,Mil,tar1090-db import,,,,
43C170,ZG791,,PANAVIA Tornado,TOR,Mil,tar1090-db import,,,,
43C176,ZG729,,PANAVIA Tornado,TOR,Mil,tar1090-db import,,,,
43C1E5,ZJ706,,BELL 412,B412,Mil,tar1090-db import,,,,
43C20A,ZJ168,,Westland Apache AH.1,H64,Mil,tar1090-db import,,,,
43C20C,ZJ173,,Westland Apache AH.1,H64,Mil,tar1090-db import,,,,
43C235,ZB689,,AEROSPATIALE SA-341 Gazelle,GAZL,Mil,tar1090-db import,,,,
43C256,ZJ193,,Westland Apache AH.1,H64,Mil,tar1090-db import,,,,
43C276,ZJ225,,Westland Apache AH.1,H64,Mil,tar1090-db import,,,,
43C309,ZH829,,AGUSTA WESTLAND EH-101 Merlin,EH10,Mil,tar1090-db import,,,,
43C36C,ZA166,,SIKORSKY S-61 Sea King,S61,Mil,tar1090-db import,,,,
43C373,ZJ947,,EUFI,EUFI,Mil,tar1090-db import,,,,
43C47E,ZR356,,AGUSTA WESTLAND EH-101 Merlin,EH10,Mil,tar1090-db import,,,,
43C481,ZJ801,,EUROFIGHTER 2000,EUFI,Mil,tar1090-db import,,,,
43C49F,ZJ925,,EUROFIGHTER 2000,EUFI,Mil,tar1090-db import,,,,
43C4AC,ZJ938,,EUROFIGHTER 2000,EUFI,Mil,tar1090-db import,,,,
43C4F4,XZ196,,AGUSTAWESTLAND AW-159 Super Lynx,LYNX,Mil,tar1090-db import,,,,
43C500,XZ217,,AGUSTAWESTLAND AW-159 Super Lynx,LYNX,Mil,tar1090-db import,,,,
43C54B,ZG921,,AGUSTAWESTLAND AW-159 Super Lynx,LYNX,Mil,tar1090-db import,,,,
43C575,ZZ145,,AIRBUS HELICOPTERS EC-145,EC45,Mil,tar1090-db import,,,,
43C576,ZZ147,,AIRBUS HELICOPTERS EC-145,EC45,Mil,tar1090-db import,,,,
43C577,ZZ147,,AIRBUS HELICOPTERS EC-145,EC45,Mil,tar1090-db import,,,,
43C578,ZZ148,,AIRBUS HELICOPTERS EC-145,EC45,Mil,tar1090-db import,,,,
43C579,ZZ149,,AIRBUS HELICOPTERS EC-145,EC45,Mil,tar1090-db import,,,,
43C57A,ZZ150,,AIRBUS HELICOPTERS EC-145,EC45,Mil,tar1090-db import,,,,
43C61E,ZZ505,,Beech Shadow R2,B350,Mil,tar1090-db import,,,,
43C644,ZK309,,EUROFIGHTER 2000,EUFI,Mil,tar1090-db import,,,,
43C6A9,ZK380,,EUFI,EUFI,Mil,tar1090-db import,,,,
43C6CF,ZK317,,EUROFIGHTER 2000,EUFI,Mil,tar1090-db import,,,,
43C6D2,ZK381,,EUROFIGHTER 2000,EUFI,Mil,tar1090-db import,,,,
43C70E,ZK383,,EUROFIGHTER 2000,EUFI,Mil,tar1090-db import,,,,
43C729,ZJ252,,AEROSPATIALE AS-350 Ecureuil,AS50,Mil,tar1090-db import,,,,
43C73B,ZK355,,EUROFIGHTER 2000,EUFI,Mil,tar1090-db import,,,,
43C742,ZK380,,EUROFIGHTER 2000,EUFI,Mil,tar1090-db import,,,,
43C744,ZJ948,,EUROFIGHTER 2000,EUFI,Mil,tar1090-db import,,,,
43C7DB,ZZ100,,AGUSTA WESTLAND EH-101 Merlin,EH10,Mil,tar1090-db import,,,,
43C7E2,ZZ107,,AGUSTA WESTLAND EH-101 Merlin,EH10,Mil,tar1090-db import,,,,
43C7E4,ZZ109,,AGUSTA WESTLAND EH-101 Merlin,EH10,Mil,tar1090-db import,,,,
43C7E5,ZZ110,,AGUSTA WESTLAND EH-101 Merlin,EH10,Mil,tar1090-db import,,,,
43C7E6,ZZ111,,AGUSTA WESTLAND EH-101 Merlin,EH10,Mil,tar1090-db import,,,,
43C7E7,ZZ112,,AGUSTA WESTLAND EH-101 Merlin,EH10,Mil,tar1090-db import,,,,
43C7E8,ZZ113,,AGUSTA WESTLAND EH-101 Merlin,EH10,Mil,tar1090-db import,,,,
43C7E9,ZZ114,,AGUSTA WESTLAND EH-101 Merlin,EH10,Mil,tar1090-db import,,,,
43C7EA,ZZ115,,AGUSTA WESTLAND EH-101 Merlin,EH10,Mil,tar1090-db import,,,,
43C81E,ZM148,,LOCKHEED MARTIN F-35 Lightning 2,F35,Mil,tar1090-db import,,,,
43C90A,ZZ506,,B350,B350,Mil,tar1090-db import,,,,
43C90F,ZK067,,BELL 212,B212,Mil,tar1090-db import,,,,
43C926,ZR285,,AGUSTA WESTLAND EH-101 Merlin,EH10,Mil,tar1090-db import,,,,
43C927,ZR286,,AGUSTA WESTLAND EH-101 Merlin,EH10,Mil,tar1090-db import,,,,
43C92E,ZM700,,MCDONNELL DOUGLAS AH-64 Apache,H64,Mil,tar1090-db import,,,,
43C92F,ZM701,,Boeing AH-64E Apache,H64,Mil,tar1090-db import,,,,
43C930,ZM702,,Boeing AH-64E Apache,H64,Mil,tar1090-db import,,,,
43C931,ZM703,,Boeing AH-64E Apache,H64,Mil,tar1090-db import,,,,
43C934,ZM706,,Boeing AH-64E Apache,H64,Mil,tar1090-db import,,,,
43C935,ZM707,,Boeing AH-64E Apache,H64,Mil,tar1090-db import,,,,
43C936,ZM708,,Boeing AH-64E Apache,H64,Mil,tar1090-db import,,,,
43C938,ZM710,,Boeing AH-64E Apache,H64,Mil,tar1090-db import,,,,
43C939,ZM711,,Boeing AH-64E Apache,H64,Mil,tar1090-db import,,,,
43C93B,ZM713,,Boeing AH-64E Apache,H64,Mil,tar1090-db import,,,,
43C93D,ZM715,,Boeing AH-64E Apache,H64,Mil,tar1090-db import,,,,
43C93E,ZM716,,Boeing AH-64E Apache,H64,Mil,tar1090-db import,,,,
43C93F,ZM717,,Boeing AH-64E Apache,H64,Mil,tar1090-db import,,,,
43C940,ZM718,,Boeing AH-64E Apache,H64,Mil,tar1090-db import,,,,
43C941,ZM719,,Boeing AH-64E Apache,H64,Mil,tar1090-db import,,,,
43C943,ZM721,,Boeing AH-64E Apache,H64,Mil,tar1090-db import,,,,
43C944,ZM722,,Boeing AH-64E Apache,H64,Mil,tar1090-db import,,,,
43C945,ZM723,,Boeing AH-64E Apache,H64,Mil,tar1090-db import,,,,
43C946,ZM724,,Boeing AH-64E Apache,H64,Mil,tar1090-db import,,,,
43C947,ZM725,,Boeing AH-64E Apache,H64,Mil,tar1090-db import,,,,
43C948,ZM726,,Boeing AH-64E Apache,H64,Mil,tar1090-db import,,,,
43C949,ZM727,,MCDONNELL DOUGLAS AH-64 Apache,H64,Mil,tar1090-db import,,,,
43C94A,ZM728,,MCDONNELL DOUGLAS AH-64 Apache,H64,Mil,tar1090-db import,,,,
43C94B,ZM729,,MCDONNELL DOUGLAS AH-64 Apache,H64,Mil,tar1090-db import,,,,
43C94C,ZM730,,MCDONNELL DOUGLAS AH-64 Apache,H64,Mil,tar1090-db import,,,,
43C94D,ZM731,,MCDONNELL DOUGLAS AH-64 Apache,H64,Mil,tar1090-db import,,,,
43C94E,ZM732,,MCDONNELL DOUGLAS AH-64 Apache,H64,Mil,tar1090-db import,,,,
43C94F,ZM733,,MCDONNELL DOUGLAS AH-64 Apache,H64,Mil,tar1090-db import,,,,
43C950,ZM734,,MCDONNELL DOUGLAS AH-64 Apache,H64,Mil,tar1090-db import,,,,
43C951,ZM735,,MCDONNELL DOUGLAS AH-64 Apache,H64,Mil,tar1090-db import,,,,
43C953,ZM737,,MCDONNELL DOUGLAS AH-64 Apache,H64,Mil,tar1090-db import,,,,
43C954,ZM738,,MCDONNELL DOUGLAS AH-64 Apache,H64,Mil,tar1090-db import,,,,
43C955,ZM739,,MCDONNELL DOUGLAS AH-64 Apache,H64,Mil,tar1090-db import,,,,
43C956,ZM740,,H64,H64,Mil,tar1090-db import,,,,
43C957,ZM741,,MCDONNELL DOUGLAS AH-64 Apache,H64,Mil,tar1090-db import,,,,
43C958,ZM742,,H64,H64,Mil,tar1090-db import,,,,
43C959,ZM743,,MCDONNELL DOUGLAS AH-64 Apache,H64,Mil,tar1090-db import,,,,
43C95B,ZM745,,MCDONNELL DOUGLAS AH-64 Apache,H64,Mil,tar1090-db import,,,,
43C95C,ZM746,,MCDONNELL DOUGLAS AH-64 Apache,H64,Mil,tar1090-db import,,,,
43C95D,ZM747,,MCDONNELL DOUGLAS AH-64 Apache,H64,Mil,tar1090-db import,,,,
43C95E,ZM748,,MCDONNELL DOUGLAS AH-64 Apache,H64,Mil,tar1090-db import,,,,
43C974,PR012,,Q9,Q9,Mil,tar1090-db import,,,,
43C975,PR013,,Q9,Q9,Mil,tar1090-db import,,,,
43C976,PR014,,Q9,Q9,Mil,tar1090-db import,,,,
43C9DD,LH110,,EH10,EH10,Mil,tar1090-db import,,,,
43C9F3,ZJ786,,AEROSPATIALE AS-365 Dauphin 2,AS65,Mil,tar1090-db import,,,,
43CB58,ZZ511,,AGUSTAWESTLAND AW-159 Super Lynx,LYNX,Mil,tar1090-db import,,,,
447D0B,7L-WI,,EUFI,EUFI,Mil,tar1090-db import,,,,
447D11,7L-WO,,EUROFIGHTER 2000,EUFI,Mil,tar1090-db import,,,,
447D17,3H-FC,,PILATUS PC-7 Astra,PC7,Mil,tar1090-db import,,,,
447D18,3H-FD,,PILATUS PC-7 Astra,PC7,Mil,tar1090-db import,,,,
447D19,3H-FE,,PILATUS PC-7 Astra,PC7,Mil,tar1090-db import,,,,
447D1B,3H-FG,,PILATUS PC-7 Astra,PC7,Mil,tar1090-db import,,,,
447D1D,3H-FJ,,PILATUS PC-7 Astra,PC7,Mil,tar1090-db import,,,,
447D21,6M-BA,,SIKORSKY UH-60 Black Hawk,H60,Mil,tar1090-db import,,,,
447D22,6M-BB,,SIKORSKY UH-60 Black Hawk,H60,Mil,tar1090-db import,,,,
447D23,6M-BC,,SIKORSKY UH-60 Black Hawk,H60,Mil,tar1090-db import,,,,
447D24,6M-BD,,SIKORSKY UH-60 Black Hawk,H60,Mil,tar1090-db import,,,,
447D25,6M-BE,,SIKORSKY UH-60 Black Hawk,H60,Mil,tar1090-db import,,,,
447D29,6M-BI,,SIKORSKY UH-60 Black Hawk,H60,Mil,tar1090-db import,,,,
447D2C,5D-HB,,BELL 212,B212,Mil,tar1090-db import,,,,
447D2D,5D-HF,,B212,B212,Mil,tar1090-db import,,,,
447D2E,5D-HD,,BELL 212,B212,Mil,tar1090-db import,,,,
447D2F,5D-HF,,BELL 212,B212,Mil,tar1090-db import,,,,
447D31,5D-HH,,BELL 212,B212,Mil,tar1090-db import,,,,
447D33,5D-HJ,,BELL 212,B212,Mil,tar1090-db import,,,,
447D34,5D-HK,,BELL 212,B212,Mil,tar1090-db import,,,,
447D35,5D-HO,,B212,B212,Mil,tar1090-db import,,,,
447D36,5D-HN,,BELL 212,B212,Mil,tar1090-db import,,,,
447D39,5D-HS,,B212,B212,Mil,tar1090-db import,,,,
447D3A,5D-HR,,BELL 212,B212,Mil,tar1090-db import,,,,
447D3C,5D-HT,,BELL 212,B212,Mil,tar1090-db import,,,,
447D3D,5D-HU,,BELL 212,B212,Mil,tar1090-db import,,,,
447D42,3H-DA,,DIAMOND DA-40 Club Star,DA40,Mil,tar1090-db import,,,,
447D44,3H-DC,,DIAMOND DA-40 Club Star,DA40,Mil,tar1090-db import,,,,
447D45,3H-DD,,DIAMOND DA-40 Club Star,DA40,Mil,tar1090-db import,,,,
447D4E,3C-OK,,BELL 206 JetRanger,B06,Mil,tar1090-db import,,,,
447D62,3G-EB,,PC6T,PC6T,Mil,tar1090-db import,,,,
447D63,3G-ED,,PILATUS PC-6 Turbo-Porter,PC6T,Mil,tar1090-db import,,,,
447D64,3G-EE,,PILATUS PC-6 Turbo-Porter,PC6T,Mil,tar1090-db import,,,,
447D65,3G-EF,,PC6T,PC6T,Mil,tar1090-db import,,,,
447D66,3G-EG,,PC6T,PC6T,Mil,tar1090-db import,,,,
447D67,3G-EH,,PC6T,PC6T,Mil,tar1090-db import,,,,
447D68,3G-EK,,PILATUS PC-6 Turbo-Porter,PC6T,Mil,tar1090-db import,,,,
447D69,3G-EN,,PILATUS PC-6 Turbo-Porter,PC6T,Mil,tar1090-db import,,,,
44ED81,M-1,,AEROSPATIALE Alouette 3,ALO3,Mil,tar1090-db import,,,,
44ED82,M-2,,AEROSPATIALE Alouette 3,ALO3,Mil,tar1090-db import,,,,
44ED83,M-3,,AEROSPATIALE Alouette 3,ALO3,Mil,tar1090-db import,,,,
44F043,FB-23,,GENERAL DYNAMICS F-16 Fighting Falcon,F16,Mil,tar1090-db import,,,,
44F0E1,FA-71,,GENERAL DYNAMICS F-16 Fighting Falcon,F16,Mil,tar1090-db import,,,,
44F121,FA-91,,GENERAL DYNAMICS F-16 Fighting Falcon,F16,Mil,tar1090-db import,,,,
44F124,FA-94,,GENERAL DYNAMICS F-16 Fighting Falcon,F16,Mil,tar1090-db import,,,,
44F5A1,CM-01,,DASSAULT Falcon 200,FA20,Mil,tar1090-db import,,,,
44F601,LB-01,,PIPER PA-18 Super Cub,PA18,Mil,tar1090-db import,,,,
44F602,LB-02,,PIPER PA-18 Super Cub,PA18,Mil,tar1090-db import,,,,
44F636,H-22,,AGUSTA AW-109 Grand,A109,Mil,tar1090-db import,,,,
44F641,H-27,,AGUSTA AW-109 Grand,A109,Mil,tar1090-db import,,,,
44F642,H-28,,AGUSTA AW-109 Grand,A109,Mil,tar1090-db import,,,,
44F644,H-30,,AGUSTA AW-109 Grand,A109,Mil,tar1090-db import,,,,
44F64E,H-40,,AGUSTA AW-109 Grand,A109,Mil,tar1090-db import,,,,
44F650,H-42,,AGUSTA AW-109 Grand,A109,Mil,tar1090-db import,,,,
44F662,ST-04,,AERMACCHI SF-260,F260,Mil,tar1090-db import,,,,
44F663,ST-06,,AERMACCHI SF-260,F260,Mil,tar1090-db import,,,,
44F665,ST-15,,AERMACCHI SF-260,F260,Mil,tar1090-db import,,,,
44F66A,ST-20,,AERMACCHI SF-260,F260,Mil,tar1090-db import,,,,
44F671,ST-30,,AERMACCHI SF-260,F260,Mil,tar1090-db import,,,,
44F673,ST-32,,AERMACCHI SF-260,F260,Mil,tar1090-db import,,,,
44F674,ST-34,,AERMACCHI SF-260,F260,Mil,tar1090-db import,,,,
44F67A,ST-43,,AERMACCHI SF-260,F260,Mil,tar1090-db import,,,,
44F67B,ST-44,,AERMACCHI SF-260,F260,Mil,tar1090-db import,,,,
44F820,AT-10,,DASSAULT-DORNIER Alpha Jet,AJET,Mil,tar1090-db import,,,,
44F829,AT-19,,DASSAULT-DORNIER Alpha Jet,AJET,Mil,tar1090-db import,,,,
45104C,N-277,,NH90,NH90,Mil,tar1090-db import,,,,
457C01,020,,PILATUS PC-12,PC12,Mil,tar1090-db import,,,,
457C02,663,,PC9,PC9,Mil,tar1090-db import,,,,
457C06,667,,PC9,PC9,Mil,tar1090-db import,,,,
457C07,668,,PC9,PC9,Mil,tar1090-db import,,,,
457C08,701,,AEROSPATIALE AS-332 Super Puma,AS32,Mil,tar1090-db import,,,,
457C09,702,,AEROSPATIALE AS-332 Super Puma,AS32,Mil,tar1090-db import,,,,
457C0B,07,,AN26,AN26,Mil,tar1090-db import,,,,
457C0F,704,,AEROSPATIALE AS-332 Super Puma,AS32,Mil,tar1090-db import,,,,
457C15,708,,AEROSPATIALE AS-332 Super Puma,AS32,Mil,tar1090-db import,,,,
457C16,709,,AEROSPATIALE AS-332 Super Puma,AS32,Mil,tar1090-db import,,,,
457C17,710,,AEROSPATIALE AS-332 Super Puma,AS32,Mil,tar1090-db import,,,,
457C18,711,,AEROSPATIALE AS-332 Super Puma,AS32,Mil,tar1090-db import,,,,
457C20,068,,LET L-410 Turbolet,L410,Mil,tar1090-db import,,,,
457C21,069,,LET L-410 Turbolet,L410,Mil,tar1090-db import,,,,
457C30,207,,LET L-39 Albatros,L39,Mil,tar1090-db import,,,,
457C31,213,,LET L-39 Albatros,L39,Mil,tar1090-db import,,,,
457C32,139,,LET L-39 Albatros,L39,Mil,tar1090-db import,,,,
457C33,211,,LET L-39 Albatros,L39,Mil,tar1090-db import,,,,
459903,OY-FHC,,DE HAVILLAND DHC-6 Twin Otter,DHC6,Mil,tar1090-db import,,,,
459904,OY-FHD,,DE HAVILLAND DHC-6 Twin Otter,DHC6,Mil,tar1090-db import,,,,
45F428,B-536,,Lockheed Martin C-130J-30 Hercules,C30J,Mil,tar1090-db import,,,,
45F42C,M-502,,AGUSTA WESTLAND EH-101 Merlin,EH10,Mil,tar1090-db import,,,,
45F42D,M-516,,AGUSTA WESTLAND EH-101 Merlin,EH10,Mil,tar1090-db import,,,,
45F42E,M-504,,AGUSTA WESTLAND EH-101 Merlin,EH10,Mil,tar1090-db import,,,,
45F42F,M-517,,AGUSTA WESTLAND EH-101 Merlin,EH10,Mil,tar1090-db import,,,,
45F431,M-507,,AGUSTA WESTLAND EH-101 Merlin,EH10,Mil,tar1090-db import,,,,
45F432,M-508,,AGUSTA WESTLAND EH-101 Merlin,EH10,Mil,tar1090-db import,,,,
45F433,M-519,,AGUSTA WESTLAND EH-101 Merlin,EH10,Mil,tar1090-db import,,,,
45F434,M-510,,AGUSTA WESTLAND EH-101 Merlin,EH10,Mil,tar1090-db import,,,,
45F435,M-520,,AGUSTA WESTLAND EH-101 Merlin,EH10,Mil,tar1090-db import,,,,
45F436,M-512,,AGUSTA WESTLAND EH-101 Merlin,EH10,Mil,tar1090-db import,,,,
45F437,M-513,,AGUSTA WESTLAND EH-101 Merlin,EH10,Mil,tar1090-db import,,,,
45F438,M-514,,AGUSTA WESTLAND EH-101 Merlin,EH10,Mil,tar1090-db import,,,,
45F439,M-515,,AGUSTA WESTLAND EH-101 Merlin,EH10,Mil,tar1090-db import,,,,
45F440,N-971,,SIKORSKY UH-60 Black Hawk,H60,Mil,tar1090-db import,,,,
45F441,N-972,,SIKORSKY UH-60 Black Hawk,H60,Mil,tar1090-db import,,,,
45F442,N-973,,SIKORSKY UH-60 Black Hawk,H60,Mil,tar1090-db import,,,,
45F443,N-974,,SIKORSKY UH-60 Black Hawk,H60,Mil,tar1090-db import,,,,
45F444,N-975,,SIKORSKY UH-60 Black Hawk,H60,Mil,tar1090-db import,,,,
45F445,N-976,,SIKORSKY UH-60 Black Hawk,H60,Mil,tar1090-db import,,,,
45F446,N-977,,SIKORSKY UH-60 Black Hawk,H60,Mil,tar1090-db import,,,,
45F447,N-978,,SIKORSKY UH-60 Black Hawk,H60,Mil,tar1090-db import,,,,
45F448,N-979,,SIKORSKY UH-60 Black Hawk,H60,Mil,tar1090-db import,,,,
467801,FF-3,,FOKKER F-27,F27,Mil,tar1090-db import,,,,
467807,HN-402,,BOEING FA-18 HORNET,F18H,Mil,tar1090-db import,,,,
467808,HN-403,,BOEING FA-18 HORNET,F18H,Mil,tar1090-db import,,,,
467809,HN-404,,BOEING FA-18 HORNET,F18H,Mil,tar1090-db import,,,,
46780A,HN-405,,BOEING FA-18 HORNET,F18H,Mil,tar1090-db import,,,,
46780B,HN-406,,BOEING FA-18 HORNET,F18H,Mil,tar1090-db import,,,,
46780C,HN-407,,BOEING FA-18 HORNET,F18H,Mil,tar1090-db import,,,,
46780D,HN-408,,BOEING FA-18 HORNET,F18H,Mil,tar1090-db import,,,,
46780F,HN-410,,BOEING FA-18 HORNET,F18H,Mil,tar1090-db import,,,,
467811,HN-412,,BOEING FA-18 HORNET,F18H,Mil,tar1090-db import,,,,
467812,HN-414,,BOEING FA-18 HORNET,F18H,Mil,tar1090-db import,,,,
467813,HN-415,,BOEING FA-18 HORNET,F18H,Mil,tar1090-db import,,,,
467814,HN-416,,BOEING FA-18 HORNET,F18H,Mil,tar1090-db import,,,,
467815,HN-417,,BOEING FA-18 HORNET,F18H,Mil,tar1090-db import,,,,
467816,HN-418,,BOEING FA-18 HORNET,F18H,Mil,tar1090-db import,,,,
467817,HN-419,,BOEING FA-18 HORNET,F18H,Mil,tar1090-db import,,,,
467818,HN-420,,BOEING FA-18 HORNET,F18H,Mil,tar1090-db import,,,,
467819,HN-421,,BOEING FA-18 HORNET,F18H,Mil,tar1090-db import,,,,
46781A,HN-422,,BOEING FA-18 HORNET,F18H,Mil,tar1090-db import,,,,
46781B,HN-423,,BOEING FA-18 HORNET,F18H,Mil,tar1090-db import,,,,
46781D,HN-425,,BOEING FA-18 HORNET,F18H,Mil,tar1090-db import,,,,
46781F,HN-427,,BOEING FA-18 HORNET,F18H,Mil,tar1090-db import,,,,
467820,HN-428,,BOEING FA-18 HORNET,F18H,Mil,tar1090-db import,,,,
467821,HN-429,,BOEING FA-18 HORNET,F18H,Mil,tar1090-db import,,,,
467822,HN-431,,BOEING FA-18 HORNET,F18H,Mil,tar1090-db import,,,,
467823,HN-432,,BOEING FA-18 HORNET,F18H,Mil,tar1090-db import,,,,
467824,HN-433,,BOEING FA-18 HORNET,F18H,Mil,tar1090-db import,,,,
467826,HN-435,,BOEING FA-18 HORNET,F18H,Mil,tar1090-db import,,,,
467827,HN-436,,BOEING FA-18 HORNET,F18H,Mil,tar1090-db import,,,,
467829,HN-438,,BOEING FA-18 HORNET,F18H,Mil,tar1090-db import,,,,
46782A,HN-439,,BOEING FA-18 HORNET,F18H,Mil,tar1090-db import,,,,
46782D,HN-442,,BOEING FA-18 HORNET,F18H,Mil,tar1090-db import,,,,
46782E,HN-443,,BOEING FA-18 HORNET,F18H,Mil,tar1090-db import,,,,
46782F,HN-444,,BOEING FA-18 HORNET,F18H,Mil,tar1090-db import,,,,
467830,HN-445,,BOEING FA-18 HORNET,F18H,Mil,tar1090-db import,,,,
467831,HN-446,,BOEING FA-18 HORNET,F18H,Mil,tar1090-db import,,,,
467832,HN-447,,BOEING FA-18 HORNET,F18H,Mil,tar1090-db import,,,,
467833,HN-448,,BOEING FA-18 HORNET,F18H,Mil,tar1090-db import,,,,
467834,HN-449,,BOEING FA-18 HORNET,F18H,Mil,tar1090-db import,,,,
467835,HN-450,,BOEING FA-18 HORNET,F18H,Mil,tar1090-db import,,,,
467836,HN-451,,BOEING FA-18 HORNET,F18H,Mil,tar1090-db import,,,,
467837,HN-452,,BOEING FA-18 HORNET,F18H,Mil,tar1090-db import,,,,
467838,HN-453,,BOEING FA-18 HORNET,F18H,Mil,tar1090-db import,,,,
467839,HN-454,,BOEING FA-18 HORNET,F18H,Mil,tar1090-db import,,,,
46783A,HN-455,,BOEING FA-18 HORNET,F18H,Mil,tar1090-db import,,,,
46783B,HN-456,,BOEING FA-18 HORNET,F18H,Mil,tar1090-db import,,,,
46783C,HN-457,,BOEING FA-18 HORNET,F18H,Mil,tar1090-db import,,,,
46783D,HN-461,,BOEING FA-18 HORNET,F18H,Mil,tar1090-db import,,,,
46783E,HN-462,,BOEING FA-18 HORNET,F18H,Mil,tar1090-db import,,,,
46783F,HN-463,,BOEING FA-18 HORNET,F18H,Mil,tar1090-db import,,,,
467840,HN-464,,BOEING FA-18 HORNET,F18H,Mil,tar1090-db import,,,,
467841,HN-465,,BOEING FA-18 HORNET,F18H,Mil,tar1090-db import,,,,
467842,HN-466,,BOEING FA-18 HORNET,F18H,Mil,tar1090-db import,,,,
467843,HN-467,,BOEING FA-18 HORNET,F18H,Mil,tar1090-db import,,,,
467844,HN-424,,BOEING FA-18 HORNET,F18H,Mil,tar1090-db import,,,,
467847,HN-411,,BOEING FA-18 HORNET,F18H,Mil,tar1090-db import,,,,
46788E,CC-1,,CASA C-295 Persuader,C295,Mil,tar1090-db import,,,,
467890,PI-01,,PILATUS PC-12,PC12,Mil,tar1090-db import,,,,
467892,PI-03,,PILATUS PC-12,PC12,Mil,tar1090-db import,,,,
467896,CC-3,,CASA C-295 Persuader,C295,Mil,tar1090-db import,,,,
467897,GO-1,,GROB G-115,G115,Mil,tar1090-db import,,,,
467898,GO-2,,GROB G-115,G115,Mil,tar1090-db import,,,,
467899,GO-3,,GROB G-115,G115,Mil,tar1090-db import,,,,
46789A,GO-4,,GROB G-115,G115,Mil,tar1090-db import,,,,
46789B,GO-5,,GROB G-115,G115,Mil,tar1090-db import,,,,
46789C,GO-6,,GROB G-115,G115,Mil,tar1090-db import,,,,
46789D,GO-7,,GROB G-115,G115,Mil,tar1090-db import,,,,
46789E,GO-8,,GROB G-115,G115,Mil,tar1090-db import,,,,
46789F,GO-9,,GROB G-115,G115,Mil,tar1090-db import,,,,
4678A0,GO-10,,GROB G-115,G115,Mil,tar1090-db import,,,,
4678A1,GO-11,,GROB G-115,G115,Mil,tar1090-db import,,,,
4678A2,GO-12,,GROB G-115,G115,Mil,tar1090-db import,,,,
4678A3,GO-13,,GROB G-115,G115,Mil,tar1090-db import,,,,
4678A4,GO-14,,GROB G-115,G115,Mil,tar1090-db import,,,,
4678A5,GO-15,,GROB G-115,G115,Mil,tar1090-db import,,,,
4678A6,GO-16,,GROB G-115,G115,Mil,tar1090-db import,,,,
4678A7,GO-17,,GROB G-115,G115,Mil,tar1090-db import,,,,
4678A8,GO-18,,GROB G-115,G115,Mil,tar1090-db import,,,,
4678A9,GO-19,,GROB G-115,G115,Mil,tar1090-db import,,,,
4678AB,GO-21,,GROB G-115,G115,Mil,tar1090-db import,,,,
4678AC,GO-22,,G115,G115,Mil,tar1090-db import,,,,
4678AD,GO-23,,G115,G115,Mil,tar1090-db import,,,,
4678AF,GO-25,,GROB G-115,G115,Mil,tar1090-db import,,,,
4678B1,GO-27,,GROB G-115,G115,Mil,tar1090-db import,,,,
467C4A,PN74,,SIKORSKY UH-60 Black Hawk,H60,Mil,tar1090-db import,,,,
468007,007,,GENERAL DYNAMICS F-16 Fighting Falcon,F16,Mil,tar1090-db import,,,,
46801D,029,,GENERAL DYNAMICS F-16 Fighting Falcon,F16,Mil,tar1090-db import,,,,
468075,4117,,ALENIA C-27J Spartan,C27J,Mil,tar1090-db import,,,,
468078,4120,,ALENIA C-27J Spartan,C27J,Mil,tar1090-db import,,,,
468079,4121,,ALENIA C-27J Spartan,C27J,Mil,tar1090-db import,,,,
46807A,4122,,ALENIA C-27J Spartan,C27J,Mil,tar1090-db import,,,,
46807B,4123,,ALENIA C-27J Spartan,C27J,Mil,tar1090-db import,,,,
46807D,4125,,C27J,C27J,Mil,tar1090-db import,,,,
46812E,300,,LOCKHEED C-130 Hercules,C130,Mil,tar1090-db import,,,,
468176,374,,EMBRAER ERJ-145,E145,Mil,tar1090-db import,,,,
468196,406,,BEECHCRAFT Super King Air 350,B350,Mil,tar1090-db import,,,,
4682BD,22701,,AGUSTA AW-109 Grand,A109,Mil,tar1090-db import,,,,
4682C0,22704,,AGUSTA AW-109 Grand,A109,Mil,tar1090-db import,,,,
4682D9,729,,EMBRAER ERJ-145,E145,Mil,tar1090-db import,,,,
4682E5,741,,LOCKHEED C-130 Hercules,C130,Mil,tar1090-db import,,,,
4682EB,747,,LOCKHEED C-130 Hercules,C130,Mil,tar1090-db import,,,,
4682EF,751,,LOCKHEED C-130 Hercules,C130,Mil,tar1090-db import,,,,
4682F5,757,,EMBRAER ERJ-145,E145,Mil,tar1090-db import,,,,
46830C,2780,,AEROSPATIALE AS-332 Super Puma,AS32,Mil,tar1090-db import,,,,
4683B4,948,,C130,C130,Mil,tar1090-db import,,,,
46EC47,PN71,,SIKORSKY UH-60 Black Hawk,H60,Mil,tar1090-db import,,,,
46EC48,PN72,,SIKORSKY UH-60 Black Hawk,H60,Mil,tar1090-db import,,,,
46EC49,PN73,,SIKORSKY UH-60 Black Hawk,H60,Mil,tar1090-db import,,,,
46EC4B,PN75,,SIKORSKY UH-60 Black Hawk,H60,Mil,tar1090-db import,,,,
46EC4C,PN76,,SIKORSKY UH-60 Black Hawk,H60,Mil,tar1090-db import,,,,
46EC4D,PN77,,SIKORSKY UH-60 Black Hawk,H60,Mil,tar1090-db import,,,,
46F592,402,,BEECH 200 Super King Air,BE20,Mil,tar1090-db import,,,,
46F593,403,,B350,B350,Mil,tar1090-db import,,,,
473C02,31,,SAAB 39 Gripen,SB39,Mil,tar1090-db import,,,,
473C03,32,,SAAB 39 Gripen,SB39,Mil,tar1090-db import,,,,
473C05,34,,SAAB 39 Gripen,SB39,Mil,tar1090-db import,,,,
473C06,35,,SAAB 39 Gripen,SB39,Mil,tar1090-db import,,,,
473C07,36,,SAAB 39 Gripen,SB39,Mil,tar1090-db import,,,,
473C08,37,,SAAB 39 Gripen,SB39,Mil,tar1090-db import,,,,
473C09,38,,SAAB 39 Gripen,SB39,Mil,tar1090-db import,,,,
473C0A,39,,SAAB 39 Gripen,SB39,Mil,tar1090-db import,,,,
473C0B,40,,SAAB 39 Gripen,SB39,Mil,tar1090-db import,,,,
473C0C,41,,SAAB 39 Gripen,SB39,Mil,tar1090-db import,,,,
473C0E,43,,SAAB 39 Gripen,SB39,Mil,tar1090-db import,,,,
477F60,148,,L39,L39,Mil,tar1090-db import,,,,
477F69,141,,L39,L39,Mil,tar1090-db import,,,,
477F6A,142,,L39,L39,Mil,tar1090-db import,,,,
477F6B,143,,L39,L39,Mil,tar1090-db import,,,,
477F6C,144,,L39,L39,Mil,tar1090-db import,,,,
477F6D,145,,L39,L39,Mil,tar1090-db import,,,,
477F6E,146,,L39,L39,Mil,tar1090-db import,,,,
477F6F,147,,L39,L39,Mil,tar1090-db import,,,,
477F70,148,,L39,L39,Mil,tar1090-db import,,,,
477F79,73,,EC25,EC25,Mil,tar1090-db import,,,,
477F7B,74,,AIRBUS HELICOPTERS EC-225/725,EC25,Mil,tar1090-db import,,,,
477F7E,77,,AIRBUS HELICOPTERS EC-225/725,EC25,Mil,tar1090-db import,,,,
477F80,79,,EC25,EC25,Mil,tar1090-db import,,,,
477F81,82,,EC25,EC25,Mil,tar1090-db import,,,,
477F82,83,,EC25,EC25,Mil,tar1090-db import,,,,
477F83,84,,EC25,EC25,Mil,tar1090-db import,,,,
477F84,85,,EC25,EC25,Mil,tar1090-db import,,,,
477F8B,01,,EC45,EC45,Mil,tar1090-db import,,,,
477F8C,02,,EC45,EC45,Mil,tar1090-db import,,,,
477F8D,03,,EC45,EC45,Mil,tar1090-db import,,,,
477F8E,04,,AIRBUS HELICOPTERS EC-145,EC45,Mil,tar1090-db import,,,,
477F8F,07,,AIRBUS HELICOPTERS EC-145,EC45,Mil,tar1090-db import,,,,
477F90,08,,AIRBUS HELICOPTERS EC-145,EC45,Mil,tar1090-db import,,,,
477F91,09,,AIRBUS HELICOPTERS EC-145,EC45,Mil,tar1090-db import,,,,
477F92,10,,AIRBUS HELICOPTERS EC-145,EC45,Mil,tar1090-db import,,,,
477F93,11,,EC45,EC45,Mil,tar1090-db import,,,,
477F94,15,,EC45,EC45,Mil,tar1090-db import,,,,
477F95,16,,EC45,EC45,Mil,tar1090-db import,,,,
477F96,17,,EC45,EC45,Mil,tar1090-db import,,,,
477F97,18,,EC45,EC45,Mil,tar1090-db import,,,,
477F98,12,,EC45,EC45,Mil,tar1090-db import,,,,
477F99,13,,EC45,EC45,Mil,tar1090-db import,,,,
477F9A,14,,EC45,EC45,Mil,tar1090-db import,,,,
477F9B,19,,EC45,EC45,Mil,tar1090-db import,,,,
477F9C,20,,EC45,EC45,Mil,tar1090-db import,,,,
477F9D,05,,AIRBUS HELICOPTERS EC-145,EC45,Mil,tar1090-db import,,,,
477F9E,06,,AIRBUS HELICOPTERS EC-145,EC45,Mil,tar1090-db import,,,,
477FA0,101,,AS50,AS50,Mil,tar1090-db import,,,,
477FA1,102,,AEROSPATIALE AS-350 Ecureuil,AS50,Mil,tar1090-db import,,,,
477FCA,R-902,,MCDONNELL-DOUGLAS MD-900 Explorer,EXPL,Mil,tar1090-db import,,,,
477FD0,R-906,,MCDONNELL-DOUGLAS MD-900 Explorer,EXPL,Mil,tar1090-db import,,,,
477FDD,47,,SAAB 39 Gripen,SB39,Mil,tar1090-db import,,,,
477FDE,48,,SAAB 39 Gripen,SB39,Mil,tar1090-db import,,,,
477FF0,44,,SAAB 39 Gripen,SB39,Mil,tar1090-db import,,,,
478116,5629,,Lockheed Martin C-130J-30 Hercules,C30J,Mil,tar1090-db import,,,,
478124,0264,,AGUSTA WESTLAND EH-101 Merlin,EH10,Mil,tar1090-db import,,,,
478125,0265,,AGUSTA WESTLAND EH-101 Merlin,EH10,Mil,tar1090-db import,,,,
478127,0270,,AGUSTA WESTLAND EH-101 Merlin,EH10,Mil,tar1090-db import,,,,
478128,0273,,AGUSTA WESTLAND EH-101 Merlin,EH10,Mil,tar1090-db import,,,,
478129,0275,,AGUSTA WESTLAND EH-101 Merlin,EH10,Mil,tar1090-db import,,,,
47812A,0276,,AGUSTA WESTLAND EH-101 Merlin,EH10,Mil,tar1090-db import,,,,
47812B,0277,,AGUSTA WESTLAND EH-101 Merlin,EH10,Mil,tar1090-db import,,,,
47812C,0278,,AGUSTA WESTLAND EH-101 Merlin,EH10,Mil,tar1090-db import,,,,
47812D,0279,,AGUSTA WESTLAND EH-101 Merlin,EH10,Mil,tar1090-db import,,,,
47812E,0280,,AGUSTA WESTLAND EH-101 Merlin,EH10,Mil,tar1090-db import,,,,
47812F,0281,,AGUSTA WESTLAND EH-101 Merlin,EH10,Mil,tar1090-db import,,,,
478130,0282,,AGUSTA WESTLAND EH-101 Merlin,EH10,Mil,tar1090-db import,,,,
478131,0283,,AGUSTA WESTLAND EH-101 Merlin,EH10,Mil,tar1090-db import,,,,
478132,0284,,AGUSTA WESTLAND EH-101 Merlin,EH10,Mil,tar1090-db import,,,,
480440,D-479,,BOEING-VERTOL CH-47 Chinook,H47,Mil,tar1090-db import,,,,
480443,D-482,,BOEING-VERTOL CH-47 Chinook,H47,Mil,tar1090-db import,,,,
480445,D-484,,BOEING-VERTOL CH-47 Chinook,H47,Mil,tar1090-db import,,,,
480446,D-485,,BOEING-VERTOL CH-47 Chinook,H47,Mil,tar1090-db import,,,,
480449,D-603,,BOEING-VERTOL CH-47 Chinook,H47,Mil,tar1090-db import,,,,
48044A,D-604,,BOEING-VERTOL CH-47 Chinook,H47,Mil,tar1090-db import,,,,
48044B,D-605,,BOEING-VERTOL CH-47 Chinook,H47,Mil,tar1090-db import,,,,
48044C,D-606,,BOEING-VERTOL CH-47 Chinook,H47,Mil,tar1090-db import,,,,
480489,J-623,,GENERAL DYNAMICS F-16 Fighting Falcon,F16,Mil,tar1090-db import,,,,
480493,J-637,,GENERAL DYNAMICS F-16 Fighting Falcon,F16,Mil,tar1090-db import,,,,
480495,J-640,,GENERAL DYNAMICS F-16 Fighting Falcon,F16,Mil,tar1090-db import,,,,
4804B9,J-885,,GENERAL DYNAMICS F-16 Fighting Falcon,F16,Mil,tar1090-db import,,,,
480509,F-010,,LOCKHEED MARTIN F-35 Lightning 2,F35,Mil,tar1090-db import,,,,
48050B,F-012,,LOCKHEED MARTIN F-35 Lightning 2,F35,Mil,tar1090-db import,,,,
48050C,F-013,,LOCKHEED MARTIN F-35 Lightning 2,F35,Mil,tar1090-db import,,,,
48050E,F-015,,LOCKHEED MARTIN F-35 Lightning 2,F35,Mil,tar1090-db import,,,,
48050F,F-016,,LOCKHEED MARTIN F-35 Lightning 2,F35,Mil,tar1090-db import,,,,
480510,F-017,,LOCKHEED MARTIN F-35 Lightning 2,F35,Mil,tar1090-db import,,,,
480511,F-018,,LOCKHEED MARTIN F-35 Lightning 2,F35,Mil,tar1090-db import,,,,
480512,F-019,,LOCKHEED MARTIN F-35 Lightning 2,F35,Mil,tar1090-db import,,,,
480513,F-020,,LOCKHEED MARTIN F-35 Lightning 2,F35,Mil,tar1090-db import,,,,
480514,F-021,,LOCKHEED MARTIN F-35 Lightning 2,F35,Mil,tar1090-db import,,,,
48084B,D-474,,BOEING-VERTOL CH-47 Chinook,H47,Mil,tar1090-db import,,,,
48084F,D-478,,BOEING-VERTOL CH-47 Chinook,H47,Mil,tar1090-db import,,,,
480879,R-02,,BELL 412,B412,Mil,tar1090-db import,,,,
48087A,R-03,,BELL 412,B412,Mil,tar1090-db import,,,,
480880,Q-31,,MCDONNELL DOUGLAS AH-64 Apache,H64,Mil,tar1090-db import,,,,
480881,Q-32,,MCDONNELL DOUGLAS AH-64 Apache,H64,Mil,tar1090-db import,,,,
480882,Q-33,,MCDONNELL DOUGLAS AH-64 Apache,H64,Mil,tar1090-db import,,,,
480883,Q-34,,MCDONNELL DOUGLAS AH-64 Apache,H64,Mil,tar1090-db import,,,,
480884,Q-35,,MCDONNELL DOUGLAS AH-64 Apache,H64,Mil,tar1090-db import,,,,
480885,Q-36,,MCDONNELL DOUGLAS AH-64 Apache,H64,Mil,tar1090-db import,,,,
480886,Q-37,,MCDONNELL DOUGLAS AH-64 Apache,H64,Mil,tar1090-db import,,,,
480887,Q-38,,MCDONNELL DOUGLAS AH-64 Apache,H64,Mil,tar1090-db import,,,,
480888,Q-39,,MCDONNELL DOUGLAS AH-64 Apache,H64,Mil,tar1090-db import,,,,
480889,Q-40,,MCDONNELL DOUGLAS AH-64 Apache,H64,Mil,tar1090-db import,,,,
48088A,Q-41,,MCDONNELL DOUGLAS AH-64 Apache,H64,Mil,tar1090-db import,,,,
48088B,Q-42,,MCDONNELL DOUGLAS AH-64 Apache,H64,Mil,tar1090-db import,,,,
48088D,Q-44,,MCDONNELL DOUGLAS AH-64 Apache,H64,Mil,tar1090-db import,,,,
48088E,Q-45,,H64,H64,Mil,tar1090-db import,,,,
48088F,Q-46,,MCDONNELL DOUGLAS AH-64 Apache,H64,Mil,tar1090-db import,,,,
480890,Q-47,,MCDONNELL DOUGLAS AH-64 Apache,H64,Mil,tar1090-db import,,,,
480891,Q-48,,MCDONNELL DOUGLAS AH-64 Apache,H64,Mil,tar1090-db import,,,,
480892,Q-49,,MCDONNELL DOUGLAS AH-64 Apache,H64,Mil,tar1090-db import,,,,
480893,Q-50,,H64,H64,Mil,tar1090-db import,,,,
480C45,T-059,,AIRBUS A-330-200,A332,Mil,tar1090-db import,,,,
48104A,N-234,,NHI NH-90,NH90,Mil,tar1090-db import,,,,
481051,N-324,,NHI NH-90,NH90,Mil,tar1090-db import,,,,
4894DE,SP-28XG,,AIRBUS HELICOPTERS EC-135/635,EC35,Mil,tar1090-db import,,,,
48D8F0,1510,,C130,C130,Mil,tar1090-db import,,,,
48D900,029,,PZ3T,PZ3T,Mil,tar1090-db import,,,,
48D901,030,,PZ3T,PZ3T,Mil,tar1090-db import,,,,
48D902,031,,PZ3T,PZ3T,Mil,tar1090-db import,,,,
48D905,038,,PZ3T,PZ3T,Mil,tar1090-db import,,,,
48D907,041,,PZ3T,PZ3T,Mil,tar1090-db import,,,,
48D90F,051,,PZ3T,PZ3T,Mil,tar1090-db import,,,,
48D912,020,,PZ3T,PZ3T,Mil,tar1090-db import,,,,
48D9CB,42,,MG29,MG29,Mil,tar1090-db import,,,,
48D9CC,115,,MG29,MG29,Mil,tar1090-db import,,,,
48DA51,6103,,MIL Mi-8/9/17/19/171/172,MI8,Mil,tar1090-db import,,,,
48DA8E,0815,,W3,W3,Mil,tar1090-db import,,,,
48DA92,0620,,W3,W3,Mil,tar1090-db import,,,,
497C01,19601,,AGUSTA WESTLAND EH-101 Merlin,EH10,Mil,tar1090-db import,,,,
497C02,19602,,AGUSTA WESTLAND EH-101 Merlin,EH10,Mil,tar1090-db import,,,,
497C03,19603,,AGUSTA WESTLAND EH-101 Merlin,EH10,Mil,tar1090-db import,,,,
497C04,19604,,AGUSTA WESTLAND EH-101 Merlin,EH10,Mil,tar1090-db import,,,,
497C05,19605,,AGUSTA WESTLAND EH-101 Merlin,EH10,Mil,tar1090-db import,,,,
497C06,19606,,AGUSTA WESTLAND EH-101 Merlin,EH10,Mil,tar1090-db import,,,,
497C07,19607,,AGUSTA WESTLAND EH-101 Merlin,EH10,Mil,tar1090-db import,,,,
497C08,19608,,AGUSTA WESTLAND EH-101 Merlin,EH10,Mil,tar1090-db import,,,,
497C09,19609,,AGUSTA WESTLAND EH-101 Merlin,EH10,Mil,tar1090-db import,,,,
497C10,19610,,AGUSTA WESTLAND EH-101 Merlin,EH10,Mil,tar1090-db import,,,,
497C11,19611,,AGUSTA WESTLAND EH-101 Merlin,EH10,Mil,tar1090-db import,,,,
497C12,19612,,AGUSTA WESTLAND EH-101 Merlin,EH10,Mil,tar1090-db import,,,,
497C22,15102,,GENERAL DYNAMICS F-16 Fighting Falcon,F16,Mil,tar1090-db import,,,,
497C23,15103,,GENERAL DYNAMICS F-16 Fighting Falcon,F16,Mil,tar1090-db import,,,,
497C24,15104,,GENERAL DYNAMICS F-16 Fighting Falcon,F16,Mil,tar1090-db import,,,,
497C25,15105,,GENERAL DYNAMICS F-16 Fighting Falcon,F16,Mil,tar1090-db import,,,,
497C26,15106,,GENERAL DYNAMICS F-16 Fighting Falcon,F16,Mil,tar1090-db import,,,,
497C28,15108,,GENERAL DYNAMICS F-16 Fighting Falcon,F16,Mil,tar1090-db import,,,,
497C29,15109,,GENERAL DYNAMICS F-16 Fighting Falcon,F16,Mil,tar1090-db import,,,,
497C2A,15110,,GENERAL DYNAMICS F-16 Fighting Falcon,F16,Mil,tar1090-db import,,,,
497C2C,15113,,GENERAL DYNAMICS F-16 Fighting Falcon,F16,Mil,tar1090-db import,,,,
497C2D,15114,,GENERAL DYNAMICS F-16 Fighting Falcon,F16,Mil,tar1090-db import,,,,
497C2F,15116,,GENERAL DYNAMICS F-16 Fighting Falcon,F16,Mil,tar1090-db import,,,,
497C31,15118,,GENERAL DYNAMICS F-16 Fighting Falcon,F16,Mil,tar1090-db import,,,,
497C32,15119,,GENERAL DYNAMICS F-16 Fighting Falcon,F16,Mil,tar1090-db import,,,,
497C33,15120,,GENERAL DYNAMICS F-16 Fighting Falcon,F16,Mil,tar1090-db import,,,,
497C35,15122,,GENERAL DYNAMICS F-16 Fighting Falcon,F16,Mil,tar1090-db import,,,,
497C3E,15131,,GENERAL DYNAMICS F-16 Fighting Falcon,F16,Mil,tar1090-db import,,,,
497C40,15133,,GENERAL DYNAMICS F-16 Fighting Falcon,F16,Mil,tar1090-db import,,,,
497C42,15135,,GENERAL DYNAMICS F-16 Fighting Falcon,F16,Mil,tar1090-db import,,,,
497C43,15136,,GENERAL DYNAMICS F-16 Fighting Falcon,F16,Mil,tar1090-db import,,,,
497C49,15142,,GENERAL DYNAMICS F-16 Fighting Falcon,F16,Mil,tar1090-db import,,,,
497C4A,15143,,GENERAL DYNAMICS F-16 Fighting Falcon,F16,Mil,tar1090-db import,,,,
497C4B,15144,,GENERAL DYNAMICS F-16 Fighting Falcon,F16,Mil,tar1090-db import,,,,
497C72,17402,,DASSAULT Falcon 50,FA50,Mil,tar1090-db import,,,,
497C78,27404,,DASSAULT Falcon 900,F900,Mil,tar1090-db import,,,,
497C81,16801,,LOCKHEED C-130 Hercules,C130,Mil,tar1090-db import,,,,
497C82,16803,,LOCKHEED C-130 Hercules,C130,Mil,tar1090-db import,,,,
497C83,16805,,LOCKHEED C-130 Hercules,C130,Mil,tar1090-db import,,,,
497C84,16806,,LOCKHEED C-130 Hercules,C130,Mil,tar1090-db import,,,,
497C97,14807,,LOCKHEED P-3 Orion,P3,Mil,tar1090-db import,,,,
497C9C,24812,,P3,P3,Mil,tar1090-db import,,,,
497CA1,16701,,CASA C-295 Persuader,C295,Mil,tar1090-db import,,,,
497CA2,16702,,CASA C-295 Persuader,C295,Mil,tar1090-db import,,,,
497CA3,16703,,CASA C-295 Persuader,C295,Mil,tar1090-db import,,,,
497CA5,16705,,CASA C-295 Persuader,C295,Mil,tar1090-db import,,,,
497CA6,16706,,CASA C-295 Persuader,C295,Mil,tar1090-db import,,,,
497CA7,16707,,CASA C-295 Persuader,C295,Mil,tar1090-db import,,,,
497CA8,16708,,CASA C-295 Persuader,C295,Mil,tar1090-db import,,,,
497CAA,16710,,CASA C-295 Persuader,C295,Mil,tar1090-db import,,,,
497CB1,29701,,AGUSTA AW-119 Koala,A119,Mil,tar1090-db import,,,,
497CB2,29702,,AGUSTA AW-119 Koala,A119,Mil,tar1090-db import,,,,
497CB3,29703,,AGUSTA AW-119 Koala,A119,Mil,tar1090-db import,,,,
497CB4,29704,,AGUSTA AW-119 Koala,A119,Mil,tar1090-db import,,,,
497CB5,29705,,AGUSTA AW-119 Koala,A119,Mil,tar1090-db import,,,,
497CB6,29706,,AGUSTA AW-119 Koala,A119,Mil,tar1090-db import,,,,
497CB7,29707,,AGUSTA AW-119 Koala,A119,Mil,tar1090-db import,,,,
497CBC,19201,,AGUSTAWESTLAND AW-159 Super Lynx,LYNX,Mil,tar1090-db import,,,,
497CBD,19202,,AgustaWestland AW-159 Super Lynx Mk95A,LYNX,Mil,tar1090-db import,,,,
497CBE,19203,,AGUSTAWESTLAND AW-159 Super Lynx,LYNX,Mil,tar1090-db import,,,,
497CBF,19204,,AgustaWestland AW-159 Super Lynx Mk95A,LYNX,Mil,tar1090-db import,,,,
497CE0,25303,,EMBRAER EMB-314 Super Tucano,E314,Mil,tar1090-db import,,,,
497CE5,25301,,EMBRAER EMB-314 Super Tucano,E314,Mil,tar1090-db import,,,,
497CE6,25302,,EMBRAER EMB-314 Super Tucano,E314,Mil,tar1090-db import,,,,
497CE7,25303,,E314,E314,Mil,tar1090-db import,,,,
497CE8,25304,,EMBRAER EMB-314 Super Tucano,E314,Mil,tar1090-db import,,,,
497CE9,25305,,E314,E314,Mil,tar1090-db import,,,,
497FA1,29801,,SIKORSKY UH-60 Black Hawk,H60,Mil,tar1090-db import,,,,
497FA2,29802,,SIKORSKY UH-60 Black Hawk,H60,Mil,tar1090-db import,,,,
497FA3,29803,,SIKORSKY UH-60 Black Hawk,H60,Mil,tar1090-db import,,,,
497FA4,29804,,SIKORSKY UH-60 Black Hawk,H60,Mil,tar1090-db import,,,,
497FA5,29805,,SIKORSKY UH-60 Black Hawk,H60,Mil,tar1090-db import,,,,
497FA7,29807,,SIKORSKY UH-60 Black Hawk,H60,Mil,tar1090-db import,,,,
497FA8,29808,,SIKORSKY UH-60 Black Hawk,H60,Mil,tar1090-db import,,,,
49842A,9235,,SAAB 39 Gripen,SB39,Mil,tar1090-db import,,,,
498430,9241,,SAAB 39 Gripen,SB39,Mil,tar1090-db import,,,,
498431,9242,,SAAB 39 Gripen,SB39,Mil,tar1090-db import,,,,
498434,9245,,SAAB 39 Gripen,SB39,Mil,tar1090-db import,,,,
498437,1526,,LET L-410 Turbolet,L410,Mil,tar1090-db import,,,,
498439,9799,,MIL Mi-8/9/17/19/171/172,MI8,Mil,tar1090-db import,,,,
49843A,9806,,MIL Mi-8/9/17/19/171/172,MI8,Mil,tar1090-db import,,,,
498441,9813,,MIL Mi-8/9/17/19/171/172,MI8,Mil,tar1090-db import,,,,
498442,9837,,MIL Mi-8/9/17/19/171/172,MI8,Mil,tar1090-db import,,,,
498443,9781,,MIL Mi-8/9/17/19/171/172,MI8,Mil,tar1090-db import,,,,
498446,2312,,L410,L410,Mil,tar1090-db import,,,,
49844C,1525,,LET L-410 Turbolet,L410,Mil,tar1090-db import,,,,
49844F,0836,,MIL Mi-8/9/17/19/171/172,MI8,Mil,tar1090-db import,,,,
498453,0709,,PZL-SWIDNIK W-3,W3,Mil,tar1090-db import,,,,
498455,0712,,PZL-SWIDNIK W-3,W3,Mil,tar1090-db import,,,,
498456,0713,,PZL-SWIDNIK W-3,W3,Mil,tar1090-db import,,,,
498457,0714,,PZL-SWIDNIK W-3,W3,Mil,tar1090-db import,,,,
498458,0715,,PZL-SWIDNIK W-3,W3,Mil,tar1090-db import,,,,
498459,0716,,PZL-SWIDNIK W-3,W3,Mil,tar1090-db import,,,,
49845A,0717,,PZL-SWIDNIK W-3,W3,Mil,tar1090-db import,,,,
498461,0718,,PZL-SWIDNIK W-3,W3,Mil,tar1090-db import,,,,
498462,0719,,PZL-SWIDNIK W-3,W3,Mil,tar1090-db import,,,,
498482,3368,,MIL Mi-24/25/35,MI24,Mil,tar1090-db import,,,,
49848A,0828,,MIL Mi-8/9/17/19/171/172,MI8,Mil,tar1090-db import,,,,
49848B,9825,,MIL Mi-8/9/17/19/171/172,MI8,Mil,tar1090-db import,,,,
49848D,9767,,MIL Mi-8/9/17/19/171/172,MI8,Mil,tar1090-db import,,,,
49848F,0731,,LET L-410 Turbolet,L410,Mil,tar1090-db import,,,,
498491,0825,,MIL Mi-8/9/17/19/171/172,MI8,Mil,tar1090-db import,,,,
498492,0832,,MIL Mi-8/9/17/19/171/172,MI8,Mil,tar1090-db import,,,,
4984A1,0928,,LET L-410 Turbolet,L410,Mil,tar1090-db import,,,,
4984A2,0835,,MIL Mi-8/9/17/19/171/172,MI8,Mil,tar1090-db import,,,,
4984A3,0834,,MIL Mi-8/9/17/19/171/172,MI8,Mil,tar1090-db import,,,,
4984A4,0839,,MIL Mi-8/9/17/19/171/172,MI8,Mil,tar1090-db import,,,,
4984A5,0848,,MIL Mi-8/9/17/19/171/172,MI8,Mil,tar1090-db import,,,,
4984A6,0849,,MIL Mi-8/9/17/19/171/172,MI8,Mil,tar1090-db import,,,,
4984A7,0850,,MIL Mi-8/9/17/19/171/172,MI8,Mil,tar1090-db import,,,,
4984B3,0457,,MIL Mi-8/9/17/19/171/172,MI8,Mil,tar1090-db import,,,,
4984B8,0486,,SUCO,SUCO,Mil,tar1090-db import,,,,
4984B9,0487,,SUCO,SUCO,Mil,tar1090-db import,,,,
4984BA,0488,,SUCO,SUCO,Mil,tar1090-db import,,,,
4984BB,0489,,SUCO,SUCO,Mil,tar1090-db import,,,,
4984BC,0490,,UH1Y,UH1Y,Mil,tar1090-db import,,,,
4984BD,0491,,UH1Y,UH1Y,Mil,tar1090-db import,,,,
4984BE,0492,,UH1Y,UH1Y,Mil,tar1090-db import,,,,
4984BF,0493,,UH1Y,UH1Y,Mil,tar1090-db import,,,,
4984C0,0494,,UH1Y,UH1Y,Mil,tar1090-db import,,,,
4984C1,0495,,UH1Y,UH1Y,Mil,tar1090-db import,,,,
4984C2,0496,,UH1Y,UH1Y,Mil,tar1090-db import,,,,
4984C3,0497,,UH1Y,UH1Y,Mil,tar1090-db import,,,,
4984EB,0477,,L39,L39,Mil,tar1090-db import,,,,
4984FB,0555,,L39,L39,Mil,tar1090-db import,,,,
4984FC,0556,,L39,L39,Mil,tar1090-db import,,,,
4A34D6,291,,AIRBUS HELICOPTERS EC-135/635,EC35,Mil,tar1090-db import,,,,
4A34D7,292,,AIRBUS HELICOPTERS EC-135/635,EC35,Mil,tar1090-db import,,,,
4A34D8,293,,AIRBUS HELICOPTERS EC-135/635,EC35,Mil,tar1090-db import,,,,
4A34D9,270,,SIKORSKY UH-60 Black Hawk,H60,Mil,tar1090-db import,,,,
4A34DA,271,,H60,H60,Mil,tar1090-db import,,,,
4A34E1,272,,SIKORSKY UH-60 Black Hawk,H60,Mil,tar1090-db import,,,,
4A34E2,273,,SIKORSKY UH-60 Black Hawk,H60,Mil,tar1090-db import,,,,
4A34E3,274,,SIKORSKY UH-60 Black Hawk,H60,Mil,tar1090-db import,,,,
4A34E4,275,,H60,H60,Mil,tar1090-db import,,,,
4A34E5,276,,H60,H60,Mil,tar1090-db import,,,,
4A34E6,1123,,LEARJET 45,LJ45,Mil,tar1090-db import,,,,
4A34E7,1124,,LEARJET 45,LJ45,Mil,tar1090-db import,,,,
4A34E8,9142,,LOCKHEED C-130 Hercules,C130,Mil,tar1090-db import,,,,
4A34E9,9143,,LOCKHEED C-130 Hercules,C130,Mil,tar1090-db import,,,,
4A3507,91,,AEROSPATIALE SA-330 Puma,PUMA,Mil,tar1090-db import,,,,
4A3515,277,,SIKORSKY UH-60 Black Hawk,H60,Mil,tar1090-db import,,,,
4A35A2,5930,,LOCKHEED C-130 Hercules,C130,Mil,tar1090-db import,,,,
4A35A4,6166,,LOCKHEED C-130 Hercules,C130,Mil,tar1090-db import,,,,
4A35A5,6191,,LOCKHEED C-130 Hercules,C130,Mil,tar1090-db import,,,,
4A35A6,810,,ANTONOV An-26,AN26,Mil,tar1090-db import,,,,
4A35A8,1105,,ANTONOV An-30,AN30,Mil,tar1090-db import,,,,
4A35AA,2701,,ALENIA C-27J Spartan,C27J,Mil,tar1090-db import,,,,
4A35AB,2702,,ALENIA C-27J Spartan,C27J,Mil,tar1090-db import,,,,
4A35AD,2704,,ALENIA C-27J Spartan,C27J,Mil,tar1090-db import,,,,
4A35AE,2705,,ALENIA C-27J Spartan,C27J,Mil,tar1090-db import,,,,
4A35B3,75,,AEROSPATIALE SA-330 Puma,PUMA,Mil,tar1090-db import,,,,
4A35B4,106,,AEROSPATIALE SA-330 Puma,PUMA,Mil,tar1090-db import,,,,
4A35B6,337,,AIRBUS HELICOPTERS EC-135/635,EC35,Mil,tar1090-db import,,,,
4A35B7,339,,AIRBUS HELICOPTERS EC-135/635,EC35,Mil,tar1090-db import,,,,
4A35C1,140,,AEROSPATIALE SA-330 Puma,PUMA,Mil,tar1090-db import,,,,
4A35C7,349,,AIRBUS HELICOPTERS EC-135/635,EC35,Mil,tar1090-db import,,,,
4A35C8,350,,AIRBUS HELICOPTERS EC-135/635,EC35,Mil,tar1090-db import,,,,
4A35CE,333,,AIRBUS HELICOPTERS EC-135/635,EC35,Mil,tar1090-db import,,,,
4A35CF,336,,AIRBUS HELICOPTERS EC-135/635,EC35,Mil,tar1090-db import,,,,
4A35D1,335,,AIRBUS HELICOPTERS EC-135/635,EC35,Mil,tar1090-db import,,,,
4A35D3,98,,AEROSPATIALE SA-330 Puma,PUMA,Mil,tar1090-db import,,,,
4A35D5,14,,IAR-330 Puma,PUMA,Mil,tar1090-db import,,,,
4A35D6,26,,AEROSPATIALE SA-330 Puma,PUMA,Mil,tar1090-db import,,,,
4A35D7,51,,AEROSPATIALE SA-330 Puma,PUMA,Mil,tar1090-db import,,,,
4A35D8,57,,AEROSPATIALE SA-330 Puma,PUMA,Mil,tar1090-db import,,,,
4A35DA,83,,AEROSPATIALE SA-330 Puma,PUMA,Mil,tar1090-db import,,,,
4A35E1,1601,,GENERAL DYNAMICS F-16 Fighting Falcon,F16,Mil,tar1090-db import,,,,
4A35E2,1602,,GENERAL DYNAMICS F-16 Fighting Falcon,F16,Mil,tar1090-db import,,,,
4A35E3,1603,,GENERAL DYNAMICS F-16 Fighting Falcon,F16,Mil,tar1090-db import,,,,
4A35EA,1610,,GENERAL DYNAMICS F-16 Fighting Falcon,F16,Mil,tar1090-db import,,,,
4A35EF,1615,,GENERAL DYNAMICS F-16 Fighting Falcon,F16,Mil,tar1090-db import,,,,
4A3603,109,,AEROSPATIALE SA-330 Puma,PUMA,Mil,tar1090-db import,,,,
4A3604,201,,AEROSPATIALE AS-365 Dauphin 2,AS65,Mil,tar1090-db import,,,,
4A3607,204,,AEROSPATIALE AS-365 Dauphin 2,AS65,Mil,tar1090-db import,,,,
4A360C,334,,AIRBUS HELICOPTERS EC-135/635,EC35,Mil,tar1090-db import,,,,
4A360E,340,,AIRBUS HELICOPTERS EC-135/635,EC35,Mil,tar1090-db import,,,,
4A360F,341,,AIRBUS HELICOPTERS EC-135/635,EC35,Mil,tar1090-db import,,,,
4A3613,346,,AIRBUS HELICOPTERS EC-135/635,EC35,Mil,tar1090-db import,,,,
4A8187,84007,,LOCKHEED C-130 Hercules,C130,Mil,tar1090-db import,,,,
4A82F1,60040,,SAAB 105,SB05,Mil,tar1090-db import,,,,
4A82F2,60041,,SAAB 105,SB05,Mil,tar1090-db import,,,,
4A82F7,60061,,SAAB 105,SB05,Mil,tar1090-db import,,,,
4A82F8,60062,,SAAB 105,SB05,Mil,tar1090-db import,,,,
4A82FC,60079,,SAAB 105,SB05,Mil,tar1090-db import,,,,
4A82FF,60088,,SAAB 105,SB05,Mil,tar1090-db import,,,,
4A8302,60100,,SAAB 105,SB05,Mil,tar1090-db import,,,,
4A8306,60105,,SAAB 105,SB05,Mil,tar1090-db import,,,,
4A8309,60114,,SAAB 105,SB05,Mil,tar1090-db import,,,,
4A830A,60115,,SAAB 105,SB05,Mil,tar1090-db import,,,,
4A830B,60116,,SAAB 105,SB05,Mil,tar1090-db import,,,,
4A830C,60118,,SAAB 105,SB05,Mil,tar1090-db import,,,,
4A830E,60125,,SAAB 105,SB05,Mil,tar1090-db import,,,,
4A8312,60133,,SAAB 105,SB05,Mil,tar1090-db import,,,,
4A8314,60136,,SAAB 105,SB05,Mil,tar1090-db import,,,,
4A8315,60137,,SAAB 105,SB05,Mil,tar1090-db import,,,,
4AEBD3,161226,,SIKORSKY UH-60 Black Hawk,H60,Mil,tar1090-db import,,,,
4AEBD6,161229,,SIKORSKY UH-60 Black Hawk,H60,Mil,tar1090-db import,,,,
4AEBD7,161230,,H60,H60,Mil,tar1090-db import,,,,
4AEBD8,161231,,H60,H60,Mil,tar1090-db import,,,,
4AEBD9,161232,,SIKORSKY UH-60 Black Hawk,H60,Mil,tar1090-db import,,,,
4AEBDF,161238,,SIKORSKY UH-60 Black Hawk,H60,Mil,tar1090-db import,,,,
4AEBE0,161239,,SIKORSKY UH-60 Black Hawk,H60,Mil,tar1090-db import,,,,
4AEBE3,146056,,NHI NH-90,NH90,Mil,tar1090-db import,,,,
4AECC3,106111,,BOMBARDIER BD-700 Global 6000/6500,GLEX,Mil,tar1090-db import,,,,
4AECCD,40217,,GROB G-120TP,G12T,Mil,tar1090-db import,,,,
4AECCE,106166,,BOMBARDIER BD-700 Global 6000/6500,GLEX,Mil,tar1090-db import,,,,
4AECD1,106148,,BOMBARDIER BD-700 Global 6000/6500,GLEX,Mil,tar1090-db import,,,,
4AECD2,106178,,BOMBARDIER BD-700 Global 6000/6500,GLEX,Mil,tar1090-db import,,,,
4B7F5E,V-635,,PILATUS PC-6 Turbo-Porter,PC6T,Mil,tar1090-db import,,,,
4B7F5F,V-634,,PILATUS PC-6 Turbo-Porter,PC6T,Mil,tar1090-db import,,,,
4B7F61,V-632,,PILATUS PC-6 Turbo-Porter,PC6T,Mil,tar1090-db import,,,,
4B7F62,V-631,,PILATUS PC-6 Turbo-Porter,PC6T,Mil,tar1090-db import,,,,
4B7F63,V-623,,PILATUS PC-6 Turbo-Porter,PC6T,Mil,tar1090-db import,,,,
4B7F65,V-620,,PILATUS PC-6 Turbo-Porter,PC6T,Mil,tar1090-db import,,,,
4B7F66,V619,,PILATUS PC-6 Turbo-Porter,PC6T,Mil,tar1090-db import,,,,
4B7F67,V-618,,PILATUS PC-6 Turbo-Porter,PC6T,Mil,tar1090-db import,,,,
4B7F68,V-617,,PILATUS PC-6 Turbo-Porter,PC6T,Mil,tar1090-db import,,,,
4B7F69,V-616,,PILATUS PC-6 Turbo-Porter,PC6T,Mil,tar1090-db import,,,,
4B7F6B,V-613,,PILATUS PC-6 Turbo-Porter,PC6T,Mil,tar1090-db import,,,,
4B7F6D,A-923,,PILATUS PC-7 Astra,PC7,Mil,tar1090-db import,,,,
4B7F6E,A-922,,PILATUS PC-7 Astra,PC7,Mil,tar1090-db import,,,,
4B7F6F,A-919,,PILATUS PC-7 Astra,PC7,Mil,tar1090-db import,,,,
4B7F70,A-918,,PILATUS PC-7 Astra,PC7,Mil,tar1090-db import,,,,
4B7F71,A-917,,PC7,PC7,Mil,tar1090-db import,,,,
4B7F72,A-916,,PILATUS PC-7 Astra,PC7,Mil,tar1090-db import,,,,
4B7F73,A-915,,PC7,PC7,Mil,tar1090-db import,,,,
4B7F74,A-914,,PILATUS PC-7 Astra,PC7,Mil,tar1090-db import,,,,
4B7F75,A-913,,PILATUS PC-7 Astra,PC7,Mil,tar1090-db import,,,,
4B7F76,A-912,,PILATUS PC-7 Astra,PC7,Mil,tar1090-db import,,,,
4B7F77,T-729,,BEECH 1900,B190,Mil,tar1090-db import,,,,
4B7F79,J-5238,,BOEING FA-18 HORNET,F18H,Mil,tar1090-db import,,,,
4B7F7D,J-5234,,BOEING FA-18 HORNET,F18H,Mil,tar1090-db import,,,,
4B7F7E,J-5233,,BOEING FA-18 HORNET,F18H,Mil,tar1090-db import,,,,
4B7F7F,J-5232,,BOEING FA-18 HORNET,F18H,Mil,tar1090-db import,,,,
4B7F80,J-5026,,BOEING FA-18 HORNET,F18H,Mil,tar1090-db import,,,,
4B7F82,J-5024,,BOEING FA-18 HORNET,F18H,Mil,tar1090-db import,,,,
4B7F85,J-5021,,BOEING FA-18 HORNET,F18H,Mil,tar1090-db import,,,,
4B7F86,J-5020,,BOEING FA-18 HORNET,F18H,Mil,tar1090-db import,,,,
4B7F87,J-5019,,BOEING FA-18 HORNET,F18H,Mil,tar1090-db import,,,,
4B7F8A,J-5016,,BOEING FA-18 HORNET,F18H,Mil,tar1090-db import,,,,
4B7F8B,J-5015,,BOEING FA-18 HORNET,F18H,Mil,tar1090-db import,,,,
4B7F8D,J-5013,,BOEING FA-18 HORNET,F18H,Mil,tar1090-db import,,,,
4B7F91,J-5009,,BOEING FA-18 HORNET,F18H,Mil,tar1090-db import,,,,
4B7F92,J-5008,,BOEING FA-18 HORNET,F18H,Mil,tar1090-db import,,,,
4B7F93,J-5007,,BOEING FA-18 HORNET,F18H,Mil,tar1090-db import,,,,
4B7F94,J-5006,,BOEING FA-18 HORNET,F18H,Mil,tar1090-db import,,,,
4B7F97,J-5003,,BOEING FA-18 HORNET,F18H,Mil,tar1090-db import,,,,
4B7F9D,T-322,,AEROSPATIALE AS-332 Super Puma,AS32,Mil,tar1090-db import,,,,
4B7F9F,T-320,,AEROSPATIALE AS-332 Super Puma,AS32,Mil,tar1090-db import,,,,
4B7FA1,T-318,,AEROSPATIALE AS-332 Super Puma,AS32,Mil,tar1090-db import,,,,
4B7FA6,T-313,,AEROSPATIALE AS-332 Super Puma,AS32,Mil,tar1090-db import,,,,
4B7FA8,T-311,,AEROSPATIALE AS-332 Super Puma,AS32,Mil,tar1090-db import,,,,
4B7FAA,A-105,,PILATUS PC-21,PC21,Mil,tar1090-db import,,,,
4B7FAB,A-104,,PILATUS PC-21,PC21,Mil,tar1090-db import,,,,
4B7FAF,A-941,,PC7,PC7,Mil,tar1090-db import,,,,
4B7FB0,A-940,,PILATUS PC-7 Astra,PC7,Mil,tar1090-db import,,,,
4B7FB1,A-939,,PILATUS PC-7 Astra,PC7,Mil,tar1090-db import,,,,
4B7FB2,A-938,,PILATUS PC-7 Astra,PC7,Mil,tar1090-db import,,,,
4B7FB3,A-937,,PILATUS PC-7 Astra,PC7,Mil,tar1090-db import,,,,
4B7FB4,A-936,,PC7,PC7,Mil,tar1090-db import,,,,
4B7FB5,A-935,,PILATUS PC-7 Astra,PC7,Mil,tar1090-db import,,,,
4B7FB6,A-934,,PC7,PC7,Mil,tar1090-db import,,,,
4B7FB7,A-933,,PC7,PC7,Mil,tar1090-db import,,,,
4B7FB8,A-932,,PILATUS PC-7 Astra,PC7,Mil,tar1090-db import,,,,
4B7FB9,A-931,,PILATUS PC-7 Astra,PC7,Mil,tar1090-db import,,,,
4B7FBA,A-930,,PILATUS PC-7 Astra,PC7,Mil,tar1090-db import,,,,
4B7FBB,A-929,,PILATUS PC-7 Astra,PC7,Mil,tar1090-db import,,,,
4B7FBC,A-928,,PILATUS PC-7 Astra,PC7,Mil,tar1090-db import,,,,
4B7FBD,A-927,,PILATUS PC-7 Astra,PC7,Mil,tar1090-db import,,,,
4B7FBE,A-925,,PILATUS PC-7 Astra,PC7,Mil,tar1090-db import,,,,
4B7FBF,A-924,,PC7,PC7,Mil,tar1090-db import,,,,
4B7FC1,T-369,,AIRBUS HELICOPTERS EC-135/635,EC35,Mil,tar1090-db import,,,,
4B7FC5,T-365,,AIRBUS HELICOPTERS EC-135/635,EC35,Mil,tar1090-db import,,,,
4B7FC8,T-362,,AIRBUS HELICOPTERS EC-135/635,EC35,Mil,tar1090-db import,,,,
4B7FC9,T-361,,AIRBUS HELICOPTERS EC-135/635,EC35,Mil,tar1090-db import,,,,
4B7FD6,A-926,,PC7,PC7,Mil,tar1090-db import,,,,
4B7FDC,T-337,,AEROSPATIALE AS-332 Super Puma,AS32,Mil,tar1090-db import,,,,
4B7FE2,T-331,,AEROSPATIALE AS-332 Super Puma,AS32,Mil,tar1090-db import,,,,
4B8015,EM-710,,SIKORSKY UH-60 Black Hawk,H60,Mil,tar1090-db import,,,,
4B8017,10013,,BE20,BE20,Mil,tar1090-db import,,,,
4B801F,11-002,,GULFSTREAM 4,GLF4,Mil,tar1090-db import,,,,
4B8209,004,,CESSNA 650 Citation,C650,Mil,tar1090-db import,,,,
4B8215,TCB-651,,CASA CN-235 Persuader,CN35,Mil,tar1090-db import,,,,
4B8216,TCB-652,,CASA CN-235 Persuader,CN35,Mil,tar1090-db import,,,,
4B8217,TCB-653,,CASA CN-235 Persuader,CN35,Mil,tar1090-db import,,,,
4B8218,TCB-654,,CASA CN-235 Persuader,CN35,Mil,tar1090-db import,,,,
4B8219,TCB-655,,CASA CN-235 Persuader,CN35,Mil,tar1090-db import,,,,
4B821A,TCB-656,,CASA CN-235 Persuader,CN35,Mil,tar1090-db import,,,,
4B821F,61-0960,,LOCKHEED C-130 Hercules,C130,Mil,tar1090-db import,,,,
4B8220,61-0963,,LOCKHEED C-130 Hercules,C130,Mil,tar1090-db import,,,,
4B8221,61-2634,,LOCKHEED C-130 Hercules,C130,Mil,tar1090-db import,,,,
4B8224,63-13187,,LOCKHEED C-130 Hercules,C130,Mil,tar1090-db import,,,,
4B8225,63-13188,,LOCKHEED C-130 Hercules,C130,Mil,tar1090-db import,,,,
4B8228,71-01468,,LOCKHEED C-130 Hercules,C130,Mil,tar1090-db import,,,,
4B8229,73-0991,,C130,C130,Mil,tar1090-db import,,,,
4B82BF,EM-1426,,BELL 206 JetRanger,B06,Mil,tar1090-db import,,,,
4B82C0,EM-702,,SIKORSKY UH-60 Black Hawk,H60,Mil,tar1090-db import,,,,
4B82CD,EM-704,,H60,H60,Mil,tar1090-db import,,,,
4B82CE,OR-0177,,CESSNA 650 Citation,C650,Mil,tar1090-db import,,,,
4B82D5,EM-809,,BEECHCRAFT Super King Air 350,B350,Mil,tar1090-db import,,,,
4B82D7,J-003,,B350,B350,Mil,tar1090-db import,,,,
4B82D9,TT-5050,,SIKORSKY UH-60 Black Hawk,H60,Mil,tar1090-db import,,,,
4B82DA,5001,,BEECH 200 Super King Air,BE20,Mil,tar1090-db import,,,,
4B82DB,5002,,BEECH 200 Super King Air,BE20,Mil,tar1090-db import,,,,
4B82DC,J-001,,CESSNA 680 Citation Sovereign,C680,Mil,tar1090-db import,,,,
4B82E5,67-0455,,LOCKHEED C-130 Hercules,C130,Mil,tar1090-db import,,,,
4B82E6,68-01606,,LOCKHEED C-130 Hercules,C130,Mil,tar1090-db import,,,,
4B82E7,68-1608,,LOCKHEED C-130 Hercules,C130,Mil,tar1090-db import,,,,
4B82E9,70-01610,,LOCKHEED C-130 Hercules,C130,Mil,tar1090-db import,,,,
4B82EA,TR010,,BOMBARDIER CL-600 Challenger,CL60,Mil,tar1090-db import,,,,
4B82FF,5003,,BEECHCRAFT Super King Air 350,B350,Mil,tar1090-db import,,,,
4B8304,93-057,,CASA CN-235 Persuader,CN35,Mil,tar1090-db import,,,,
4B8384,EM-372,,BTB2,BTB2,Mil,tar1090-db import,,,,
4B8386,EM-361,,BTB2,BTB2,Mil,tar1090-db import,,,,
4B8387,EM-362,,BTB2,BTB2,Mil,tar1090-db import,,,,
4B8388,EM-363,,BTB2,BTB2,Mil,tar1090-db import,,,,
4B8389,EM-321,,BTB2,BTB2,Mil,tar1090-db import,,,,
4B838A,EM-374,,BTB2,BTB2,Mil,tar1090-db import,,,,
4B838B,EM-322,,BTB2,BTB2,Mil,tar1090-db import,,,,
4B838C,EM-323,,BTB2,BTB2,Mil,tar1090-db import,,,,
4B838D,EM-324,,BTB2,BTB2,Mil,tar1090-db import,,,,
4B839C,KLH71,,BOMBARDIER CL-600 Challenger,CL60,Mil,tar1090-db import,,,,
4B83A4,TCSG-572,,BTB2,BTB2,Mil,tar1090-db import,,,,
4B83A5,TCSG-573,,BTB2,BTB2,Mil,tar1090-db import,,,,
4B83A6,TCSG-574,,BTB2,BTB2,Mil,tar1090-db import,,,,
4B83A7,TCSG-575,,BAYKAR TB-2,BTB2,Mil,tar1090-db import,,,,
4B83A8,TCSG-576,,BTB2,BTB2,Mil,tar1090-db import,,,,
4B8B32,TC-BYR,,BOMBARDIER CL-600 Challenger,CL60,Mil,tar1090-db import,,,,
4BAE47,TC-KRG,,GULFSTREAM 4,GLF4,Mil,tar1090-db import,,,,
4BB745,TC-MZE,,GULFSTREAM G650,GLF6,Mil,tar1090-db import,,,,
4C0155,71505,,YAKOVLEV Yak-40,YK40,Mil,tar1090-db import,,,,
4C1C1C,14503,,AIRBUS HELICOPTERS EC-145,EC45,Mil,tar1090-db import,,,,
4C1C3E,14531,,AIRBUS HELICOPTERS EC-145,EC45,Mil,tar1090-db import,,,,
4C1C5F,14510,,AIRBUS HELICOPTERS EC-145,EC45,Mil,tar1090-db import,,,,
4C2C1A,18151,,MIKOYAN MiG-29/33/35,MG29,Mil,tar1090-db import,,,,
4C2C1B,18201,,MIKOYAN MiG-29/33/35,MG29,Mil,tar1090-db import,,,,
4C2C1D,18203,,MIKOYAN MiG-29/33/35,MG29,Mil,tar1090-db import,,,,
4C2C1E,18351,,MIKOYAN MiG-29/33/35,MG29,Mil,tar1090-db import,,,,
4C2C1F,18352,,MIKOYAN MiG-29/33/35,MG29,Mil,tar1090-db import,,,,
4C2C2A,18108,,MIKOYAN MiG-29/33/35,MG29,Mil,tar1090-db import,,,,
4C2C2E,18101,,MIKOYAN MiG-29/33/35,MG29,Mil,tar1090-db import,,,,
4C2C2F,18102,,MIKOYAN MiG-29/33/35,MG29,Mil,tar1090-db import,,,,
4C2C3A,18204,,MIKOYAN MiG-29/33/35,MG29,Mil,tar1090-db import,,,,
4C2C3B,18205,,MIKOYAN MiG-29/33/35,MG29,Mil,tar1090-db import,,,,
4C39F2,YU-OPS,,AEROSPATIALE AS-332 Super Puma,AS32,Mil,tar1090-db import,,,,
4C550F,YU-VIP,,AEROSPATIALE AS-332 Super Puma,AS32,Mil,tar1090-db import,,,,
4C5C1A,29501,,CASA C-295 Persuader,C295,Mil,tar1090-db import,,,,
4C5C1B,29502,,CASA C-295 Persuader,C295,Mil,tar1090-db import,,,,
4C8092,CAF-001,,EMBRAER EMB-135 Legacy,E35L,Mil,tar1090-db import,,,,
4C80A7,19-59,,AIRBUS HELICOPTERS EC-145,EC45,Mil,tar1090-db import,,,,
4C80A9,19-60,,AIRBUS HELICOPTERS EC-145,EC45,Mil,tar1090-db import,,,,
4C80AA,19-55,,AIRBUS HELICOPTERS EC-145,EC45,Mil,tar1090-db import,,,,
4C80AB,19-56,,AIRBUS HELICOPTERS EC-145,EC45,Mil,tar1090-db import,,,,
4C80BC,H2-UPC,,AIR TRACTOR AT-802,AT8T,Mil,tar1090-db import,,,,
4CA330,275,,AGUSTA AW-139,A139,Mil,tar1090-db import,,,,
4CA421,286,,CASA C-295 Persuader,C295,Mil,tar1090-db import,,,,
4CA44A,288,,DE HAVILLAND DHC-6 Twin Otter,DHC6,Mil,tar1090-db import,,,,
4D20C3,AS1428,,AGUSTA AW-139,A139,Mil,tar1090-db import,,,,
4D20DE,AS1429,,AGUSTA AW-139,A139,Mil,tar1090-db import,,,,
4D2117,AS1630,,AGUSTA AW-139,A139,Mil,tar1090-db import,,,,
4D2166,AS1731,,BEECH 200 Super King Air,BE20,Mil,tar1090-db import,,,,
4D808F,3C-TM09,,IL76,IL76,Mil,tar1090-db import,,,,
50042F,T7-ELIF,,GULFSTREAM 4,GLF4,Mil,tar1090-db import,,,,
5010AC,FA-631,,AEROSPATIALE AS-332 Super Puma,AS32,Mil,tar1090-db import,,,,
5010AD,FA-632,,AEROSPATIALE AS-332 Super Puma,AS32,Mil,tar1090-db import,,,,
5010AE,FA-633,,AEROSPATIALE AS-332 Super Puma,AS32,Mil,tar1090-db import,,,,
5010AF,FA-634,,AEROSPATIALE AS-332 Super Puma,AS32,Mil,tar1090-db import,,,,
501FB9,230,,SIKORSKY UH-60 Black Hawk,H60,Mil,tar1090-db import,,,,
501FBA,231,,SIKORSKY UH-60 Black Hawk,H60,Mil,tar1090-db import,,,,
501FBB,232,,SIKORSKY UH-60 Black Hawk,H60,Mil,tar1090-db import,,,,
501FBC,233,,SIKORSKY UH-60 Black Hawk,H60,Mil,tar1090-db import,,,,
502FA5,105,,SIKORSKY UH-60 Black Hawk,H60,Mil,tar1090-db import,,,,
502FA6,106,,SIKORSKY UH-60 Black Hawk,H60,Mil,tar1090-db import,,,,
502FA8,100,,MI8,MI8,Mil,tar1090-db import,,,,
502FAE,030,,AN2,AN2,Mil,tar1090-db import,,,,
502FAF,108,,SIKORSKY UH-60 Black Hawk,H60,Mil,tar1090-db import,,,,
503FD0,01 BLUE,,LET L-410 Turbolet,L410,Mil,tar1090-db import,,,,
503FD5,26 BLUE,,MIL Mi-8/9/17/19/171/172,MI8,Mil,tar1090-db import,,,,
503FD9,02 BLUE,,LET L-410 Turbolet,L410,Mil,tar1090-db import,,,,
503FDB,42 BLUE,,AEROSPATIALE AS-365 Dauphin 2,AS65,Mil,tar1090-db import,,,,
503FE2,61,,SIKORSKY UH-60 Black Hawk,H60,Mil,tar1090-db import,,,,
503FE3,62,,SIKORSKY UH-60 Black Hawk,H60,Mil,tar1090-db import,,,,
505F65,0841,,MIL Mi-8/9/17/19/171/172,MI8,Mil,tar1090-db import,,,,
505F66,0820,,MIL Mi-8/9/17/19/171/172,MI8,Mil,tar1090-db import,,,,
505F67,0827,,MIL Mi-8/9/17/19/171/172,MI8,Mil,tar1090-db import,,,,
505F69,2818,,LET L-410 Turbolet,L410,Mil,tar1090-db import,,,,
505F6C,1521,,LET L-410 Turbolet,L410,Mil,tar1090-db import,,,,
505F6E,1962,,ALENIA C-27J Spartan,C27J,Mil,tar1090-db import,,,,
505F6F,7639,,SIKORSKY UH-60 Black Hawk,H60,Mil,tar1090-db import,,,,
505F70,7640,,SIKORSKY UH-60 Black Hawk,H60,Mil,tar1090-db import,,,,
505F72,7642,,SIKORSKY UH-60 Black Hawk,H60,Mil,tar1090-db import,,,,
505F74,7448,,SIKORSKY UH-60 Black Hawk,H60,Mil,tar1090-db import,,,,
505F75,7449,,SIKORSKY UH-60 Black Hawk,H60,Mil,tar1090-db import,,,,
505F76,7445,,SIKORSKY UH-60 Black Hawk,H60,Mil,tar1090-db import,,,,
505F77,7446,,SIKORSKY UH-60 Black Hawk,H60,Mil,tar1090-db import,,,,
505F78,7447,,SIKORSKY UH-60 Black Hawk,H60,Mil,tar1090-db import,,,,
505F87,0845,,MIL Mi-8/9/17/19/171/172,MI8,Mil,tar1090-db import,,,,
505F88,0846,,MIL Mi-8/9/17/19/171/172,MI8,Mil,tar1090-db import,,,,
505FA0,9513,,BOMBARDIER BD-700 Global 5000/5500,GL5T,Mil,tar1090-db import,,,,
505FA1,9633,,BOMBARDIER BD-700 Global 5000/5500,GL5T,Mil,tar1090-db import,,,,
505FAD,5252,,LET L-39 Albatros,L39,Mil,tar1090-db import,,,,
505FAF,5254,,LET L-39 Albatros,L39,Mil,tar1090-db import,,,,
505FB0,5301,,LET L-39 Albatros,L39,Mil,tar1090-db import,,,,
505FB1,5302,,LET L-39 Albatros,L39,Mil,tar1090-db import,,,,
506E6C,S5-HZJ,,BELL 206 JetRanger,B06,Mil,tar1090-db import,,,,
506E6D,S5-HPK,,BELL 206 JetRanger,B06,Mil,tar1090-db import,,,,
506E6E,S5-HKM,,B06,B06,Mil,tar1090-db import,,,,
506F22,L6-02,,PILATUS PC-6 Turbo-Porter,PC6T,Mil,tar1090-db import,,,,
506F23,L6-03,,PILATUS PC-6 Turbo-Porter,PC6T,Mil,tar1090-db import,,,,
506F3F,H2-31,,BELL 412,B412,Mil,tar1090-db import,,,,
506F41,H2-33,,BELL 412,B412,Mil,tar1090-db import,,,,
506F42,H2-34,,BELL 412,B412,Mil,tar1090-db import,,,,
506F43,H2-35,,BELL 412,B412,Mil,tar1090-db import,,,,
506F44,H2-36,,BELL 412,B412,Mil,tar1090-db import,,,,
506F45,H2-37,,BELL 412,B412,Mil,tar1090-db import,,,,
506F46,H2-38,,BELL 412,B412,Mil,tar1090-db import,,,,
506F5D,L9-61,,PILATUS PC-9 Hudournik,PC9,Mil,tar1090-db import,,,,
506F5E,L9-62,,PILATUS PC-9 Hudournik,PC9,Mil,tar1090-db import,,,,
506F5F,L9-63,,PILATUS PC-9 Hudournik,PC9,Mil,tar1090-db import,,,,
506F60,L9-64,,PILATUS PC-9 Hudournik,PC9,Mil,tar1090-db import,,,,
506F61,L9-65,,PILATUS PC-9 Hudournik,PC9,Mil,tar1090-db import,,,,
506F62,L9-66,,PILATUS PC-9 Hudournik,PC9,Mil,tar1090-db import,,,,
506F63,L9-67,,PILATUS PC-9 Hudournik,PC9,Mil,tar1090-db import,,,,
506F64,L9-68,,PILATUS PC-9 Hudournik,PC9,Mil,tar1090-db import,,,,
506F65,L9-69,,PILATUS PC-9 Hudournik,PC9,Mil,tar1090-db import,,,,
506F66,L2-01,,ALENIA C-27J Spartan,C27J,Mil,tar1090-db import,,,,
506F67,H3-71,,AEROSPATIALE AS-332 Super Puma,AS32,Mil,tar1090-db import,,,,
506F68,H3-72,,AEROSPATIALE AS-332 Super Puma,AS32,Mil,tar1090-db import,,,,
506F69,H3-73,,AEROSPATIALE AS-332 Super Puma,AS32,Mil,tar1090-db import,,,,
506F6A,H3-74,,AEROSPATIALE AS-332 Super Puma,AS32,Mil,tar1090-db import,,,,
506F6B,L2-02,,ALENIA C-27J Spartan,C27J,Mil,tar1090-db import,,,,
507C7C,UK888,,AIRBUS A-319,A319,Mil,tar1090-db import,,,,
507F81,UK-29501,,CASA C-295 Persuader,C295,Mil,tar1090-db import,,,,
507F82,UK-1002,,CASA C-295 Persuader,C295,Mil,tar1090-db import,,,,
507F83,UK-1003,,CASA C-295 Persuader,C295,Mil,tar1090-db import,,,,
507F84,UK-1004,,CASA C-295 Persuader,C295,Mil,tar1090-db import,,,,
507F87,UK-76428,,ILYUSHIN Il-76/82,IL76,Mil,tar1090-db import,,,,
507F89,203,,AEROSPATIALE AS-332 Super Puma,AS32,Mil,tar1090-db import,,,,
507F8A,204,,AS32,AS32,Mil,tar1090-db import,,,,
507F8C,206,,AEROSPATIALE AS-332 Super Puma,AS32,Mil,tar1090-db import,,,,
507F8E,208,,AEROSPATIALE AS-332 Super Puma,AS32,Mil,tar1090-db import,,,,
507F9C,209WHITE,,AEROSPATIALE AS-332 Super Puma,AS32,Mil,tar1090-db import,,,,
507F9D,210WHITE,,AEROSPATIALE AS-332 Super Puma,AS32,Mil,tar1090-db import,,,,
507F9E,211,,AS32,AS32,Mil,tar1090-db import,,,,
507FA0,107,,AEROSPATIALE AS-350 Ecureuil,AS50,Mil,tar1090-db import,,,,
507FA4,UK-003,,SIKORSKY S-92 Helibus,S92,Mil,tar1090-db import,,,,
507FA9,212WHITE,,AEROSPATIALE AS-332 Super Puma,AS32,Mil,tar1090-db import,,,,
507FAB,213WHITE,,AEROSPATIALE AS-332 Super Puma,AS32,Mil,tar1090-db import,,,,
50800C,UR-86527,,ILYUSHIN Il-62,IL62,Mil,tar1090-db import,,,,
50800F,UR-86528,,ILYUSHIN Il-62,IL62,Mil,tar1090-db import,,,,
508066,UR-65718,,TUPOLEV Tu-134,T134,Mil,tar1090-db import,,,,
5080DE,UR-65556,,TUPOLEV Tu-134,T134,Mil,tar1090-db import,,,,
508213,UR-UKN,,ANTONOV An-148,A148,Mil,tar1090-db import,,,,
508256,UR-UKR,,ANTONOV An-148,A148,Mil,tar1090-db import,,,,
5082AF,UR-HLZ,,MIL Mi-8/9/17/19/171/172,MI8,Mil,tar1090-db import,,,,
50FD8A,36BLUE,,ANTONOV An-32 Sutlej,AN32,Mil,tar1090-db import,,,,
50FD8B,37BLUE,,ANTONOV An-32 Sutlej,AN32,Mil,tar1090-db import,,,,
50FDCF,11,,AIRBUS HELICOPTERS EC-145,EC45,Mil,tar1090-db import,,,,
50FDD0,71,,AIRBUS HELICOPTERS EC-145,EC45,Mil,tar1090-db import,,,,
50FDD1,44RED,,AIRBUS HELICOPTERS EC-145,EC45,Mil,tar1090-db import,,,,
50FDD2,45RED,,AIRBUS HELICOPTERS EC-145,EC45,Mil,tar1090-db import,,,,
50FDD5,72BLUE,,AIRBUS HELICOPTERS EC-145,EC45,Mil,tar1090-db import,,,,
50FE44,02BLUE,,AIRBUS HELICOPTERS EC-145,EC45,Mil,tar1090-db import,,,,
50FE54,03 BLUE,,AIRBUS HELICOPTERS EC-145,EC45,Mil,tar1090-db import,,,,
50FE60,05 BLUE,,AIRBUS HELICOPTERS EC-145,EC45,Mil,tar1090-db import,,,,
50FE9A,58BLUE,,AIRBUS HELICOPTERS EC-225/725,EC25,Mil,tar1090-db import,,,,
50FF3C,32BLACK,,ANTONOV An-32 Sutlej,AN32,Mil,tar1090-db import,,,,
50FF3D,31BLACK,,ANTONOV An-32 Sutlej,AN32,Mil,tar1090-db import,,,,
50FF3E,33BLACK,,ANTONOV An-32 Sutlej,AN32,Mil,tar1090-db import,,,,
50FF3F,34BLACK,,ANTONOV An-32 Sutlej,AN32,Mil,tar1090-db import,,,,
50FF40,25 BLUE,,ANTONOV An-26,AN26,Mil,tar1090-db import,,,,
50FF4B,42RED,,AIRBUS HELICOPTERS EC-145,EC45,Mil,tar1090-db import,,,,
50FF4C,43RED,,AIRBUS HELICOPTERS EC-145,EC45,Mil,tar1090-db import,,,,
50FF9B,04 BLUE,,ANTONOV An-26,AN26,Mil,tar1090-db import,,,,
50FFB6,01 BLUE,,ANTONOV An-26,AN26,Mil,tar1090-db import,,,,
50FFC6,45 BLUE,,ANTONOV An-26,AN26,Mil,tar1090-db import,,,,
50FFCB,10YELLOW,,AIRBUS HELICOPTERS EC-225/725,EC25,Mil,tar1090-db import,,,,
50FFCC,51BLUE,,AIRBUS HELICOPTERS EC-225/725,EC25,Mil,tar1090-db import,,,,
50FFD8,01BLUE,,ANTONOV An-26,AN26,Mil,tar1090-db import,,,,
50FFDF,52BLUE,,AIRBUS HELICOPTERS EC-225/725,EC25,Mil,tar1090-db import,,,,
50FFEB,63BLUE,,AEROSPATIALE AS-350 Ecureuil,AS50,Mil,tar1090-db import,,,,
50FFEC,64BLUE,,AEROSPATIALE AS-350 Ecureuil,AS50,Mil,tar1090-db import,,,,
5100C2,EW-005DE,,ILYUSHIN Il-76/82,IL76,Mil,tar1090-db import,,,,
5100E7,EW-004DE,,ILYUSHIN Il-76/82,IL76,Mil,tar1090-db import,,,,
511121,43,,PZL-MIELEC M-28 Skytruck,M28,Mil,tar1090-db import,,,,
514013,4L-GAA,,BOMBARDIER Regional Jet CRJ-200,CRJ2,Mil,tar1090-db import,,,,
516203,XHB033,,BELL 412,B412,Mil,tar1090-db import,,,,
516204,XHB032,,BELL 412,B412,Mil,tar1090-db import,,,,
600039,EK76345,,ILYUSHIN Il-76/82,IL76,Mil,tar1090-db import,,,,
600881,4K-78129,,ILYUSHIN Il-76/82,IL76,Mil,tar1090-db import,,,,
600B5C,40860,,ALENIA C-27J Spartan,C27J,Mil,tar1090-db import,,,,
600B5D,40861,,ALENIA C-27J Spartan,C27J,Mil,tar1090-db import,,,,
600BB7,FHN-10201,,BERIEV Be-200 Altair,BER2,Mil,tar1090-db import,,,,
601133,EX-12001,,BEECHCRAFT Super King Air 350,B350,Mil,tar1090-db import,,,,
601142,EX-10001,,AIRBUS A-320,A320,Mil,tar1090-db import,,,,
601800,EZ-P717,,AGUSTA AW-139,A139,Mil,tar1090-db import,,,,
601803,17 BLUE,,ANTONOV An-74-200,AN72,Mil,tar1090-db import,,,,
601819,20 BLUE,,ALENIA C-27J Spartan,C27J,Mil,tar1090-db import,,,,
60181A,21 BLUE,,ALENIA C-27J Spartan,C27J,Mil,tar1090-db import,,,,
613133,4K-78131,,ILYUSHIN Il-76/82,IL76,Mil,tar1090-db import,,,,
683000,UP-72850,,ANTONOV An-74-200,AN72,Mil,tar1090-db import,,,,
68306A,UP-T5401,,TUPOLEV Tu-154,T154,Mil,tar1090-db import,,,,
6831CE,07-RED,,ANTONOV An-74-200,AN72,Mil,tar1090-db import,,,,
6831D0,18RED,,ANTONOV An-12,AN12,Mil,tar1090-db import,,,,
6831F1,01 RED,,CASA C-295 Persuader,C295,Mil,tar1090-db import,,,,
6831F2,02 RED,,CASA C-295 Persuader,C295,Mil,tar1090-db import,,,,
6831F3,03-RED,,CASA C-295 Persuader,C295,Mil,tar1090-db import,,,,
6831F4,04-RED,,CASA C-295 Persuader,C295,Mil,tar1090-db import,,,,
6831F6,06-RED,,CASA C-295 Persuader,C295,Mil,tar1090-db import,,,,
6831F7,08 RED,,CASA C-295 Persuader,C295,Mil,tar1090-db import,,,,
683248,01YELLOW,,ANTONOV An-12,AN12,Mil,tar1090-db import,,,,
683249,35001,,BEECHCRAFT Super King Air 350,B350,Mil,tar1090-db import,,,,
68324A,35002,,BEECHCRAFT Super King Air 350,B350,Mil,tar1090-db import,,,,
68324C,65001,,EMBRAER EMB-135 Legacy,E35L,Mil,tar1090-db import,,,,
68324D,35003,,BEECHCRAFT Super King Air 350,B350,Mil,tar1090-db import,,,,
683250,09RED,,CASA C-295 Persuader,C295,Mil,tar1090-db import,,,,
683251,29502,,C295,C295,Mil,tar1090-db import,,,,
683305,41,,L410,L410,Mil,tar1090-db import,,,,
683306,42,,L410,L410,Mil,tar1090-db import,,,,
683307,29503,,CASA C-295 Persuader,C295,Mil,tar1090-db import,,,,
683308,04,,ANTONOV An-12,AN12,Mil,tar1090-db import,,,,
68330A,06,,ANTONOV An-12,AN12,Mil,tar1090-db import,,,,
6E0D8C,85-24422,,H60,H60,Mil,tar1090-db import,,,,
70002F,1689,,LOCKHEED C-130 Hercules,C130,Mil,tar1090-db import,,,,
702C01,S3-AGA,,LOCKHEED C-130 Hercules,C130,Mil,tar1090-db import,,,,
702C02,S3-AGB,,LOCKHEED C-130 Hercules,C130,Mil,tar1090-db import,,,,
702C04,S3-AGD,,LOCKHEED C-130 Hercules,C130,Mil,tar1090-db import,,,,
702C21,S3-AJE,,A119,A119,Mil,tar1090-db import,,,,
702C22,S3-AJF,,A119,A119,Mil,tar1090-db import,,,,
702C25,99-5479,,Lockheed Martin C-130J Hercules,C30J,Mil,tar1090-db import,,,,
702C32,314-03,,DORNIER 228,D228,Mil,tar1090-db import,,,,
702C33,314-04,,D228,D228,Mil,tar1090-db import,,,,
702C3B,BH131,,BELL 212,B212,Mil,tar1090-db import,,,,
702C46,S3-BRT,,CASA C-295 Persuader,C295,Mil,tar1090-db import,,,,
702C47,S3-BRA,,BELL 407,B407,Mil,tar1090-db import,,,,
702C48,S3-BRN,,BELL 407,B407,Mil,tar1090-db import,,,,
702C49,S3-BRR,,CASA C-295 Persuader,C295,Mil,tar1090-db import,,,,
702C65,BH297,,BELL 212,B212,Mil,tar1090-db import,,,,
702C66,205,,MIL Mi-8/9/17/19/171/172,MI8,Mil,tar1090-db import,,,,
702C67,216,,MIL Mi-8/9/17/19/171/172,MI8,Mil,tar1090-db import,,,,
702C6A,414,,MIL Mi-8/9/17/19/171/172,MI8,Mil,tar1090-db import,,,,
702C6C,99-5480,,LOCKHEED MARTIN C-130J Super Hercules,C30J,Mil,tar1090-db import,,,,
702C6D,99-5481,,LOCKHEED MARTIN C-130J Super Hercules,C30J,Mil,tar1090-db import,,,,
702C6E,S3-AGJ,,Lockheed Martin C-130J Hercules,C30J,Mil,tar1090-db import,,,,
702C70,S3-AVP,,G12T,G12T,Mil,tar1090-db import,,,,
702C71,S3-AVQ,,G12T,G12T,Mil,tar1090-db import,,,,
702C72,S3-AVR,,G12T,G12T,Mil,tar1090-db import,,,,
702C73,S3-AVS,,G12T,G12T,Mil,tar1090-db import,,,,
702C74,S3-AVT,,G12T,G12T,Mil,tar1090-db import,,,,
702C75,S3-AVU,,G12T,G12T,Mil,tar1090-db import,,,,
702C76,S3-AVV,,G12T,G12T,Mil,tar1090-db import,,,,
702C77,S3-AVW,,G12T,G12T,Mil,tar1090-db import,,,,
702C78,S3-AVX,,G12T,G12T,Mil,tar1090-db import,,,,
702C79,S3-AVY,,G12T,G12T,Mil,tar1090-db import,,,,
702C7A,S3-AVZ,,G12T,G12T,Mil,tar1090-db import,,,,
702C87,415,,MIL Mi-8/9/17/19/171/172,MI8,Mil,tar1090-db import,,,,
702C88,748,,MIL Mi-8/9/17/19/171/172,MI8,Mil,tar1090-db import,,,,
702C8A,82330,,GROB G-115,G115,Mil,tar1090-db import,,,,
702C8B,82331,,GROB G-115,G115,Mil,tar1090-db import,,,,
702C8C,82332,,GROB G-115,G115,Mil,tar1090-db import,,,,
704021,XY-ARA,,FOKKER 70,F70,Mil,tar1090-db import,,,,
704F80,002,,FOKKER 70,F70,Mil,tar1090-db import,,,,
704F81,003,,FOKKER 70,F70,Mil,tar1090-db import,,,,
706218,801,,F18S,F18S,Mil,tar1090-db import,,,,
706219,802,,F18S,F18S,Mil,tar1090-db import,,,,
70622E,881,,Boeing F/A-18F Super Hornet,F18S,Mil,tar1090-db import,,,,
70625B,KAF601,,AIRBUS HELICOPTERS EC-225/725,EC25,Mil,tar1090-db import,,,,
70625C,KAF602,,AIRBUS HELICOPTERS EC-225/725,EC25,Mil,tar1090-db import,,,,
70625D,KAF603,,AIRBUS HELICOPTERS EC-225/725,EC25,Mil,tar1090-db import,,,,
70625E,KAF604,,AIRBUS HELICOPTERS EC-225/725,EC25,Mil,tar1090-db import,,,,
70625F,KAF605,,AIRBUS HELICOPTERS EC-225/725,EC25,Mil,tar1090-db import,,,,
706260,KAF606,,AIRBUS HELICOPTERS EC-225/725,EC25,Mil,tar1090-db import,,,,
706261,KAF607,,AIRBUS HELICOPTERS EC-225/725,EC25,Mil,tar1090-db import,,,,
706262,KAF608,,AIRBUS HELICOPTERS EC-225/725,EC25,Mil,tar1090-db import,,,,
706263,KAF609,,AIRBUS HELICOPTERS EC-225/725,EC25,Mil,tar1090-db import,,,,
706264,KAF610,,AIRBUS HELICOPTERS EC-225/725,EC25,Mil,tar1090-db import,,,,
706265,KAF611,,AIRBUS HELICOPTERS EC-225/725,EC25,Mil,tar1090-db import,,,,
706266,KAF612,,AIRBUS HELICOPTERS EC-225/725,EC25,Mil,tar1090-db import,,,,
706267,KAF613,,AIRBUS HELICOPTERS EC-225/725,EC25,Mil,tar1090-db import,,,,
706268,KAF614,,AIRBUS HELICOPTERS EC-225/725,EC25,Mil,tar1090-db import,,,,
706269,KAF615,,AIRBUS HELICOPTERS EC-225/725,EC25,Mil,tar1090-db import,,,,
70626A,KAF616,,AIRBUS HELICOPTERS EC-225/725,EC25,Mil,tar1090-db import,,,,
70626B,KAF617,,AIRBUS HELICOPTERS EC-225/725,EC25,Mil,tar1090-db import,,,,
70626C,KAF618,,AIRBUS HELICOPTERS EC-225/725,EC25,Mil,tar1090-db import,,,,
70626D,KAF619,,AIRBUS HELICOPTERS EC-225/725,EC25,Mil,tar1090-db import,,,,
70626E,KAF620,,AIRBUS HELICOPTERS EC-225/725,EC25,Mil,tar1090-db import,,,,
70626F,KAF621,,AIRBUS HELICOPTERS EC-225/725,EC25,Mil,tar1090-db import,,,,
706270,KAF622,,AIRBUS HELICOPTERS EC-225/725,EC25,Mil,tar1090-db import,,,,
706271,KAF623,,AIRBUS HELICOPTERS EC-225/725,EC25,Mil,tar1090-db import,,,,
706272,KAF624,,AIRBUS HELICOPTERS EC-225/725,EC25,Mil,tar1090-db import,,,,
70804D,LAAF761,,IL76,IL76,Mil,tar1090-db import,,,,
70A04C,NA-058,,AGUSTA AW-139,A139,Mil,tar1090-db import,,,,
70A54A,NA-064,,PZL-MIELEC M-28 Skytruck,M28,Mil,tar1090-db import,,,,
70A550,NA-063,,M28,M28,Mil,tar1090-db import,,,,
70C079,502,,LOCKHEED C-130 Hercules,C130,Mil,tar1090-db import,,,,
70C07A,503,,LOCKHEED C-130 Hercules,C130,Mil,tar1090-db import,,,,
70C07D,525,,LOCKHEED C-130 Hercules,C130,Mil,tar1090-db import,,,,
70C080,427,,PILATUS PC-9 Hudournik,PC9,Mil,tar1090-db import,,,,
70C081,428,,PILATUS PC-9 Hudournik,PC9,Mil,tar1090-db import,,,,
70C08B,558,,GULFSTREAM 4,GLF4,Mil,tar1090-db import,,,,
70C08F,901,,CASA C-295 Persuader,C295,Mil,tar1090-db import,,,,
70C090,902,,CASA C-295 Persuader,C295,Mil,tar1090-db import,,,,
70C091,903,,CASA C-295 Persuader,C295,Mil,tar1090-db import,,,,
70C092,904,,CASA C-295 Persuader,C295,Mil,tar1090-db import,,,,
70C094,912,,CASA C-295 Persuader,C295,Mil,tar1090-db import,,,,
70C096,910,,CASA C-295 Persuader,C295,Mil,tar1090-db import,,,,
70C0D6,168,,BRITISH AEROSPACE T-45 Goshawk,HAWK,Mil,tar1090-db import,,,,
70C12D,A4O-HA,,AIRBUS HELICOPTERS EC-145,EC45,Mil,tar1090-db import,,,,
70C12E,A4O-HB,,EC45,EC45,Mil,tar1090-db import,,,,
70C12F,A4O-HC,,AIRBUS HELICOPTERS EC-145,EC45,Mil,tar1090-db import,,,,
710002,12-1002,,F15,F15,Mil,tar1090-db import,,,,
710028,MOI-C1,,CASA C-295 Persuader,C295,Mil,tar1090-db import,,,,
71010A,HZ-103,,GULFSTREAM 4,GLF4,Mil,tar1090-db import,,,,
71012C,PSS-54,,AIRBUS HELICOPTERS EC-145,EC45,Mil,tar1090-db import,,,,
71012D,MOI-55,,AIRBUS HELICOPTERS EC-145,EC45,Mil,tar1090-db import,,,,
710131,PSS-56,,AIRBUS HELICOPTERS EC-145,EC45,Mil,tar1090-db import,,,,
710135,PSS-57,,AIRBUS HELICOPTERS EC-145,EC45,Mil,tar1090-db import,,,,
710136,PSS-53,,AIRBUS HELICOPTERS EC-145,EC45,Mil,tar1090-db import,,,,
710137,PSS-58,,AIRBUS HELICOPTERS EC-145,EC45,Mil,tar1090-db import,,,,
7101A7,PSS-C3,,CASA C-295 Persuader,C295,Mil,tar1090-db import,,,,
7101A8,PSS-52,,AIRBUS HELICOPTERS EC-145,EC45,Mil,tar1090-db import,,,,
7101A9,PSS-59,,AIRBUS HELICOPTERS EC-145,EC45,Mil,tar1090-db import,,,,
7101AA,PSS-60,,AIRBUS HELICOPTERS EC-145,EC45,Mil,tar1090-db import,,,,
7101AB,MOI-61,,AIRBUS HELICOPTERS EC-145,EC45,Mil,tar1090-db import,,,,
7101AE,PSS-C4,,CASA C-295 Persuader,C295,Mil,tar1090-db import,,,,
7101E2,HZ-MF1,,BOEING 737-700,B737,Mil,tar1090-db import,,,,
71025A,472,,LOCKHEED C-130 Hercules,C130,Mil,tar1090-db import,,,,
71025B,473,,LOCKHEED C-130 Hercules,C130,Mil,tar1090-db import,,,,
71025C,1622,,LOCKHEED C-130 Hercules,C130,Mil,tar1090-db import,,,,
71025D,1623,,LOCKHEED C-130 Hercules,C130,Mil,tar1090-db import,,,,
71025E,1624,,LOCKHEED C-130 Hercules,C130,Mil,tar1090-db import,,,,
710267,ZE119,,PANAVIA Tornado,TOR,Mil,tar1090-db import,,,,
710283,6623,,PANAVIA Tornado,TOR,Mil,tar1090-db import,,,,
7102C4,112,,LOCKHEED C-130 Hercules,C130,Mil,tar1090-db import,,,,
7102DC,482,,LOCKHEED C-130 Hercules,C130,Mil,tar1090-db import,,,,
7102DD,483,,LOCKHEED C-130 Hercules,C130,Mil,tar1090-db import,,,,
7102DE,1632,,LOCKHEED C-130 Hercules,C130,Mil,tar1090-db import,,,,
7102DF,484,,LOCKHEED C-130 Hercules,C130,Mil,tar1090-db import,,,,
7102E1,474,,LOCKHEED C-130 Hercules,C130,Mil,tar1090-db import,,,,
7102E2,475,,LOCKHEED C-130 Hercules,C130,Mil,tar1090-db import,,,,
7102E3,1625,,LOCKHEED C-130 Hercules,C130,Mil,tar1090-db import,,,,
7102E4,1626,,LOCKHEED C-130 Hercules,C130,Mil,tar1090-db import,,,,
7102FB,2403,,AIRBUS A-330-200,A332,Mil,tar1090-db import,,,,
7102FD,2405,,AIRBUS A-330-200,A332,Mil,tar1090-db import,,,,
7102FF,901,,PC21,PC21,Mil,tar1090-db import,,,,
710300,2201,,PILATUS PC-21,PC21,Mil,tar1090-db import,,,,
710301,2202,,PC21,PC21,Mil,tar1090-db import,,,,
710302,2203,,PILATUS PC-21,PC21,Mil,tar1090-db import,,,,
710303,2204,,PILATUS PC-21,PC21,Mil,tar1090-db import,,,,
710304,2205,,PILATUS PC-21,PC21,Mil,tar1090-db import,,,,
710305,2206,,PILATUS PC-21,PC21,Mil,tar1090-db import,,,,
710306,2207,,PILATUS PC-21,PC21,Mil,tar1090-db import,,,,
710307,2208,,PILATUS PC-21,PC21,Mil,tar1090-db import,,,,
710308,2209,,PILATUS PC-21,PC21,Mil,tar1090-db import,,,,
710309,2210,,PILATUS PC-21,PC21,Mil,tar1090-db import,,,,
71030A,2211,,PILATUS PC-21,PC21,Mil,tar1090-db import,,,,
71030B,2212,,PILATUS PC-21,PC21,Mil,tar1090-db import,,,,
71030C,2213,,PILATUS PC-21,PC21,Mil,tar1090-db import,,,,
71030D,2214,,PILATUS PC-21,PC21,Mil,tar1090-db import,,,,
71030E,2215,,PILATUS PC-21,PC21,Mil,tar1090-db import,,,,
71030F,2216,,PILATUS PC-21,PC21,Mil,tar1090-db import,,,,
710310,2217,,PILATUS PC-21,PC21,Mil,tar1090-db import,,,,
710311,2218,,PILATUS PC-21,PC21,Mil,tar1090-db import,,,,
710312,2219,,PILATUS PC-21,PC21,Mil,tar1090-db import,,,,
710313,2220,,PILATUS PC-21,PC21,Mil,tar1090-db import,,,,
710314,2221,,PILATUS PC-21,PC21,Mil,tar1090-db import,,,,
710315,2222,,PILATUS PC-21,PC21,Mil,tar1090-db import,,,,
710316,7701,,PC21,PC21,Mil,tar1090-db import,,,,
710317,7702,,PC21,PC21,Mil,tar1090-db import,,,,
710318,7703,,PC21,PC21,Mil,tar1090-db import,,,,
710319,7704,,PC21,PC21,Mil,tar1090-db import,,,,
71031A,7705,,PC21,PC21,Mil,tar1090-db import,,,,
71031B,7706,,PC21,PC21,Mil,tar1090-db import,,,,
71031C,7707,,PC21,PC21,Mil,tar1090-db import,,,,
71031D,7708,,PC21,PC21,Mil,tar1090-db import,,,,
71031E,7709,,PC21,PC21,Mil,tar1090-db import,,,,
71031F,7710,,PC21,PC21,Mil,tar1090-db import,,,,
710320,7711,,PC21,PC21,Mil,tar1090-db import,,,,
71034D,PSS-62,,AIRBUS HELICOPTERS EC-145,EC45,Mil,tar1090-db import,,,,
71034E,PSS-63,,AIRBUS HELICOPTERS EC-145,EC45,Mil,tar1090-db import,,,,
71034F,PSS-65,,AIRBUS HELICOPTERS EC-145,EC45,Mil,tar1090-db import,,,,
710350,PSS-66,,AIRBUS HELICOPTERS EC-145,EC45,Mil,tar1090-db import,,,,
710353,902,,PC21,PC21,Mil,tar1090-db import,,,,
710355,904,,PC21,PC21,Mil,tar1090-db import,,,,
710356,2216,,PC21,PC21,Mil,tar1090-db import,,,,
710357,906,,PC21,PC21,Mil,tar1090-db import,,,,
710358,907,,PC21,PC21,Mil,tar1090-db import,,,,
710359,908,,PC21,PC21,Mil,tar1090-db import,,,,
71035A,909,,PC21,PC21,Mil,tar1090-db import,,,,
71035B,910,,PC21,PC21,Mil,tar1090-db import,,,,
71035C,911,,PC21,PC21,Mil,tar1090-db import,,,,
71035D,7701,,PILATUS PC-21,PC21,Mil,tar1090-db import,,,,
71035E,913,,PC21,PC21,Mil,tar1090-db import,,,,
71035F,914,,PC21,PC21,Mil,tar1090-db import,,,,
710360,915,,PC21,PC21,Mil,tar1090-db import,,,,
710362,917,,PC21,PC21,Mil,tar1090-db import,,,,
710363,918,,PC21,PC21,Mil,tar1090-db import,,,,
710365,920,,PC21,PC21,Mil,tar1090-db import,,,,
710366,921,,PC21,PC21,Mil,tar1090-db import,,,,
710368,2101,,HAWK,HAWK,Mil,tar1090-db import,,,,
710385,486,,LOCKHEED C-130 Hercules,C130,Mil,tar1090-db import,,,,
710387,HZ-129,,LOCKHEED C-130 Hercules,C130,Mil,tar1090-db import,,,,
71038E,HZ-130,,HAWKER BEECHCRAFT Hawker 750/850,H25B,Mil,tar1090-db import,,,,
710393,HZ-133,,CESSNA 550B Citation Bravo,C55B,Mil,tar1090-db import,,,,
710394,HZ-134,,CESSNA 550B Citation Bravo,C55B,Mil,tar1090-db import,,,,
710396,HZ-136,,CESSNA 550B Citation Bravo,C55B,Mil,tar1090-db import,,,,
7103A9,4103,,BEECHCRAFT Super King Air 350,B350,Mil,tar1090-db import,,,,
7103AB,5002,,B350,B350,Mil,tar1090-db import,,,,
7103AC,5003,,B350,B350,Mil,tar1090-db import,,,,
7103AD,5004,,BEECHCRAFT Super King Air 350,B350,Mil,tar1090-db import,,,,
7103AE,5005,,BEECHCRAFT Super King Air 350,B350,Mil,tar1090-db import,,,,
7103B0,5007,,BEECHCRAFT Super King Air 350,B350,Mil,tar1090-db import,,,,
7103B1,5008,,BEECHCRAFT Super King Air 350,B350,Mil,tar1090-db import,,,,
7103B2,5009,,BEECHCRAFT Super King Air 350,B350,Mil,tar1090-db import,,,,
7103B3,4104,,BEECHCRAFT Super King Air 350,B350,Mil,tar1090-db import,,,,
7103B4,4105,,BEECHCRAFT Super King Air 350,B350,Mil,tar1090-db import,,,,
7103B5,4106,,BEECHCRAFT Super King Air 350,B350,Mil,tar1090-db import,,,,
7103D4,3208,,Lockheed Martin KC-130J Hercules,C30J,Mil,tar1090-db import,,,,
7103D5,3209,,Lockheed Martin KC-130J Hercules,C30J,Mil,tar1090-db import,,,,
710409,PSS-C2,,C295,C295,Mil,tar1090-db import,,,,
71041C,PSS-67,,AIRBUS HELICOPTERS EC-145,EC45,Mil,tar1090-db import,,,,
71041E,PSS-69,,AIRBUS HELICOPTERS EC-145,EC45,Mil,tar1090-db import,,,,
71041F,PSS-70,,AIRBUS HELICOPTERS EC-145,EC45,Mil,tar1090-db import,,,,
71147F,4102,,B350,B350,Mil,tar1090-db import,,,,
711514,HZ-HM67,,GLF6,GLF6,Mil,tar1090-db import,,,,
711516,HZ-HM66,,GULFSTREAM G650,GLF6,Mil,tar1090-db import,,,,
71151D,HZ-MD62,,GULFSTREAM G650,GLF6,Mil,tar1090-db import,,,,
71152A,HZ-MD6,,GULFSTREAM G650,GLF6,Mil,tar1090-db import,,,,
71154A,HZ-HM64,,GULFSTREAM G650,GLF6,Mil,tar1090-db import,,,,
717C73,HZ-HM89,,AGUSTA AW-139,A139,Mil,tar1090-db import,,,,
717C79,HZ-HM96,,A139,A139,Mil,tar1090-db import,,,,
717C9F,4108,,BEECH 300 Super King Air,BE30,Mil,tar1090-db import,,,,
717CA6,HZ-HM92,,AGUSTA AW-139,A139,Mil,tar1090-db import,,,,
717CA7,HZ-HM94,,AGUSTA AW-139,A139,Mil,tar1090-db import,,,,
717CB5,HZ-HM95,,AGUSTA AW-139,A139,Mil,tar1090-db import,,,,
717CBC,HZ-HM93,,AGUSTA AW-139,A139,Mil,tar1090-db import,,,,
717CDE,HZ-HM65,,GULFSTREAM G650,GLF6,Mil,tar1090-db import,,,,
71C566,21-001,,BOEING 737 MAX 8,B38M,Mil,tar1090-db import,,,,
71F287,93-4096,,GENERAL DYNAMICS F-16 Fighting Falcon,F16,Mil,tar1090-db import,,,,
71F29B,93-4119,,GENERAL DYNAMICS F-16 Fighting Falcon,F16,Mil,tar1090-db import,,,,
71F801,85101,,BOEING 737-300,B733,Mil,tar1090-db import,,,,
71F880,18-001,,AIRBUS A-330-200,A332,Mil,tar1090-db import,,,,
71F882,19-003,,AIRBUS A-330-200,A332,Mil,tar1090-db import,,,,
71F883,19-004,,AIRBUS A-330-200,A332,Mil,tar1090-db import,,,,
71F901,45-006,,LOCKHEED C-130 Hercules,C130,Mil,tar1090-db import,,,,
71F903,55-030,,LOCKHEED C-130 Hercules,C130,Mil,tar1090-db import,,,,
71F904,55-036,,LOCKHEED C-130 Hercules,C130,Mil,tar1090-db import,,,,
71F909,05-182,,LOCKHEED C-130 Hercules,C130,Mil,tar1090-db import,,,,
71F90A,05-183,,LOCKHEED C-130 Hercules,C130,Mil,tar1090-db import,,,,
71F9C1,35-730,,Lockheed Martin C-130J-30 Hercules,C30J,Mil,tar1090-db import,,,,
71F9C2,45-744,,Lockheed Martin C-130J-30 Hercules,C30J,Mil,tar1090-db import,,,,
71FA0E,30-088,,CASA CN-235 Persuader,CN35,Mil,tar1090-db import,,,,
71FA0F,40-090,,CASA CN-235 Persuader,CN35,Mil,tar1090-db import,,,,
71FAF3,92-4031,,GENERAL DYNAMICS F-16 Fighting Falcon,F16,Mil,tar1090-db import,,,,
71FE50,05035,,SIKORSKY S-92 Helibus,S92,Mil,tar1090-db import,,,,
71FE5C,05050,,SIKORSKY S-92 Helibus,S92,Mil,tar1090-db import,,,,
728130,YI-309,,LOCKHEED MARTIN C-130J Super Hercules,C30J,Mil,tar1090-db import,,,,
728131,YI-305,,Lockheed Martin C-130J-30 Hercules,C30J,Mil,tar1090-db import,,,,
728132,YI-306,,Lockheed Martin C-130J-30 Hercules,C30J,Mil,tar1090-db import,,,,
728135,YI-309,,Lockheed Martin C-130J-30 Hercules,C30J,Mil,tar1090-db import,,,,
728192,YI-402,,AN32,AN32,Mil,tar1090-db import,,,,
728520,YI-520,,EC25,EC25,Mil,tar1090-db import,,,,
728521,YI-521,,EC25,EC25,Mil,tar1090-db import,,,,
728522,YI-522,,EC25,EC25,Mil,tar1090-db import,,,,
728523,YI-523,,EC25,EC25,Mil,tar1090-db import,,,,
730903,15-2283,,ILYUSHIN Il-76/82,IL76,Mil,tar1090-db import,,,,
7324E3,EP-IGC,,DASSAULT Falcon 900,F900,Mil,tar1090-db import,,,,
7324E9,EP-IGI,,AIRBUS A-340-300,A343,Mil,tar1090-db import,,,,
738A00,842,,BEECH 200 Super King Air,BE20,Mil,tar1090-db import,,,,
738A02,848,,BEECH 200 Super King Air,BE20,Mil,tar1090-db import,,,,
738A03,856,,BEECH 200 Super King Air,BE20,Mil,tar1090-db import,,,,
738A04,859,,BEECH 200 Super King Air,BE20,Mil,tar1090-db import,,,,
738A43,260,,B703,B703,Mil,tar1090-db import,,,,
738A44,264,,BOEING 707-300,B703,Mil,tar1090-db import,,,,
738A48,250,,B703,B703,Mil,tar1090-db import,,,,
738A53,400,,BEECHCRAFT T-6 Texan 2,TEX2,Mil,tar1090-db import,,,,
738A54,414,,TEX2,TEX2,Mil,tar1090-db import,,,,
738A55,456,,BEECHCRAFT T-6 Texan 2,TEX2,Mil,tar1090-db import,,,,
738A56,470,,TEX2,TEX2,Mil,tar1090-db import,,,,
738A57,473,,TEX2,TEX2,Mil,tar1090-db import,,,,
738A58,475,,TEX2,TEX2,Mil,tar1090-db import,,,,
738A59,478,,BEECHCRAFT T-6 Texan 2,TEX2,Mil,tar1090-db import,,,,
738A5A,481,,BEECHCRAFT T-6 Texan 2,TEX2,Mil,tar1090-db import,,,,
738A5B,483,,TEX2,TEX2,Mil,tar1090-db import,,,,
738A5C,484,,TEX2,TEX2,Mil,tar1090-db import,,,,
738A5D,488,,BEECHCRAFT T-6 Texan 2,TEX2,Mil,tar1090-db import,,,,
738A5F,490,,BEECHCRAFT T-6 Texan 2,TEX2,Mil,tar1090-db import,,,,
738A60,491,,BEECHCRAFT T-6 Texan 2,TEX2,Mil,tar1090-db import,,,,
738A61,492,,BEECHCRAFT T-6 Texan 2,TEX2,Mil,tar1090-db import,,,,
738A62,493,,BEECHCRAFT T-6 Texan 2,TEX2,Mil,tar1090-db import,,,,
738A63,494,,BEECHCRAFT T-6 Texan 2,TEX2,Mil,tar1090-db import,,,,
738A64,495,,BEECHCRAFT T-6 Texan 2,TEX2,Mil,tar1090-db import,,,,
738A65,496,,BEECHCRAFT T-6 Texan 2,TEX2,Mil,tar1090-db import,,,,
738A66,497,,TEX2,TEX2,Mil,tar1090-db import,,,,
738A81,102,,C130,C130,Mil,tar1090-db import,,,,
738A86,318,,LOCKHEED C-130 Hercules,C130,Mil,tar1090-db import,,,,
738A88,313,,A119,A119,Mil,tar1090-db import,,,,
738A89,304,,A119,A119,Mil,tar1090-db import,,,,
738A8D,420,,LOCKHEED C-130 Hercules,C130,Mil,tar1090-db import,,,,
738A8E,427,,C130,C130,Mil,tar1090-db import,,,,
738A8F,435,,LOCKHEED C-130 Hercules,C130,Mil,tar1090-db import,,,,
738A90,436,,LOCKHEED C-130 Hercules,C130,Mil,tar1090-db import,,,,
738AD2,913,,F35,F35,Mil,tar1090-db import,,,,
738B43,498,,BEECHCRAFT T-6 Texan 2,TEX2,Mil,tar1090-db import,,,,
738B48,661,,Lockheed Martin C-130J-30 Hercules,C30J,Mil,tar1090-db import,,,,
738B4A,665,,Lockheed Martin C-130J-30 Hercules,C30J,Mil,tar1090-db import,,,,
738B4B,667,,Lockheed Martin C-130J-30 Hercules,C30J,Mil,tar1090-db import,,,,
738B4C,668,,Lockheed Martin C-130J-30 Hercules,C30J,Mil,tar1090-db import,,,,
738B4D,669,,Lockheed Martin C-130J-30 Hercules,C30J,Mil,tar1090-db import,,,,
738BEC,301,,BOEING 767-200,B762,Mil,tar1090-db import,,,,
738BED,312,,BOEING 767-200,B762,Mil,tar1090-db import,,,,
738BF0,301,,AGUSTA AW-119 Koala,A119,Mil,tar1090-db import,,,,
738BF4,322,,A119,A119,Mil,tar1090-db import,,,,
738BF5,329,,A119,A119,Mil,tar1090-db import,,,,
738BF6,333,,A119,A119,Mil,tar1090-db import,,,,
738BF8,340,,A119,A119,Mil,tar1090-db import,,,,
738BF9,345,,A119,A119,Mil,tar1090-db import,,,,
738BFA,351,,A119,A119,Mil,tar1090-db import,,,,
739255,565,,H60,H60,Mil,tar1090-db import,,,,
739630,4X-DGQ,,G120,G120,Mil,tar1090-db import,,,,
739631,4X-DGI,,G120,G120,Mil,tar1090-db import,,,,
739632,4X-DGC,,G120,G120,Mil,tar1090-db import,,,,
739633,4X-DGD,,G120,G120,Mil,tar1090-db import,,,,
743395,2561,,AIR TRACTOR AT-802,AT8T,Mil,tar1090-db import,,,,
7434C1,1541,,CESSNA 208 Caravan,C208,Mil,tar1090-db import,,,,
7434C2,1540,,CESSNA 208 Caravan,C208,Mil,tar1090-db import,,,,
7434C8,1538,,CESSNA 208 Caravan,C208,Mil,tar1090-db import,,,,
7434D4,363,,BOEING 737-400,B734,Mil,tar1090-db import,,,,
743582,RJF01,,EXTRA EA-300/330/350,E300,Mil,tar1090-db import,,,,
743592,1177,,PILATUS PC-21,PC21,Mil,tar1090-db import,,,,
743593,1178,,PILATUS PC-21,PC21,Mil,tar1090-db import,,,,
743594,1179,,PILATUS PC-21,PC21,Mil,tar1090-db import,,,,
743597,355,,PZL-MIELEC M-28 Skytruck,M28,Mil,tar1090-db import,,,,
743599,RJAF-360,,ILYUSHIN Il-76/82,IL76,Mil,tar1090-db import,,,,
7435AC,463,,G12T,G12T,Mil,tar1090-db import,,,,
74368C,2552,,AIR TRACTOR AT-802,AT8T,Mil,tar1090-db import,,,,
7436AC,2551,,AIR TRACTOR AT-802,AT8T,Mil,tar1090-db import,,,,
744A62,EMS-1,,AGUSTA AW-139,A139,Mil,tar1090-db import,,,,
744A63,EMS-2,,AGUSTA AW-139,A139,Mil,tar1090-db import,,,,
7500BD,M37-01,,DASSAULT Falcon 900,F900,Mil,tar1090-db import,,,,
7500D2,M30-12,,LOCKHEED C-130 Hercules,C130,Mil,tar1090-db import,,,,
7500D4,M30-16,,LOCKHEED C-130 Hercules,C130,Mil,tar1090-db import,,,,
7500D5,M30-14,,LOCKHEED C-130 Hercules,C130,Mil,tar1090-db import,,,,
75012E,M50-02,,PILATUS PC-7 Astra,PC7,Mil,tar1090-db import,,,,
75023B,M72-01,,AGUSTA AW-139,A139,Mil,tar1090-db import,,,,
7502A8,M55-09,,AIRBUS HELICOPTERS EC-225/725,EC25,Mil,tar1090-db import,,,,
7502A9,M55-10,,AIRBUS HELICOPTERS EC-225/725,EC25,Mil,tar1090-db import,,,,
750509,M503-1,,AGUSTA AW-139,A139,Mil,tar1090-db import,,,,
75050A,M503-2,,AGUSTA AW-139,A139,Mil,tar1090-db import,,,,
75050B,M503-3,,AGUSTA AW-139,A139,Mil,tar1090-db import,,,,
758377,15034,,C172,C172,Mil,tar1090-db import,,,,
758378,15037,,CESSNA 172 Skyhawk,C172,Mil,tar1090-db import,,,,
758379,15038,,CESSNA 172 Skyhawk,C172,Mil,tar1090-db import,,,,
75837A,955,,C172,C172,Mil,tar1090-db import,,,,
75837B,959,,CESSNA 172 Skyhawk,C172,Mil,tar1090-db import,,,,
7583B0,129,,CASA C-295 Persuader,C295,Mil,tar1090-db import,,,,
7583E1,142,,CASA C-295 Persuader,C295,Mil,tar1090-db import,,,,
7585D1,177,,CASA C-295 Persuader,C295,Mil,tar1090-db import,,,,
7585D4,976,,CESSNA 172 Skyhawk,C172,Mil,tar1090-db import,,,,
7585D5,15086,,CESSNA 172 Skyhawk,C172,Mil,tar1090-db import,,,,
7585D6,15064,,C172,C172,Mil,tar1090-db import,,,,
7585D7,15046,,CESSNA 172 Skyhawk,C172,Mil,tar1090-db import,,,,
7585D8,10-26,,F260,F260,Mil,tar1090-db import,,,,
7585D9,10-27,,F260,F260,Mil,tar1090-db import,,,,
7585DA,10-28,,F260,F260,Mil,tar1090-db import,,,,
7585DB,10-29,,AERMACCHI SF-260,F260,Mil,tar1090-db import,,,,
75861E,951,,C172,C172,Mil,tar1090-db import,,,,
75861F,15009,,C172,C172,Mil,tar1090-db import,,,,
758620,15040,,CESSNA 172 Skyhawk,C172,Mil,tar1090-db import,,,,
758621,10-30,,F260,F260,Mil,tar1090-db import,,,,
758622,10-31,,AERMACCHI SF-260,F260,Mil,tar1090-db import,,,,
758623,10-32,,AERMACCHI SF-260,F260,Mil,tar1090-db import,,,,
758624,10-41,,AERMACCHI SF-260,F260,Mil,tar1090-db import,,,,
758625,10-35,,F260,F260,Mil,tar1090-db import,,,,
758626,10-36,,F260,F260,Mil,tar1090-db import,,,,
758627,10-39,,F260,F260,Mil,tar1090-db import,,,,
758628,10-40,,AERMACCHI SF-260,F260,Mil,tar1090-db import,,,,
758629,10-42,,AERMACCHI SF-260,F260,Mil,tar1090-db import,,,,
75862A,10-43,,AERMACCHI SF-260,F260,Mil,tar1090-db import,,,,
75862B,687,,F260,F260,Mil,tar1090-db import,,,,
75862D,980,,C172,C172,Mil,tar1090-db import,,,,
758649,10-37,,F260,F260,Mil,tar1090-db import,,,,
758659,5040,,LOCKHEED C-130 Hercules,C130,Mil,tar1090-db import,,,,
75868B,891,,C172,C172,Mil,tar1090-db import,,,,
7586B6,15048,,C172,C172,Mil,tar1090-db import,,,,
7586B7,15074,,C172,C172,Mil,tar1090-db import,,,,
7586B9,15042,,CESSNA 172 Skyhawk,C172,Mil,tar1090-db import,,,,
7586C9,5157,,LOCKHEED C-130 Hercules,C130,Mil,tar1090-db import,,,,
7586CC,PCG2081,,CESSNA 208 Caravan,C208,Mil,tar1090-db import,,,,
7586F4,NVT350,,CESSNA 172 Skyhawk,C172,Mil,tar1090-db import,,,,
7586F5,NVT351,,C172,C172,Mil,tar1090-db import,,,,
7586F6,NVT352,,CESSNA 172 Skyhawk,C172,Mil,tar1090-db import,,,,
7586F7,NVT353,,CESSNA 172 Skyhawk,C172,Mil,tar1090-db import,,,,
7586FA,204,,CASA C-295 Persuader,C295,Mil,tar1090-db import,,,,
758703,4704,,LOCKHEED C-130 Hercules,C130,Mil,tar1090-db import,,,,
758718,312,,BN2P,BN2P,Mil,tar1090-db import,,,,
758725,215,,CASA C-295 Persuader,C295,Mil,tar1090-db import,,,,
758737,217,,CASA C-295 Persuader,C295,Mil,tar1090-db import,,,,
7600E9,0233,,CESSNA 560 Citation Ultra,C560,Mil,tar1090-db import,,,,
760405,1029,,ATR-72-500,AT75,Mil,tar1090-db import,,,,
761030,64144,,LOCKHEED C-130 Hercules,C130,Mil,tar1090-db import,,,,
76103F,4159,,LOCKHEED C-130 Hercules,C130,Mil,tar1090-db import,,,,
76104B,4171,,LOCKHEED C-130 Hercules,C130,Mil,tar1090-db import,,,,
761052,4178,,LOCKHEED C-130 Hercules,C130,Mil,tar1090-db import,,,,
7610D8,4153,,LOCKHEED C-130 Hercules,C130,Mil,tar1090-db import,,,,
76209A,R09-001,,ILYUSHIN Il-76/82,IL76,Mil,tar1090-db import,,,,
763987,4282,,LOCKHEED C-130 Hercules,C130,Mil,tar1090-db import,,,,
764101,V-4101,,EMBRAER EMB-500 Phenom 100,E50P,Mil,tar1090-db import,,,,
764102,V-4102,,EMBRAER EMB-500 Phenom 100,E50P,Mil,tar1090-db import,,,,
76602A,A-1102,,AIRBUS A-319,A319,Mil,tar1090-db import,,,,
766038,4483,,LOCKHEED C-130 Hercules,C130,Mil,tar1090-db import,,,,
766047,786-888,,CESSNA 680 Citation Latitude,C68A,Mil,tar1090-db import,,,,
76E301,010,,GULFSTREAM 5,GLF5,Mil,tar1090-db import,,,,
76E302,016,,GULFSTREAM 5,GLF5,Mil,tar1090-db import,,,,
76E303,017,,GULFSTREAM 5,GLF5,Mil,tar1090-db import,,,,
76E306,721,,LOCKHEED C-130 Hercules,C130,Mil,tar1090-db import,,,,
777E0B,SCM-863,,ANTONOV An-32 Sutlej,AN32,Mil,tar1090-db import,,,,
777E0D,SCM-860,,ANTONOV An-32 Sutlej,AN32,Mil,tar1090-db import,,,,
777E13,SUH-527,,B412,B412,Mil,tar1090-db import,,,,
777E14,SUH-528,,B412,B412,Mil,tar1090-db import,,,,
777E15,SUH-537,,B212,B212,Mil,tar1090-db import,,,,
777E16,SUH-763,,B212,B212,Mil,tar1090-db import,,,,
777E17,SUH-748,,B212,B212,Mil,tar1090-db import,,,,
777E19,SMR-844,,B350,B350,Mil,tar1090-db import,,,,
777E1A,SMR-845,,B350,B350,Mil,tar1090-db import,,,,
777E1C,SUH-525,,B412,B412,Mil,tar1090-db import,,,,
777E31,SMH-695,,MI8,MI8,Mil,tar1090-db import,,,,
778681,YK-ATA,,ILYUSHIN Il-76/82,IL76,Mil,tar1090-db import,,,,
780158,LH96926,,AEROSPATIALE AS-365 Dauphin 2,AS65,Mil,tar1090-db import,,,,
780244,LH93796,,MIL Mi-8/9/17/19/171/172,MI8,Mil,tar1090-db import,,,,
7806FD,B-6738,,AIRBUS A-320,A320,Mil,tar1090-db import,,,,
783203,LH99948A,,AS65,AS65,Mil,tar1090-db import,,,,
7A10C3,LH993709,,MIL Mi-8/9/17/19/171/172,MI8,Mil,tar1090-db import,,,,
7A10C5,LH993718,,MIL Mi-8/9/17/19/171/172,MI8,Mil,tar1090-db import,,,,
7A10C6,LH993721,,MIL Mi-8/9/17/19/171/172,MI8,Mil,tar1090-db import,,,,
7A10C8,LH993729,,MIL Mi-8/9/17/19/171/172,MI8,Mil,tar1090-db import,,,,
7A10CF,LH993761,,MIL Mi-8/9/17/19/171/172,MI8,Mil,tar1090-db import,,,,
7A10D0,LH993766,,MIL Mi-8/9/17/19/171/172,MI8,Mil,tar1090-db import,,,,
7A10D4,LH993736,,MIL Mi-8/9/17/19/171/172,MI8,Mil,tar1090-db import,,,,
7A10D5,LH993706,,MIL Mi-8/9/17/19/171/172,MI8,Mil,tar1090-db import,,,,
7A10D7,LH993752,,MIL Mi-8/9/17/19/171/172,MI8,Mil,tar1090-db import,,,,
7A10D8,LH993757,,MIL Mi-8/9/17/19/171/172,MI8,Mil,tar1090-db import,,,,
7A12F3,LH962758,,MIL Mi-8/9/17/19/171/172,MI8,Mil,tar1090-db import,,,,
7A13E7,LH972913,,AEROSPATIALE AS-365 Dauphin 2,AS65,Mil,tar1090-db import,,,,
7A13EA,LH972919,,AEROSPATIALE AS-365 Dauphin 2,AS65,Mil,tar1090-db import,,,,
7A1409,LH972708,,MIL Mi-8/9/17/19/171/172,MI8,Mil,tar1090-db import,,,,
7A140E,LH972716,,MIL Mi-8/9/17/19/171/172,MI8,Mil,tar1090-db import,,,,
7A140F,LH972719,,MIL Mi-8/9/17/19/171/172,MI8,Mil,tar1090-db import,,,,
7A1412,LH972730,,MIL Mi-8/9/17/19/171/172,MI8,Mil,tar1090-db import,,,,
7A1414,LH972736,,MIL Mi-8/9/17/19/171/172,MI8,Mil,tar1090-db import,,,,
7A1415,LH972735,,MIL Mi-8/9/17/19/171/172,MI8,Mil,tar1090-db import,,,,
7A1416,LH972739,,MIL Mi-8/9/17/19/171/172,MI8,Mil,tar1090-db import,,,,
7A1419,LH972756,,MIL Mi-8/9/17/19/171/172,MI8,Mil,tar1090-db import,,,,
7A141C,LH972762,,MIL Mi-8/9/17/19/171/172,MI8,Mil,tar1090-db import,,,,
7A1426,LH972225,,SIKORSKY UH-60 Black Hawk,H60,Mil,tar1090-db import,,,,
7A14D1,LH962761,,MIL Mi-8/9/17/19/171/172,MI8,Mil,tar1090-db import,,,,
7A14F1,LH962716,,MIL Mi-8/9/17/19/171/172,MI8,Mil,tar1090-db import,,,,
7A14F6,LH962771,,MIL Mi-8/9/17/19/171/172,MI8,Mil,tar1090-db import,,,,
7A1503,LH981910,,AEROSPATIALE AS-365 Dauphin 2,AS65,Mil,tar1090-db import,,,,
7A1506,LH981927,,AEROSPATIALE AS-365 Dauphin 2,AS65,Mil,tar1090-db import,,,,
7A1513,LH962735,,MIL Mi-8/9/17/19/171/172,MI8,Mil,tar1090-db import,,,,
7A1520,LH992977,,AEROSPATIALE AS-365 Dauphin 2,AS65,Mil,tar1090-db import,,,,
7A160F,LH951728,,MIL Mi-8/9/17/19/171/172,MI8,Mil,tar1090-db import,,,,
7A1611,LH953721,,MIL Mi-8/9/17/19/171/172,MI8,Mil,tar1090-db import,,,,
7A1614,LH951717,,MIL Mi-8/9/17/19/171/172,MI8,Mil,tar1090-db import,,,,
7A1615,LH951901,,AEROSPATIALE AS-365 Dauphin 2,AS65,Mil,tar1090-db import,,,,
7A1616,LH96924,,AEROSPATIALE AS-365 Dauphin 2,AS65,Mil,tar1090-db import,,,,
7A161F,LH951917,,AEROSPATIALE AS-365 Dauphin 2,AS65,Mil,tar1090-db import,,,,
7A1620,LH951918,,AEROSPATIALE AS-365 Dauphin 2,AS65,Mil,tar1090-db import,,,,
7A1903,LH906319,,AEROSPATIALE AS-350 Ecureuil,AS50,Mil,tar1090-db import,,,,
7A191C,LH906360,,AEROSPATIALE AS-350 Ecureuil,AS50,Mil,tar1090-db import,,,,
7A1946,LH907916,,AEROSPATIALE AS-365 Dauphin 2,AS65,Mil,tar1090-db import,,,,
7A1947,LH907928,,AEROSPATIALE AS-365 Dauphin 2,AS65,Mil,tar1090-db import,,,,
7A1949,LH907931,,AEROSPATIALE AS-365 Dauphin 2,AS65,Mil,tar1090-db import,,,,
7A2AEC,LH972916,,AEROSPATIALE AS-365 Dauphin 2,AS65,Mil,tar1090-db import,,,,
7A2AF2,30475,,Shaanxi KJ-500,ZZZZ,Mil,tar1090-db import,,,,
7A304A,11056,,XIAN Kunpeng,Y20,Mil,tar1090-db import,,,,
7A304C,11251,,XIAN Kunpeng,Y20,Mil,tar1090-db import,,,,
7A304D,11258,,XIAN Kunpeng,Y20,Mil,tar1090-db import,,,,
7A305D,11151,,Y20,Y20,Mil,tar1090-db import,,,,
7A305E,11152,,Y20,Y20,Mil,tar1090-db import,,,,
7A305F,11153,,Y20,Y20,Mil,tar1090-db import,,,,
7A3060,11155,,Y20,Y20,Mil,tar1090-db import,,,,
7A3061,11156,,Y20,Y20,Mil,tar1090-db import,,,,
7A3062,11157,,Y20,Y20,Mil,tar1090-db import,,,,
7A3063,11158,,Y20,Y20,Mil,tar1090-db import,,,,
7A3064,11159,,Y20,Y20,Mil,tar1090-db import,,,,
7A3065,11250,,Y20,Y20,Mil,tar1090-db import,,,,
7A3066,11251,,Y20,Y20,Mil,tar1090-db import,,,,
7A3067,11059,,XIAN Kunpeng,Y20,Mil,tar1090-db import,,,,
7A3068,11253,,Y20,Y20,Mil,tar1090-db import,,,,
7A3069,11253,,XIAN Kunpeng,Y20,Mil,tar1090-db import,,,,
7A306A,11256,,Y20,Y20,Mil,tar1090-db import,,,,
7A306B,11257,,XIAN Kunpeng,Y20,Mil,tar1090-db import,,,,
7A306C,11258,,Y20,Y20,Mil,tar1090-db import,,,,
7A306D,11153,,XIAN Kunpeng,Y20,Mil,tar1090-db import,,,,
7A306E,20041,,Y20,Y20,Mil,tar1090-db import,,,,
7A306F,20042,,Y20,Y20,Mil,tar1090-db import,,,,
7A3070,11252,,XIAN Kunpeng,Y20,Mil,tar1090-db import,,,,
7A3071,20044,,Y20,Y20,Mil,tar1090-db import,,,,
7A3072,11151,,XIAN Kunpeng,Y20,Mil,tar1090-db import,,,,
7A3073,11157,,XIAN Kunpeng,Y20,Mil,tar1090-db import,,,,
7A3074,20047,,Y20,Y20,Mil,tar1090-db import,,,,
7A3075,20048,,Y20,Y20,Mil,tar1090-db import,,,,
7A3076,20049,,Y20,Y20,Mil,tar1090-db import,,,,
7A3077,20140,,Y20,Y20,Mil,tar1090-db import,,,,
7A3078,20141,,Y20,Y20,Mil,tar1090-db import,,,,
7A3079,20142,,Y20,Y20,Mil,tar1090-db import,,,,
7A307A,20143,,Y20,Y20,Mil,tar1090-db import,,,,
7A307B,20144,,Y20,Y20,Mil,tar1090-db import,,,,
7A307C,11355,,XIAN Kunpeng,Y20,Mil,tar1090-db import,,,,
7A307D,11550,,XIAN Kunpeng,Y20,Mil,tar1090-db import,,,,
7A307E,20147,,Y20,Y20,Mil,tar1090-db import,,,,
7A307F,20148,,Y20,Y20,Mil,tar1090-db import,,,,
7A3080,20149,,Y20,Y20,Mil,tar1090-db import,,,,
7A3081,20240,,Y20,Y20,Mil,tar1090-db import,,,,
7A3082,20241,,Y20,Y20,Mil,tar1090-db import,,,,
7A3083,20242,,Y20,Y20,Mil,tar1090-db import,,,,
7A3084,20243,,Y20,Y20,Mil,tar1090-db import,,,,
7A3085,20244,,Y20,Y20,Mil,tar1090-db import,,,,
7A3086,20245,,Y20,Y20,Mil,tar1090-db import,,,,
7A3087,20246,,Y20,Y20,Mil,tar1090-db import,,,,
7A3088,20247,,Y20,Y20,Mil,tar1090-db import,,,,
7A32F0,20041,,XIAN Kunpeng,Y20,Mil,tar1090-db import,,,,
7A3309,20548,,XIAN Kunpeng,Y20,Mil,tar1090-db import,,,,
7A330C,20343,,XIAN Kunpeng,Y20,Mil,tar1090-db import,,,,
7A3351,20646,,XIAN Kunpeng,Y20,Mil,tar1090-db import,,,,
7A3853,B-4026,,BOEING 737-700,B737,Mil,tar1090-db import,,,,
7A3854,B-4080,,BOEING 737-800,B738,Mil,tar1090-db import,,,,
7A3856,B-4082,,BOEING 737-800,B738,Mil,tar1090-db import,,,,
7A3857,B-4083,,BOEING 737-800,B738,Mil,tar1090-db import,,,,
7A385A,B-4090,,AIRBUS A-319,A319,Mil,tar1090-db import,,,,
7A385C,B-4092,,AIRBUS A-319,A319,Mil,tar1090-db import,,,,
7A385D,B-4005,,BOMBARDIER Regional Jet CRJ-200,CRJ2,Mil,tar1090-db import,,,,
7A385E,B-4006,,BOMBARDIER Regional Jet CRJ-200,CRJ2,Mil,tar1090-db import,,,,
7A385F,B-4007,,BOMBARDIER Regional Jet CRJ-200,CRJ2,Mil,tar1090-db import,,,,
7A3860,B-4010,,BOMBARDIER Regional Jet CRJ-200,CRJ2,Mil,tar1090-db import,,,,
7A3861,B-4011,,BOMBARDIER Regional Jet CRJ-200,CRJ2,Mil,tar1090-db import,,,,
7A3883,B-4073,,AIRBUS HELICOPTERS EC-225/725,EC25,Mil,tar1090-db import,,,,
7A389A,B-4066,,BOMBARDIER Regional Jet CRJ-700,CRJ7,Mil,tar1090-db import,,,,
7A389B,B-4067,,BOMBARDIER Regional Jet CRJ-700,CRJ7,Mil,tar1090-db import,,,,
7A389C,B-4068,,BOMBARDIER Regional Jet CRJ-700,CRJ7,Mil,tar1090-db import,,,,
7A389D,B-4069,,BOMBARDIER Regional Jet CRJ-700,CRJ7,Mil,tar1090-db import,,,,
7A4215,10146,,Shaanxi Y-9,ZZZZ,Mil,tar1090-db import,,,,
7A4218,10151,,Shaanxi Y-9,ZZZZ,Mil,tar1090-db import,,,,
7A4219,10153,,Shaanxi Y-9,ZZZZ,Mil,tar1090-db import,,,,
7A4223,30271,,Shaanxi KJ-500,ZZZZ,Mil,tar1090-db import,,,,
7A4226,B-4074,,AIRBUS HELICOPTERS EC-225/725,EC25,Mil,tar1090-db import,,,,
7A4244,11052,,XIAN Kunpeng,Y20,Mil,tar1090-db import,,,,
7A424B,10252,,Shaanxi Y-9,ZZZZ,Mil,tar1090-db import,,,,
7A424C,10253,,Shaanxi Y-9,ZZZZ,Mil,tar1090-db import,,,,
7A424D,10254,,Shaanxi Y-9,ZZZZ,Mil,tar1090-db import,,,,
7A424E,10255,,Shaanxi Y-9,ZZZZ,Mil,tar1090-db import,,,,
7A424F,10651,,Shaanxi Y-9,ZZZZ,Mil,tar1090-db import,,,,
7A4252,10256,,Shaanxi Y-9YL,ZZZZ,Mil,tar1090-db import,,,,
7A4256,10655,,Shaanxi Y-9,ZZZZ,Mil,tar1090-db import,,,,
7A4258,10150,,Shaanxi Y-9,ZZZZ,Mil,tar1090-db import,,,,
7A425A,10659,,Shaanxi Y-9,ZZZZ,Mil,tar1090-db import,,,,
7A426A,10052,,Shaanxi Y-9,ZZZZ,Mil,tar1090-db import,,,,
7A426B,11156,,XIAN Kunpeng,Y20,Mil,tar1090-db import,,,,
7A426D,11158,,XIAN Kunpeng,Y20,Mil,tar1090-db import,,,,
7A426F,11250,,XIAN Kunpeng,Y20,Mil,tar1090-db import,,,,
7A427B,30179,,Shaanxi KJ-500,ZZZZ,Mil,tar1090-db import,,,,
7A427C,30270,,Shaanxi KJ-500,ZZZZ,Mil,tar1090-db import,,,,
7A427D,30370,,Shaanxi KJ-500,ZZZZ,Mil,tar1090-db import,,,,
7A427E,53055,,Shaanxi KJ-500,ZZZZ,Mil,tar1090-db import,,,,
7A4280,20048,,XIAN Kunpeng,Y20,Mil,tar1090-db import,,,,
7A4287,20049,,XIAN Kunpeng,Y20,Mil,tar1090-db import,,,,
7A428A,20142,,XIAN Kunpeng,Y20,Mil,tar1090-db import,,,,
7A428C,20143,,XIAN Kunpeng,Y20,Mil,tar1090-db import,,,,
7A428D,20144,,XIAN Kunpeng,Y20,Mil,tar1090-db import,,,,
7A428E,20145,,XIAN Kunpeng,Y20,Mil,tar1090-db import,,,,
7A428F,20841,,XIAN Kunpeng,Y20,Mil,tar1090-db import,,,,
7A4299,30471,,Shanxi KJ-500,ZZZZ,Mil,tar1090-db import,,,,
7A429B,30176,,Shaanxi KJ-500,ZZZZ,Mil,tar1090-db import,,,,
7A429D,30178,,Shaanxi KJ-500,ZZZZ,Mil,tar1090-db import,,,,
7A42A1,30170,,Shaanxi KJ-500,ZZZZ,Mil,tar1090-db import,,,,
7A42A2,30078,,Shaanxi KJ-500,ZZZZ,Mil,tar1090-db import,,,,
7A42A6,31110,,Shaanxi KJ-500,ZZZZ,Mil,tar1090-db import,,,,
7A42A7,787,,XIAN Kunpeng,Y20,Mil,tar1090-db import,,,,
7A42A8,789,,XIAN Kunpeng,Y20,Mil,tar1090-db import,,,,
7A42B2,7411,,Shaanxi Y-9FQ,ZZZZ,Mil,tar1090-db import,,,,
7A438B,91,,Shaanxi Y-9FQ,ZZZZ,Mil,tar1090-db import,,,,
7A438C,92,,Shaanxi Y-9FQ,ZZZZ,Mil,tar1090-db import,,,,
7A438E,93,,Shaanxi Y-9FQ,ZZZZ,Mil,tar1090-db import,,,,
7A438F,94,,Shaanxi Y-9FQ,ZZZZ,Mil,tar1090-db import,,,,
7A43EA,20842,,XIAN Kunpeng,Y20,Mil,tar1090-db import,,,,
7A43ED,30472,,Shaanxi KJ-500,ZZZZ,Mil,tar1090-db import,,,,
7A43EE,30473,,Shaanxi KJ-500,ZZZZ,Mil,tar1090-db import,,,,
7A43EF,30474,,Shaanxi KJ-500A,ZZZZ,Mil,tar1090-db import,,,,
7A43FE,20146,,XIAN Kunpeng,Y20,Mil,tar1090-db import,,,,
7A43FF,20147,,XIAN Kunpeng,Y20,Mil,tar1090-db import,,,,
7A4400,20148,,XIAN Kunpeng,Y20,Mil,tar1090-db import,,,,
7A4401,20149,,XIAN Kunpeng,Y20,Mil,tar1090-db import,,,,
7A4410,20240,,XIAN Kunpeng,Y20,Mil,tar1090-db import,,,,
7A4411,20241,,XIAN Kunpeng,Y20,Mil,tar1090-db import,,,,
7A4416,20843,,XIAN Kunpeng,Y20,Mil,tar1090-db import,,,,
7A4417,20844,,XIAN Kunpeng,Y20,Mil,tar1090-db import,,,,
7A4418,20242,,XIAN Kunpeng,Y20,Mil,tar1090-db import,,,,
7A4419,20243,,XIAN Kunpeng,Y20,Mil,tar1090-db import,,,,
7A442B,20244,,XIAN Kunpeng,Y20,Mil,tar1090-db import,,,,
7A443A,31116,,Shaanxi KJ-500A,ZZZZ,Mil,tar1090-db import,,,,
7A443E,20245,,XIAN Kunpeng,Y20,Mil,tar1090-db import,,,,
7A443F,20246,,XIAN Kunpeng,Y20,Mil,tar1090-db import,,,,
7A4440,20845,,XIAN Kunpeng,Y20,Mil,tar1090-db import,,,,
7A4444,11255,,XIAN Kunpeng,Y20,Mil,tar1090-db import,,,,
7A4445,11256,,XIAN Kunpeng,Y20,Mil,tar1090-db import,,,,
7A444D,20544,,XIAN Kunpeng,Y20,Mil,tar1090-db import,,,,
7A444E,20848,,XIAN Kunpeng,Y20,Mil,tar1090-db import,,,,
7A444F,20543,,XIAN Kunpeng,Y20,Mil,tar1090-db import,,,,
7A4450,20846,,XIAN Kunpeng,Y20,Mil,tar1090-db import,,,,
7A4455,20248,,XIAN Kunpeng,Y20,Mil,tar1090-db import,,,,
7A445F,20849,,XIAN Kunpeng,Y20,Mil,tar1090-db import,,,,
7A4460,20940,,XIAN Kunpeng,Y20,Mil,tar1090-db import,,,,
7A4465,20647,,XIAN Kunpeng,Y20,Mil,tar1090-db import,,,,
7A44A1,20942,,XIAN Kunpeng,Y20,Mil,tar1090-db import,,,,
7A48D2,LH992719,,MIL Mi-8/9/17/19/171/172,MI8,Mil,tar1090-db import,,,,
7A4911,LH982518,,HARBIN Z-19,ZZZZ,Mil,tar1090-db import,,,,
7A4923,LH921752,,MIL Mi-8/9/17/19/171/172,MI8,Mil,tar1090-db import,,,,
7A492C,LH972900,,AEROSPATIALE AS-365 Dauphin 2,AS65,Mil,tar1090-db import,,,,
7A492F,LH972912,,AEROSPATIALE AS-365 Dauphin 2,AS65,Mil,tar1090-db import,,,,
7A4931,LH96930,,AEROSPATIALE AS-365 Dauphin 2,AS65,Mil,tar1090-db import,,,,
7A4934,LH972918,,AEROSPATIALE AS-365 Dauphin 2,AS65,Mil,tar1090-db import,,,,
7A494F,LH972705,,MIL Mi-8/9/17/19/171/172,MI8,Mil,tar1090-db import,,,,
7A4952,LH972710,,MIL Mi-8/9/17/19/171/172,MI8,Mil,tar1090-db import,,,,
7A4954,LH972712,,MIL Mi-8/9/17/19/171/172,MI8,Mil,tar1090-db import,,,,
7A4955,LH972713,,MIL Mi-8/9/17/19/171/172,MI8,Mil,tar1090-db import,,,,
7A4958,LH972723,,MIL Mi-8/9/17/19/171/172,MI8,Mil,tar1090-db import,,,,
7A4959,LH972725,,MIL Mi-8/9/17/19/171/172,MI8,Mil,tar1090-db import,,,,
7A495B,LH972731,,MIL Mi-8/9/17/19/171/172,MI8,Mil,tar1090-db import,,,,
7A495D,LH972750,,MIL Mi-8/9/17/19/171/172,MI8,Mil,tar1090-db import,,,,
7A4965,LH972226,,SIKORSKY UH-60 Black Hawk,H60,Mil,tar1090-db import,,,,
7A496F,LH972263,,SIKORSKY UH-60 Black Hawk,H60,Mil,tar1090-db import,,,,
7A49C3,LH905905,,AEROSPATIALE AS-365 Dauphin 2,AS65,Mil,tar1090-db import,,,,
7A49C4,LH905906,,AEROSPATIALE AS-365 Dauphin 2,AS65,Mil,tar1090-db import,,,,
7A49CF,LH905921,,AEROSPATIALE AS-365 Dauphin 2,AS65,Mil,tar1090-db import,,,,
7A49D2,LH905928,,AEROSPATIALE AS-365 Dauphin 2,AS65,Mil,tar1090-db import,,,,
7A49D8,LH905937,,AEROSPATIALE AS-365 Dauphin 2,AS65,Mil,tar1090-db import,,,,
7A49DA,LH905939,,AEROSPATIALE AS-365 Dauphin 2,AS65,Mil,tar1090-db import,,,,
7A49DC,LH905951,,AEROSPATIALE AS-365 Dauphin 2,AS65,Mil,tar1090-db import,,,,
7A49DE,LH905955,,AEROSPATIALE AS-365 Dauphin 2,AS65,Mil,tar1090-db import,,,,
7A49DF,LH905956,,AEROSPATIALE AS-365 Dauphin 2,AS65,Mil,tar1090-db import,,,,
7A49EE,LH905909,,AEROSPATIALE AS-365 Dauphin 2,AS65,Mil,tar1090-db import,,,,
7AA03A,20579,,Shaanxi KJ-500A,ZZZZ,Mil,tar1090-db import,,,,
7B006C,20675,,Shaanxi KJ-500A,ZZZZ,Mil,tar1090-db import,,,,
7B7012,LH993759,,MIL Mi-8/9/17/19/171/172,MI8,Mil,tar1090-db import,,,,
7B7BD4,10054,,Shaanxi Y-9,ZZZZ,Mil,tar1090-db import,,,,
7BB169,LH905936,,AEROSPATIALE AS-365 Dauphin 2,AS65,Mil,tar1090-db import,,,,
7BC051,LH981926,,AEROSPATIALE AS-365 Dauphin 2,AS65,Mil,tar1090-db import,,,,
7BCAAC,20578,,Shaanxi KJ-500A,ZZZZ,Mil,tar1090-db import,,,,
7BD064,LH981935,,AEROSPATIALE AS-365 Dauphin 2,AS65,Mil,tar1090-db import,,,,
7BD069,LH905915,,AEROSPATIALE AS-365 Dauphin 2,AS65,Mil,tar1090-db import,,,,
7BE016,LH981706,,MIL Mi-8/9/17/19/171/172,MI8,Mil,tar1090-db import,,,,
7BE017,LH981717,,MIL Mi-8/9/17/19/171/172,MI8,Mil,tar1090-db import,,,,
7BE048,LH993726,,MIL Mi-8/9/17/19/171/172,MI8,Mil,tar1090-db import,,,,
7BE04C,LH993733,,MIL Mi-8/9/17/19/171/172,MI8,Mil,tar1090-db import,,,,
7BE059,LH981728,,MIL Mi-8/9/17/19/171/172,MI8,Mil,tar1090-db import,,,,
7C4563,VH-NZP,,PACIFIC AEROSPACE CT-4 Airtrainer,CT4,Mil,tar1090-db import,,,,
7C79A9,VH-YBF,,AGUSTA AW-139,A139,Mil,tar1090-db import,,,,
7C79AA,VH-YBG,,AGUSTA AW-139,A139,Mil,tar1090-db import,,,,
7CF83C,A27-002,,BRITISH AEROSPACE T-45 Goshawk,HAWK,Mil,tar1090-db import,,,,
7CF83D,A27-003,,BRITISH AEROSPACE T-45 Goshawk,HAWK,Mil,tar1090-db import,,,,
7CF83E,A27-004,,BRITISH AEROSPACE T-45 Goshawk,HAWK,Mil,tar1090-db import,,,,
7CF83F,A27-005,,BRITISH AEROSPACE T-45 Goshawk,HAWK,Mil,tar1090-db import,,,,
7CF840,A27-006,,BRITISH AEROSPACE T-45 Goshawk,HAWK,Mil,tar1090-db import,,,,
7CF841,A27-007,,BRITISH AEROSPACE T-45 Goshawk,HAWK,Mil,tar1090-db import,,,,
7CF842,A27-008,,BRITISH AEROSPACE T-45 Goshawk,HAWK,Mil,tar1090-db import,,,,
7CF843,A27-009,,BRITISH AEROSPACE T-45 Goshawk,HAWK,Mil,tar1090-db import,,,,
7CF844,A27-010,,BRITISH AEROSPACE T-45 Goshawk,HAWK,Mil,tar1090-db import,,,,
7CF845,A27-011,,BRITISH AEROSPACE T-45 Goshawk,HAWK,Mil,tar1090-db import,,,,
7CF846,A27-012,,BRITISH AEROSPACE T-45 Goshawk,HAWK,Mil,tar1090-db import,,,,
7CF847,A27-013,,BRITISH AEROSPACE T-45 Goshawk,HAWK,Mil,tar1090-db import,,,,
7CF848,A27-014,,BRITISH AEROSPACE T-45 Goshawk,HAWK,Mil,tar1090-db import,,,,
7CF849,A27-015,,BRITISH AEROSPACE T-45 Goshawk,HAWK,Mil,tar1090-db import,,,,
7CF84A,A27-016,,BRITISH AEROSPACE T-45 Goshawk,HAWK,Mil,tar1090-db import,,,,
7CF84B,A27-017,,BRITISH AEROSPACE T-45 Goshawk,HAWK,Mil,tar1090-db import,,,,
7CF84C,A27-018,,BRITISH AEROSPACE T-45 Goshawk,HAWK,Mil,tar1090-db import,,,,
7CF84D,A27-019,,BRITISH AEROSPACE T-45 Goshawk,HAWK,Mil,tar1090-db import,,,,
7CF84E,A27-020,,BRITISH AEROSPACE T-45 Goshawk,HAWK,Mil,tar1090-db import,,,,
7CF84F,A27-021,,BRITISH AEROSPACE T-45 Goshawk,HAWK,Mil,tar1090-db import,,,,
7CF851,A27-023,,BRITISH AEROSPACE T-45 Goshawk,HAWK,Mil,tar1090-db import,,,,
7CF852,A27-024,,BRITISH AEROSPACE T-45 Goshawk,HAWK,Mil,tar1090-db import,,,,
7CF853,A27-026,,BRITISH AEROSPACE T-45 Goshawk,HAWK,Mil,tar1090-db import,,,,
7CF856,A27-029,,BRITISH AEROSPACE T-45 Goshawk,HAWK,Mil,tar1090-db import,,,,
7CF857,A27-030,,BRITISH AEROSPACE T-45 Goshawk,HAWK,Mil,tar1090-db import,,,,
7CF858,A27-031,,BRITISH AEROSPACE T-45 Goshawk,HAWK,Mil,tar1090-db import,,,,
7CF859,A27-032,,BRITISH AEROSPACE T-45 Goshawk,HAWK,Mil,tar1090-db import,,,,
7CF85A,A27-033,,BRITISH AEROSPACE T-45 Goshawk,HAWK,Mil,tar1090-db import,,,,
7CF85B,A27-034,,BRITISH AEROSPACE T-45 Goshawk,HAWK,Mil,tar1090-db import,,,,
7CF871,A40-003,,NHI NH-90,NH90,Mil,tar1090-db import,,,,
7CF873,A40-004,,NHI NH-90,NH90,Mil,tar1090-db import,,,,
7CF874,A40-005,,NHI NH-90,NH90,Mil,tar1090-db import,,,,
7CF875,A40-006,,NHI NH-90,NH90,Mil,tar1090-db import,,,,
7CF877,A40-008,,NHI NH-90,NH90,Mil,tar1090-db import,,,,
7CF878,A40-009,,NHI NH-90,NH90,Mil,tar1090-db import,,,,
7CF8C1,A51-001,,GULFSTREAM 5,GLF5,Mil,tar1090-db import,,,,
7CF8C3,A51-003,,GULFSTREAM 5,GLF5,Mil,tar1090-db import,,,,
7CF8C4,A51-004,,GULFSTREAM 5,GLF5,Mil,tar1090-db import,,,,
7CF8C8,A44-204,,Boeing F/A-18F Super Hornet,F18S,Mil,tar1090-db import,,,,
7CF8CC,A44-208,,BOEING FA-18 SUPER HORNET,F18S,Mil,tar1090-db import,,,,
7CF8D0,A44-212,,Boeing F/A-18F Super Hornet,F18S,Mil,tar1090-db import,,,,
7CF8D7,A44-219,,BOEING FA-18 SUPER HORNET,F18S,Mil,tar1090-db import,,,,
7CF8D8,A44-220,,Boeing F/A-18F Super Hornet,F18S,Mil,tar1090-db import,,,,
7CF8D9,A44-221,,Boeing F/A-18F Super Hornet,F18S,Mil,tar1090-db import,,,,
7CF8DA,A44-222,,F18S,F18S,Mil,tar1090-db import,,,,
7CF8DB,A44-223,,Boeing F/A-18F Super Hornet,F18S,Mil,tar1090-db import,,,,
7CF8DC,A44-224,,F18S,F18S,Mil,tar1090-db import,,,,
7CF8DD,A17-011,,BELL 206 JetRanger,B06,Mil,tar1090-db import,,,,
7CF924,A17-018,,BELL 206 JetRanger,B06,Mil,tar1090-db import,,,,
7CF999,A15-301,,BOEING-VERTOL CH-47 Chinook,H47,Mil,tar1090-db import,,,,
7CF99A,A15-302,,BOEING-VERTOL CH-47 Chinook,H47,Mil,tar1090-db import,,,,
7CF99B,A15-303,,BOEING-VERTOL CH-47 Chinook,H47,Mil,tar1090-db import,,,,
7CF99C,A15-304,,BOEING-VERTOL CH-47 Chinook,H47,Mil,tar1090-db import,,,,
7CF99D,A15-305,,BOEING-VERTOL CH-47 Chinook,H47,Mil,tar1090-db import,,,,
7CF99E,A15-306,,BOEING-VERTOL CH-47 Chinook,H47,Mil,tar1090-db import,,,,
7CF99F,A15-307,,BOEING-VERTOL CH-47 Chinook,H47,Mil,tar1090-db import,,,,
7CF9A0,N48-001,,SIKORSKY UH-60 Black Hawk,H60,Mil,tar1090-db import,,,,
7CF9A1,N48-002,,SIKORSKY UH-60 Black Hawk,H60,Mil,tar1090-db import,,,,
7CF9A2,N48-003,,SIKORSKY UH-60 Black Hawk,H60,Mil,tar1090-db import,,,,
7CF9A3,N48-004,,SIKORSKY UH-60 Black Hawk,H60,Mil,tar1090-db import,,,,
7CF9A4,N48-005,,SIKORSKY UH-60 Black Hawk,H60,Mil,tar1090-db import,,,,
7CF9A5,N48-006,,SIKORSKY UH-60 Black Hawk,H60,Mil,tar1090-db import,,,,
7CF9A6,N48-007,,SIKORSKY UH-60 Black Hawk,H60,Mil,tar1090-db import,,,,
7CF9A7,N48-008,,SIKORSKY UH-60 Black Hawk,H60,Mil,tar1090-db import,,,,
7CF9A8,N48-009,,SIKORSKY UH-60 Black Hawk,H60,Mil,tar1090-db import,,,,
7CF9A9,N48-010,,SIKORSKY UH-60 Black Hawk,H60,Mil,tar1090-db import,,,,
7CF9AA,N48-011,,SIKORSKY UH-60 Black Hawk,H60,Mil,tar1090-db import,,,,
7CF9AB,N48-012,,SIKORSKY UH-60 Black Hawk,H60,Mil,tar1090-db import,,,,
7CF9AC,N48-013,,SIKORSKY UH-60 Black Hawk,H60,Mil,tar1090-db import,,,,
7CF9AD,N48-014,,SIKORSKY UH-60 Black Hawk,H60,Mil,tar1090-db import,,,,
7CF9AE,N48-015,,SIKORSKY UH-60 Black Hawk,H60,Mil,tar1090-db import,,,,
7CF9AF,N48-016,,SIKORSKY UH-60 Black Hawk,H60,Mil,tar1090-db import,,,,
7CF9B0,N48-017,,SIKORSKY UH-60 Black Hawk,H60,Mil,tar1090-db import,,,,
7CF9B1,N48-018,,SIKORSKY UH-60 Black Hawk,H60,Mil,tar1090-db import,,,,
7CF9B2,N48-019,,SIKORSKY UH-60 Black Hawk,H60,Mil,tar1090-db import,,,,
7CF9B3,N48-020,,SIKORSKY UH-60 Black Hawk,H60,Mil,tar1090-db import,,,,
7CF9B4,N48-021,,SIKORSKY UH-60 Black Hawk,H60,Mil,tar1090-db import,,,,
7CF9B5,N48-022,,SIKORSKY UH-60 Black Hawk,H60,Mil,tar1090-db import,,,,
7CF9B6,N48-023,,SIKORSKY UH-60 Black Hawk,H60,Mil,tar1090-db import,,,,
7CF9B7,N48-024,,SIKORSKY UH-60 Black Hawk,H60,Mil,tar1090-db import,,,,
7CFA09,N52-001,,AIRBUS HELICOPTERS EC-135/635,EC35,Mil,tar1090-db import,,,,
7CFA0A,N52-002,,AIRBUS HELICOPTERS EC-135/635,EC35,Mil,tar1090-db import,,,,
7CFA0B,N52-003,,AIRBUS HELICOPTERS EC-135/635,EC35,Mil,tar1090-db import,,,,
7CFA0C,N52-004,,AIRBUS HELICOPTERS EC-135/635,EC35,Mil,tar1090-db import,,,,
7CFA0D,N52-005,,AIRBUS HELICOPTERS EC-135/635,EC35,Mil,tar1090-db import,,,,
7CFA0E,N52-006,,AIRBUS HELICOPTERS EC-135/635,EC35,Mil,tar1090-db import,,,,
7CFA0F,N52-007,,AIRBUS HELICOPTERS EC-135/635,EC35,Mil,tar1090-db import,,,,
7CFA10,N52-008,,AIRBUS HELICOPTERS EC-135/635,EC35,Mil,tar1090-db import,,,,
7CFA11,N52-009,,AIRBUS HELICOPTERS EC-135/635,EC35,Mil,tar1090-db import,,,,
7CFA12,N52-010,,AIRBUS HELICOPTERS EC-135/635,EC35,Mil,tar1090-db import,,,,
7CFA13,N52-011,,AIRBUS HELICOPTERS EC-135/635,EC35,Mil,tar1090-db import,,,,
7CFA14,N52-012,,AIRBUS HELICOPTERS EC-135/635,EC35,Mil,tar1090-db import,,,,
7CFA15,N52-013,,AIRBUS HELICOPTERS EC-135/635,EC35,Mil,tar1090-db import,,,,
7CFA16,N52-014,,AIRBUS HELICOPTERS EC-135/635,EC35,Mil,tar1090-db import,,,,
7CFA17,N52-015,,AIRBUS HELICOPTERS EC-135/635,EC35,Mil,tar1090-db import,,,,
7CFA18,A38-001,,TIGR,TIGR,Mil,tar1090-db import,,,,
7CFA19,A38-002,,AIRBUS HELICOPTERS EC-665 Tiger,TIGR,Mil,tar1090-db import,,,,
7CFA1A,A38-003,,TIGR,TIGR,Mil,tar1090-db import,,,,
7CFA1B,A38-004,,AIRBUS HELICOPTERS EC-665 Tiger,TIGR,Mil,tar1090-db import,,,,
7CFA1C,A38-005,,TIGR,TIGR,Mil,tar1090-db import,,,,
7CFA1D,A38-006,,TIGR,TIGR,Mil,tar1090-db import,,,,
7CFA1E,A38-007,,AIRBUS HELICOPTERS EC-665 Tiger,TIGR,Mil,tar1090-db import,,,,
7CFA1F,A38-008,,AIRBUS HELICOPTERS EC-665 Tiger,TIGR,Mil,tar1090-db import,,,,
7CFA20,A38-009,,TIGR,TIGR,Mil,tar1090-db import,,,,
7CFA21,A38-010,,TIGR,TIGR,Mil,tar1090-db import,,,,
7CFA22,A38-011,,TIGR,TIGR,Mil,tar1090-db import,,,,
7CFA23,A38-012,,TIGR,TIGR,Mil,tar1090-db import,,,,
7CFA24,A38-013,,TIGR,TIGR,Mil,tar1090-db import,,,,
7CFA25,A38-014,,TIGR,TIGR,Mil,tar1090-db import,,,,
7CFA26,A38-009,,AIRBUS HELICOPTERS EC-665 Tiger,TIGR,Mil,tar1090-db import,,,,
7CFA27,A38-016,,AIRBUS HELICOPTERS EC-665 Tiger,TIGR,Mil,tar1090-db import,,,,
7CFA28,A38-017,,AIRBUS HELICOPTERS EC-665 Tiger,TIGR,Mil,tar1090-db import,,,,
7CFA29,A38-018,,TIGR,TIGR,Mil,tar1090-db import,,,,
7CFA2A,A38-019,,TIGR,TIGR,Mil,tar1090-db import,,,,
7CFA2B,A38-020,,TIGR,TIGR,Mil,tar1090-db import,,,,
7CFA2C,A38-021,,AIRBUS HELICOPTERS EC-665 Tiger,TIGR,Mil,tar1090-db import,,,,
7CFA2D,A38-022,,AIRBUS HELICOPTERS EC-665 Tiger,TIGR,Mil,tar1090-db import,,,,
7CFA2E,A15-308,,BOEING-VERTOL CH-47 Chinook,H47,Mil,tar1090-db import,,,,
7CFA2F,A15-309,,BOEING-VERTOL CH-47 Chinook,H47,Mil,tar1090-db import,,,,
7CFA30,A15-310,,BOEING-VERTOL CH-47 Chinook,H47,Mil,tar1090-db import,,,,
7CFA75,A57-002,,NORTHROP GRUMMAN RQ-4 Global Hawk,Q4,Mil,tar1090-db import,,,,
7CFA76,A57-003,,Q4,Q4,Mil,tar1090-db import,,,,
7CFA98,A47-014,,BOEING P-8 Poseidon,P8,Mil,tar1090-db import,,,,
7CFA9F,A60-001,,SIKORSKY UH-60 Black Hawk,H60,Mil,tar1090-db import,,,,
7CFAA0,A60-002,,SIKORSKY UH-60 Black Hawk,H60,Mil,tar1090-db import,,,,
7CFAA1,A60-003,,SIKORSKY UH-60 Black Hawk,H60,Mil,tar1090-db import,,,,
7CFAA2,A60-004,,SIKORSKY UH-60 Black Hawk,H60,Mil,tar1090-db import,,,,
7CFAA3,A60-005,,SIKORSKY UH-60 Black Hawk,H60,Mil,tar1090-db import,,,,
7CFAA4,A60-006,,SIKORSKY UH-60 Black Hawk,H60,Mil,tar1090-db import,,,,
7CFAA5,A60-007,,SIKORSKY UH-60 Black Hawk,H60,Mil,tar1090-db import,,,,
7CFAA6,A60-008,,SIKORSKY UH-60 Black Hawk,H60,Mil,tar1090-db import,,,,
7CFAA7,A60-009,,SIKORSKY UH-60 Black Hawk,H60,Mil,tar1090-db import,,,,
7CFAA8,A60-010,,SIKORSKY UH-60 Black Hawk,H60,Mil,tar1090-db import,,,,
7CFAA9,A60-011,,SIKORSKY UH-60 Black Hawk,H60,Mil,tar1090-db import,,,,
7CFAAA,A60-012,,SIKORSKY UH-60 Black Hawk,H60,Mil,tar1090-db import,,,,
7CFAAB,A60-013,,SIKORSKY UH-60 Black Hawk,H60,Mil,tar1090-db import,,,,
7CFAAC,A60-014,,SIKORSKY UH-60 Black Hawk,H60,Mil,tar1090-db import,,,,
7CFAAD,A60-015,,H60,H60,Mil,tar1090-db import,,,,
7CFAAF,A60-017,,SIKORSKY UH-60 Black Hawk,H60,Mil,tar1090-db import,,,,
7CFAB0,A60-018,,SIKORSKY UH-60 Black Hawk,H60,Mil,tar1090-db import,,,,
7CFAB1,A60-019,,SIKORSKY UH-60 Black Hawk,H60,Mil,tar1090-db import,,,,
7CFAD2,A15-311,,BOEING-VERTOL CH-47 Chinook,H47,Mil,tar1090-db import,,,,
7CFAD3,A15-312,,BOEING-VERTOL CH-47 Chinook,H47,Mil,tar1090-db import,,,,
7CFAD4,A15-313,,BOEING-VERTOL CH-47 Chinook,H47,Mil,tar1090-db import,,,,
7CFAD5,A15-314,,BOEING-VERTOL CH-47 Chinook,H47,Mil,tar1090-db import,,,,
7CFAE5,N48-025,,SIKORSKY UH-60 Black Hawk,H60,Mil,tar1090-db import,,,,
7CFAE6,N48-026,,SIKORSKY UH-60 Black Hawk,H60,Mil,tar1090-db import,,,,
7CFAFC,N52-101,,EC35,EC35,Mil,tar1090-db import,,,,
7CFAFD,N52-102,,EC35,EC35,Mil,tar1090-db import,,,,
7CFAFE,N52-103,,AIRBUS HELICOPTERS EC-135/635,EC35,Mil,tar1090-db import,,,,
7CFAFF,N52-104,,AIRBUS HELICOPTERS EC-135/635,EC35,Mil,tar1090-db import,,,,
7CFB00,N52-105,,EC35,EC35,Mil,tar1090-db import,,,,
7CFB16,A100-075,,T6,T6,Mil,tar1090-db import,,,,
800001,XH0701,,HAWK,HAWK,Mil,tar1090-db import,,,,
8000D6,K2899,,BOEING 707-300,B703,Mil,tar1090-db import,,,,
8000E3,K3077,,ILYUSHIN Il-76/82,IL76,Mil,tar1090-db import,,,,
800204,K2685,,ANTONOV An-32 Sutlej,AN32,Mil,tar1090-db import,,,,
800205,K2699,,ANTONOV An-32 Sutlej,AN32,Mil,tar1090-db import,,,,
800208,K2698,,AN32,AN32,Mil,tar1090-db import,,,,
80020A,K3067,,ANTONOV An-32 Sutlej,AN32,Mil,tar1090-db import,,,,
800210,K2726,,ANTONOV An-32 Sutlej,AN32,Mil,tar1090-db import,,,,
800213,K2701,,ANTONOV An-32 Sutlej,AN32,Mil,tar1090-db import,,,,
800215,K2749,,ANTONOV An-32 Sutlej,AN32,Mil,tar1090-db import,,,,
800218,VU-MPV,,AN32,AN32,Mil,tar1090-db import,,,,
80021B,VU-MPZ,,AN32,AN32,Mil,tar1090-db import,,,,
80021E,K2755,,ANTONOV An-32 Sutlej,AN32,Mil,tar1090-db import,,,,
80021F,K3068,,ANTONOV An-32 Sutlej,AN32,Mil,tar1090-db import,,,,
800221,K2734,,ANTONOV An-32 Sutlej,AN32,Mil,tar1090-db import,,,,
800225,K2711,,ANTONOV An-32 Sutlej,AN32,Mil,tar1090-db import,,,,
800226,K2672,,ANTONOV An-32 Sutlej,AN32,Mil,tar1090-db import,,,,
800228,K2689,,ANTONOV An-32 Sutlej,AN32,Mil,tar1090-db import,,,,
80022C,K3060,,ANTONOV An-32 Sutlej,AN32,Mil,tar1090-db import,,,,
800231,K3065,,ANTONOV An-32 Sutlej,AN32,Mil,tar1090-db import,,,,
800232,K2717,,AN32,AN32,Mil,tar1090-db import,,,,
800235,K3069,,ANTONOV An-32 Sutlej,AN32,Mil,tar1090-db import,,,,
800236,VU-BFD,,D228,D228,Mil,tar1090-db import,,,,
800237,K2725,,ANTONOV An-32 Sutlej,AN32,Mil,tar1090-db import,,,,
80023D,VU-MPX,,AN32,AN32,Mil,tar1090-db import,,,,
800244,K2738,,ANTONOV An-32 Sutlej,AN32,Mil,tar1090-db import,,,,
800248,K2756,,ANTONOV An-32 Sutlej,AN32,Mil,tar1090-db import,,,,
80024B,K2740,,ANTONOV An-32 Sutlej,AN32,Mil,tar1090-db import,,,,
80024D,K2676,,ANTONOV An-32 Sutlej,AN32,Mil,tar1090-db import,,,,
80024F,K3063,,ANTONOV An-32 Sutlej,AN32,Mil,tar1090-db import,,,,
800255,K2737,,ANTONOV An-32 Sutlej,AN32,Mil,tar1090-db import,,,,
80025E,K3074,,ANTONOV An-32 Sutlej,AN32,Mil,tar1090-db import,,,,
800266,K2754,,ANTONOV An-32 Sutlej,AN32,Mil,tar1090-db import,,,,
800269,HM667,,DORNIER 228,D228,Mil,tar1090-db import,,,,
80026A,HM668,,DORNIER 228,D228,Mil,tar1090-db import,,,,
80026B,HM669,,DORNIER 228,D228,Mil,tar1090-db import,,,,
80026C,HM-670,,D228,D228,Mil,tar1090-db import,,,,
80026E,HM673,,DORNIER 228,D228,Mil,tar1090-db import,,,,
80026F,HM672,,DORNIER 228,D228,Mil,tar1090-db import,,,,
800270,HM674,,DORNIER 228,D228,Mil,tar1090-db import,,,,
800271,HM675,,DORNIER 228,D228,Mil,tar1090-db import,,,,
800273,HM677,,DORNIER 228,D228,Mil,tar1090-db import,,,,
800274,HM678,,DORNIER 228,D228,Mil,tar1090-db import,,,,
800275,HM679,,DORNIER 228,D228,Mil,tar1090-db import,,,,
800276,HM680,,DORNIER 228,D228,Mil,tar1090-db import,,,,
800278,HM682,,DORNIER 228,D228,Mil,tar1090-db import,,,,
800279,HM683,,DORNIER 228,D228,Mil,tar1090-db import,,,,
80027A,HM684,,DORNIER 228,D228,Mil,tar1090-db import,,,,
80027B,HM685,,DORNIER 228,D228,Mil,tar1090-db import,,,,
80027C,HM686,,DORNIER 228,D228,Mil,tar1090-db import,,,,
80027D,HM687,,DORNIER 228,D228,Mil,tar1090-db import,,,,
80027E,HM688,,DORNIER 228,D228,Mil,tar1090-db import,,,,
800280,HM690,,D228,D228,Mil,tar1090-db import,,,,
800281,HM691,,D228,D228,Mil,tar1090-db import,,,,
8002BE,KJ3451,,ILYUSHIN Il-76/82,IL76,Mil,tar1090-db import,,,,
8002C4,HM693,,DORNIER 228,D228,Mil,tar1090-db import,,,,
8002C5,HM694,,DORNIER 228,D228,Mil,tar1090-db import,,,,
8002C7,IN236,,DORNIER 228,D228,Mil,tar1090-db import,,,,
8002C9,IN238,,DORNIER 228,D228,Mil,tar1090-db import,,,,
8002CB,K3601,,EMBRAER EMB-135 Legacy,E35L,Mil,tar1090-db import,,,,
8002CE,K3604,,EMBRAER EMB-135 Legacy,E35L,Mil,tar1090-db import,,,,
8002D6,KJ3449,,ILYUSHIN Il-76/82,IL76,Mil,tar1090-db import,,,,
8002D8,K2664,,ILYUSHIN Il-76/82,IL76,Mil,tar1090-db import,,,,
8002DA,K2666,,ILYUSHIN Il-76/82,IL76,Mil,tar1090-db import,,,,
8002DB,K2878,,ILYUSHIN Il-76/82,IL76,Mil,tar1090-db import,,,,
8002DC,K2879,,ILYUSHIN Il-76/82,IL76,Mil,tar1090-db import,,,,
8002DF,K-2999,,IL76,IL76,Mil,tar1090-db import,,,,
8002E0,K3000,,ILYUSHIN Il-76/82,IL76,Mil,tar1090-db import,,,,
8002E7,KJ3450,,ILYUSHIN Il-76/82,IL76,Mil,tar1090-db import,,,,
8002E9,KJ3452,,ILYUSHIN Il-76/82,IL76,Mil,tar1090-db import,,,,
8002EB,KJ3454,,ILYUSHIN Il-76/82,IL76,Mil,tar1090-db import,,,,
8002F2,K2962,,GULFSTREAM 3,GLF3,Mil,tar1090-db import,,,,
8002F8,IN244,,DORNIER 228,D228,Mil,tar1090-db import,,,,
8002FA,IN246,,DORNIER 228,D228,Mil,tar1090-db import,,,,
800301,HM696,,DORNIER 228,D228,Mil,tar1090-db import,,,,
800302,HM697,,DORNIER 228,D228,Mil,tar1090-db import,,,,
800303,HM698,,DORNIER 228,D228,Mil,tar1090-db import,,,,
800304,HM699,,DORNIER 228,D228,Mil,tar1090-db import,,,,
800305,HM700,,D228,D228,Mil,tar1090-db import,,,,
800308,HM703,,DORNIER 228,D228,Mil,tar1090-db import,,,,
800309,HM704,,DORNIER 228,D228,Mil,tar1090-db import,,,,
80030B,HM706,,DORNIER 228,D228,Mil,tar1090-db import,,,,
80030D,IN321,,BOEING 737-800,B738,Mil,tar1090-db import,,,,
800314,KA2670,,AN32,AN32,Mil,tar1090-db import,,,,
800315,KA2676,,AN32,AN32,Mil,tar1090-db import,,,,
80031C,K2708,,ANTONOV An-32 Sutlej,AN32,Mil,tar1090-db import,,,,
80031D,K2719,,ANTONOV An-32 Sutlej,AN32,Mil,tar1090-db import,,,,
800323,CG785,,DORNIER 228,D228,Mil,tar1090-db import,,,,
800324,CG786,,DORNIER 228,D228,Mil,tar1090-db import,,,,
80032F,KM3554,,EMBRAER ERJ-145,E145,Mil,tar1090-db import,,,,
800330,KM3555,,EMBRAER ERJ-145,E145,Mil,tar1090-db import,,,,
800331,KM3556,,EMBRAER ERJ-145,E145,Mil,tar1090-db import,,,,
800333,KC-3802,,Lockheed Martin C-130J-30 Hercules,C30J,Mil,tar1090-db import,,,,
800335,KC-3804,,Lockheed Martin C-130J-30 Hercules,C30J,Mil,tar1090-db import,,,,
800336,KC-3805,,Lockheed Martin C-130J-30 Hercules,C30J,Mil,tar1090-db import,,,,
800337,KC-3806,,Lockheed Martin C-130J-30 Hercules,C30J,Mil,tar1090-db import,,,,
800338,K2668,,ANTONOV An-32 Sutlej,AN32,Mil,tar1090-db import,,,,
80033A,K2687,,ANTONOV An-32 Sutlej,AN32,Mil,tar1090-db import,,,,
80033C,K2682,,ANTONOV An-32 Sutlej,AN32,Mil,tar1090-db import,,,,
800349,P101,,PC7,PC7,Mil,tar1090-db import,,,,
80034A,P102,,PC7,PC7,Mil,tar1090-db import,,,,
80034B,P103,,PC7,PC7,Mil,tar1090-db import,,,,
80034C,P104,,PC7,PC7,Mil,tar1090-db import,,,,
80034D,P105,,PC7,PC7,Mil,tar1090-db import,,,,
80034E,P106,,PC7,PC7,Mil,tar1090-db import,,,,
80034F,P107,,PC7,PC7,Mil,tar1090-db import,,,,
800350,P108,,PC7,PC7,Mil,tar1090-db import,,,,
800351,P109,,PC7,PC7,Mil,tar1090-db import,,,,
800352,P110,,PC7,PC7,Mil,tar1090-db import,,,,
800353,P111,,PILATUS PC-7 Astra,PC7,Mil,tar1090-db import,,,,
800354,P112,,PC7,PC7,Mil,tar1090-db import,,,,
800355,P113,,PC7,PC7,Mil,tar1090-db import,,,,
800356,P114,,PC7,PC7,Mil,tar1090-db import,,,,
800357,P115,,PC7,PC7,Mil,tar1090-db import,,,,
800358,P116,,PC7,PC7,Mil,tar1090-db import,,,,
800359,P117,,PC7,PC7,Mil,tar1090-db import,,,,
80035A,P118,,PC7,PC7,Mil,tar1090-db import,,,,
80035B,P119,,PC7,PC7,Mil,tar1090-db import,,,,
80035C,P120,,PC7,PC7,Mil,tar1090-db import,,,,
80035D,P121,,PC7,PC7,Mil,tar1090-db import,,,,
8003A0,K2731,,ANTONOV An-32 Sutlej,AN32,Mil,tar1090-db import,,,,
8003C1,CA-7081,,AIRBUS A-321,A321,Mil,tar1090-db import,,,,
8003E5,CA-7082,,AIRBUS A-321,A321,Mil,tar1090-db import,,,,
8003E6,CA-7083,,AIRBUS A-321,A321,Mil,tar1090-db import,,,,
800414,CA-7084,,AIRBUS A-321,A321,Mil,tar1090-db import,,,,
800415,VT-PPF,,AIRBUS A-321,A321,Mil,tar1090-db import,,,,
800440,VT-PPG,,AIRBUS A-321,A321,Mil,tar1090-db import,,,,
8004FD,VT-SCO,,AIRBUS A-319,A319,Mil,tar1090-db import,,,,
800602,KA2698,,ANTONOV An-32 Sutlej,AN32,Mil,tar1090-db import,,,,
80062A,KA2677,,AN32,AN32,Mil,tar1090-db import,,,,
800695,CG752,,D228,D228,Mil,tar1090-db import,,,,
800696,CG753,,DORNIER 228,D228,Mil,tar1090-db import,,,,
800697,CG754,,D228,D228,Mil,tar1090-db import,,,,
800698,CG755,,DORNIER 228,D228,Mil,tar1090-db import,,,,
800699,CG756,,D228,D228,Mil,tar1090-db import,,,,
80069A,CG758,,DORNIER 228,D228,Mil,tar1090-db import,,,,
80069B,CG759,,DORNIER 228,D228,Mil,tar1090-db import,,,,
80069C,CG761,,D228,D228,Mil,tar1090-db import,,,,
80069D,CG762,,D228,D228,Mil,tar1090-db import,,,,
80069E,CG760,,D228,D228,Mil,tar1090-db import,,,,
8006A0,CG764,,D228,D228,Mil,tar1090-db import,,,,
8006A1,CG765,,D228,D228,Mil,tar1090-db import,,,,
8006A2,CG766,,DORNIER 228,D228,Mil,tar1090-db import,,,,
8006A3,CG767,,D228,D228,Mil,tar1090-db import,,,,
8006A4,CG768,,D228,D228,Mil,tar1090-db import,,,,
8006A5,CG769,,D228,D228,Mil,tar1090-db import,,,,
8006A6,CG770,,D228,D228,Mil,tar1090-db import,,,,
8006AB,CG775,,D228,D228,Mil,tar1090-db import,,,,
8006B2,KA2745,,AN32,AN32,Mil,tar1090-db import,,,,
8006B6,KA2751,,AN32,AN32,Mil,tar1090-db import,,,,
800758,P122,,PC7,PC7,Mil,tar1090-db import,,,,
800759,P123,,PC7,PC7,Mil,tar1090-db import,,,,
80075A,P124,,PC7,PC7,Mil,tar1090-db import,,,,
80075B,P125,,PC7,PC7,Mil,tar1090-db import,,,,
80075C,P126,,PC7,PC7,Mil,tar1090-db import,,,,
80075D,P127,,PC7,PC7,Mil,tar1090-db import,,,,
80075E,P128,,PC7,PC7,Mil,tar1090-db import,,,,
80075F,P129,,PC7,PC7,Mil,tar1090-db import,,,,
800788,P170,,PC7,PC7,Mil,tar1090-db import,,,,
800789,P171,,PC7,PC7,Mil,tar1090-db import,,,,
80078A,P172,,PC7,PC7,Mil,tar1090-db import,,,,
80078B,P173,,PC7,PC7,Mil,tar1090-db import,,,,
80078C,P174,,PC7,PC7,Mil,tar1090-db import,,,,
80078D,P175,,PC7,PC7,Mil,tar1090-db import,,,,
80079B,KA2733,,ANTONOV An-32 Sutlej,AN32,Mil,tar1090-db import,,,,
80079C,K2760,,ANTONOV An-32 Sutlej,AN32,Mil,tar1090-db import,,,,
80079D,K2684,,ANTONOV An-32 Sutlej,AN32,Mil,tar1090-db import,,,,
8007A0,KA2731,,AN32,AN32,Mil,tar1090-db import,,,,
8007A1,K2764,,ANTONOV An-32 Sutlej,AN32,Mil,tar1090-db import,,,,
8007A2,VU-DOL,,AN32,AN32,Mil,tar1090-db import,,,,
800DBC,K2736,,ANTONOV An-32 Sutlej,AN32,Mil,tar1090-db import,,,,
800DBD,K2762,,ANTONOV An-32 Sutlej,AN32,Mil,tar1090-db import,,,,
800DBE,KA2675,,ANTONOV An-32 Sutlej,AN32,Mil,tar1090-db import,,,,
800DC0,K2695,,ANTONOV An-32 Sutlej,AN32,Mil,tar1090-db import,,,,
800DC1,K2667,,ANTONOV An-32 Sutlej,AN32,Mil,tar1090-db import,,,,
800DC2,K2750,,ANTONOV An-32 Sutlej,AN32,Mil,tar1090-db import,,,,
800DC3,KA2747,,AN32,AN32,Mil,tar1090-db import,,,,
800DC4,K2742,,ANTONOV An-32 Sutlej,AN32,Mil,tar1090-db import,,,,
800E02,KA2698,,AN32,AN32,Mil,tar1090-db import,,,,
800E03,GB8001,,BOMBARDIER BD-700 Global 5000/5500,GL5T,Mil,tar1090-db import,,,,
800E04,GB8002,,BOMBARDIER BD-700 Global 5000/5500,GL5T,Mil,tar1090-db import,,,,
800E09,KA2691,,AN32,AN32,Mil,tar1090-db import,,,,
800E0A,KA2718,,AN32,AN32,Mil,tar1090-db import,,,,
800E0C,K2679,,ANTONOV An-32 Sutlej,AN32,Mil,tar1090-db import,,,,
800E0D,VU-DOI,,AN32,AN32,Mil,tar1090-db import,,,,
800E0E,KA2678,,AN32,AN32,Mil,tar1090-db import,,,,
800E0F,KA3066,,AN32,AN32,Mil,tar1090-db import,,,,
800E10,KD708,,DORNIER 228,D228,Mil,tar1090-db import,,,,
800E11,KD709,,DORNIER 228,D228,Mil,tar1090-db import,,,,
800E12,KD710,,DORNIER 228,D228,Mil,tar1090-db import,,,,
800E14,KD712,,DORNIER 228,D228,Mil,tar1090-db import,,,,
800E15,KD713,,DORNIER 228,D228,Mil,tar1090-db import,,,,
800E16,KD714,,DORNIER 228,D228,Mil,tar1090-db import,,,,
800E17,KD715,,DORNIER 228,D228,Mil,tar1090-db import,,,,
800E18,KD716,,D228,D228,Mil,tar1090-db import,,,,
800E19,KD717,,DORNIER 228,D228,Mil,tar1090-db import,,,,
800E1A,KD718,,D228,D228,Mil,tar1090-db import,,,,
800E1B,KD719,,D228,D228,Mil,tar1090-db import,,,,
800E1C,KD720,,D228,D228,Mil,tar1090-db import,,,,
800E1D,KD721,,D228,D228,Mil,tar1090-db import,,,,
800E1E,KC-3807,,Lockheed Martin C-130J-30 Hercules,C30J,Mil,tar1090-db import,,,,
800E1F,KC-3808,,Lockheed Martin C-130J-30 Hercules,C30J,Mil,tar1090-db import,,,,
800E20,KC-3809,,Lockheed Martin C-130J-30 Hercules,C30J,Mil,tar1090-db import,,,,
800E21,KC-3810,,Lockheed Martin C-130J-30 Hercules,C30J,Mil,tar1090-db import,,,,
800E22,KC-3811,,Lockheed Martin C-130J-30 Hercules,C30J,Mil,tar1090-db import,,,,
800E23,KC-3812,,Lockheed Martin C-130J-30 Hercules,C30J,Mil,tar1090-db import,,,,
800E24,IN220,,D228,D228,Mil,tar1090-db import,,,,
800E25,IN221,,D228,D228,Mil,tar1090-db import,,,,
800E26,IN222,,DORNIER 228,D228,Mil,tar1090-db import,,,,
800E27,IN223,,D228,D228,Mil,tar1090-db import,,,,
800E28,IN224,,D228,D228,Mil,tar1090-db import,,,,
800E29,IN225,,D228,D228,Mil,tar1090-db import,,,,
800E2B,IN227,,D228,D228,Mil,tar1090-db import,,,,
800E2C,IN228,,D228,D228,Mil,tar1090-db import,,,,
800E2D,IN229,,D228,D228,Mil,tar1090-db import,,,,
800E2E,IN230,,D228,D228,Mil,tar1090-db import,,,,
800E2F,IN231,,DORNIER 228,D228,Mil,tar1090-db import,,,,
800E30,IN232,,DORNIER 228,D228,Mil,tar1090-db import,,,,
800E31,IN233,,D228,D228,Mil,tar1090-db import,,,,
800E32,IN234,,DORNIER 228,D228,Mil,tar1090-db import,,,,
800E33,IN235,,D228,D228,Mil,tar1090-db import,,,,
800E34,VU-MPE,,AN32,AN32,Mil,tar1090-db import,,,,
800E37,KC-3807,,C30J,C30J,Mil,tar1090-db import,,,,
800E38,KC-3808,,C30J,C30J,Mil,tar1090-db import,,,,
800E39,KC-3809,,C30J,C30J,Mil,tar1090-db import,,,,
800E3A,KC-3810,,C30J,C30J,Mil,tar1090-db import,,,,
800E3B,KC-3811,,C30J,C30J,Mil,tar1090-db import,,,,
800E3E,IN251,,DORNIER 228,D228,Mil,tar1090-db import,,,,
800E3F,IN252,,D228,D228,Mil,tar1090-db import,,,,
800E40,IN253,,D228,D228,Mil,tar1090-db import,,,,
800E41,IN254,,DORNIER 228,D228,Mil,tar1090-db import,,,,
800E42,KC-3813,,Lockheed Martin C-130J-30 Hercules,C30J,Mil,tar1090-db import,,,,
800E54,IN228,,DORNIER 228,D228,Mil,tar1090-db import,,,,
800E64,KD722,,D228,D228,Mil,tar1090-db import,,,,
800E65,IN255,,D228,D228,Mil,tar1090-db import,,,,
800E66,IN256,,D228,D228,Mil,tar1090-db import,,,,
800E67,IN257,,D228,D228,Mil,tar1090-db import,,,,
800E68,IN258,,D228,D228,Mil,tar1090-db import,,,,
800E69,KD723,,DORNIER 228,D228,Mil,tar1090-db import,,,,
800E70,KA2753,,ANTONOV An-32 Sutlej,AN32,Mil,tar1090-db import,,,,
800E71,KA2759,,ANTONOV An-32 Sutlej,AN32,Mil,tar1090-db import,,,,
800E72,KA2741,,ANTONOV An-32 Sutlej,AN32,Mil,tar1090-db import,,,,
800E74,KA2700,,ANTONOV An-32 Sutlej,AN32,Mil,tar1090-db import,,,,
800E75,KA2703,,ANTONOV An-32 Sutlej,AN32,Mil,tar1090-db import,,,,
800E79,KA3072,,ANTONOV An-32 Sutlej,AN32,Mil,tar1090-db import,,,,
800F10,VU-BKG,,AN32,AN32,Mil,tar1090-db import,,,,
800F13,IN259,,D228,D228,Mil,tar1090-db import,,,,
800F14,IN260,,D228,D228,Mil,tar1090-db import,,,,
800F15,IN261,,D228,D228,Mil,tar1090-db import,,,,
800F21,IN262,,D228,D228,Mil,tar1090-db import,,,,
800F24,KA2699,,AN32,AN32,Mil,tar1090-db import,,,,
800F25,VU-DBS,,AN32,AN32,Mil,tar1090-db import,,,,
800F28,VU-DOK,,AN32,AN32,Mil,tar1090-db import,,,,
800F29,VU-MPB,,AN32,AN32,Mil,tar1090-db import,,,,
800F2A,VU-BKB,,AN32,AN32,Mil,tar1090-db import,,,,
800F2B,VU-DBB,,AN32,AN32,Mil,tar1090-db import,,,,
800F2D,KA3071,,AN32,AN32,Mil,tar1090-db import,,,,
800F2F,IN751,,SIKORSKY UH-60 Black Hawk,H60,Mil,tar1090-db import,,,,
800F30,IN752,,SIKORSKY UH-60 Black Hawk,H60,Mil,tar1090-db import,,,,
800F31,IN753,,SIKORSKY UH-60 Black Hawk,H60,Mil,tar1090-db import,,,,
800F32,IN754,,SIKORSKY UH-60 Black Hawk,H60,Mil,tar1090-db import,,,,
800F33,IN755,,SIKORSKY UH-60 Black Hawk,H60,Mil,tar1090-db import,,,,
800F34,IN756,,SIKORSKY UH-60 Black Hawk,H60,Mil,tar1090-db import,,,,
801450,IN757,,SIKORSKY UH-60 Black Hawk,H60,Mil,tar1090-db import,,,,
801474,IN758,,SIKORSKY UH-60 Black Hawk,H60,Mil,tar1090-db import,,,,
801475,IN759,,SIKORSKY UH-60 Black Hawk,H60,Mil,tar1090-db import,,,,
801476,IN760,,SIKORSKY UH-60 Black Hawk,H60,Mil,tar1090-db import,,,,
801477,IN761,,SIKORSKY UH-60 Black Hawk,H60,Mil,tar1090-db import,,,,
801478,IN762,,SIKORSKY UH-60 Black Hawk,H60,Mil,tar1090-db import,,,,
801481,KD-724,,D228,D228,Mil,tar1090-db import,,,,
801482,KD725,,D228,D228,Mil,tar1090-db import,,,,
801483,KD-726,,DORNIER 228,D228,Mil,tar1090-db import,,,,
801484,KD727,,D228,D228,Mil,tar1090-db import,,,,
801485,KD-728,,DORNIER 228,D228,Mil,tar1090-db import,,,,
801486,KD-729,,DORNIER 228,D228,Mil,tar1090-db import,,,,
801487,KA2732,,AN32,AN32,Mil,tar1090-db import,,,,
801488,KA3058,,AN32,AN32,Mil,tar1090-db import,,,,
80148A,KA3065,,AN32,AN32,Mil,tar1090-db import,,,,
80150B,CA7101,,CASA C-295 Persuader,C295,Mil,tar1090-db import,,,,
80150C,IN763,,SIKORSKY UH-60 Black Hawk,H60,Mil,tar1090-db import,,,,
80150D,IN764,,SIKORSKY UH-60 Black Hawk,H60,Mil,tar1090-db import,,,,
80150E,IN765,,SIKORSKY UH-60 Black Hawk,H60,Mil,tar1090-db import,,,,
80150F,IN766,,SIKORSKY UH-60 Black Hawk,H60,Mil,tar1090-db import,,,,
801510,IN767,,SIKORSKY UH-60 Black Hawk,H60,Mil,tar1090-db import,,,,
801511,IN768,,SIKORSKY UH-60 Black Hawk,H60,Mil,tar1090-db import,,,,
80151F,CA7102,,CASA C-295 Persuader,C295,Mil,tar1090-db import,,,,
801520,CA7103,,CASA C-295 Persuader,C295,Mil,tar1090-db import,,,,
801521,CA7104,,CASA C-295 Persuader,C295,Mil,tar1090-db import,,,,
801522,CA7105,,CASA C-295 Persuader,C295,Mil,tar1090-db import,,,,
8016E5,CA7106,,CASA C-295 Persuader,C295,Mil,tar1090-db import,,,,
8016E6,CA7107,,CASA C-295 Persuader,C295,Mil,tar1090-db import,,,,
8016E7,CA7108,,CASA C-295 Persuader,C295,Mil,tar1090-db import,,,,
8016E8,CA7109,,CASA C-295 Persuader,C295,Mil,tar1090-db import,,,,
8016EB,IN769,,SIKORSKY UH-60 Black Hawk,H60,Mil,tar1090-db import,,,,
8016EC,IN770,,SIKORSKY UH-60 Black Hawk,H60,Mil,tar1090-db import,,,,
8016ED,IN771,,SIKORSKY UH-60 Black Hawk,H60,Mil,tar1090-db import,,,,
8016EE,IN772,,SIKORSKY UH-60 Black Hawk,H60,Mil,tar1090-db import,,,,
8016EF,IN773,,SIKORSKY UH-60 Black Hawk,H60,Mil,tar1090-db import,,,,
8016F0,IN774,,SIKORSKY UH-60 Black Hawk,H60,Mil,tar1090-db import,,,,
8016F3,CG792,,D228,D228,Mil,tar1090-db import,,,,
8016F8,CA7110,,CASA C-295 Persuader,C295,Mil,tar1090-db import,,,,
8016F9,CA7111,,CASA C-295 Persuader,C295,Mil,tar1090-db import,,,,
8016FA,CA7112,,CASA C-295 Persuader,C295,Mil,tar1090-db import,,,,
801714,CA7113,,CASA C-295 Persuader,C295,Mil,tar1090-db import,,,,
801715,CA7114,,CASA C-295 Persuader,C295,Mil,tar1090-db import,,,,
801716,CA7115,,CASA C-295 Persuader,C295,Mil,tar1090-db import,,,,
8017AD,CA7116,,CASA C-295 Persuader,C295,Mil,tar1090-db import,,,,
840000,H-84,,BELL 212,B212,Mil,tar1090-db import,,,,
87C400,23051,,BEECHCRAFT Super King Air 350,B350,Mil,tar1090-db import,,,,
87C401,23052,,BEECHCRAFT Super King Air 350,B350,Mil,tar1090-db import,,,,
87C402,23053,,BEECHCRAFT Super King Air 350,B350,Mil,tar1090-db import,,,,
87C403,23054,,BEECHCRAFT Super King Air 350,B350,Mil,tar1090-db import,,,,
87C404,23055,,BEECHCRAFT Super King Air 350,B350,Mil,tar1090-db import,,,,
87C405,23056,,BEECHCRAFT Super King Air 350,B350,Mil,tar1090-db import,,,,
87C40A,23058,,BEECHCRAFT Super King Air 350,B350,Mil,tar1090-db import,,,,
87C40B,23059,,B350,B350,Mil,tar1090-db import,,,,
87C81C,8803,,EC35,EC35,Mil,tar1090-db import,,,,
87C81D,8804,,EC35,EC35,Mil,tar1090-db import,,,,
87C81E,8805,,AIRBUS HELICOPTERS EC-135/635,EC35,Mil,tar1090-db import,,,,
87C81F,8806,,EC35,EC35,Mil,tar1090-db import,,,,
87C820,8807,,EC35,EC35,Mil,tar1090-db import,,,,
87C821,8808,,AIRBUS HELICOPTERS EC-135/635,EC35,Mil,tar1090-db import,,,,
87C826,8809,,AIRBUS HELICOPTERS EC-135/635,EC35,Mil,tar1090-db import,,,,
87C827,8810,,EC35,EC35,Mil,tar1090-db import,,,,
87C828,9051,,LOCKHEED C-130 Hercules,C130,Mil,tar1090-db import,,,,
87C829,9052,,LOCKHEED C-130 Hercules,C130,Mil,tar1090-db import,,,,
87C82A,9053,,C130,C130,Mil,tar1090-db import,,,,
87C82B,9054,,LOCKHEED C-130 Hercules,C130,Mil,tar1090-db import,,,,
87C82C,9055,,C130,C130,Mil,tar1090-db import,,,,
87C82D,9056,,C130,C130,Mil,tar1090-db import,,,,
87C82E,8811,,AIRBUS HELICOPTERS EC-135/635,EC35,Mil,tar1090-db import,,,,
87C82F,8812,,EC35,EC35,Mil,tar1090-db import,,,,
87C830,8813,,EC35,EC35,Mil,tar1090-db import,,,,
87C833,8814,,EC35,EC35,Mil,tar1090-db import,,,,
87C834,8815,,AIRBUS HELICOPTERS EC-135/635,EC35,Mil,tar1090-db import,,,,
87C83E,9907,,US2,US2,Mil,tar1090-db import,,,,
87C853,9901,,US2,US2,Mil,tar1090-db import,,,,
87C854,9902,,US2,US2,Mil,tar1090-db import,,,,
87C855,9903,,US2,US2,Mil,tar1090-db import,,,,
87C856,9904,,US2,US2,Mil,tar1090-db import,,,,
87C85A,9909,,US2,US2,Mil,tar1090-db import,,,,
87CC00,75-3251,,GULFSTREAM 4,GLF4,Mil,tar1090-db import,,,,
87CC02,85-3253,,GULFSTREAM 4,GLF4,Mil,tar1090-db import,,,,
87CC03,95-3254,,GULFSTREAM 4,GLF4,Mil,tar1090-db import,,,,
87CC04,05-3255,,GULFSTREAM 4,GLF4,Mil,tar1090-db import,,,,
87CC05,08-1201,,KC2,KC2,Mil,tar1090-db import,,,,
87CC09,97-3603,,BOEING 767-200,B762,Mil,tar1090-db import,,,,
87CC18,35-1071,,Lockheed C-130H Hercules,C130,Mil,tar1090-db import,,,,
87CC19,35-1072,,Lockheed C-130H Hercules,C130,Mil,tar1090-db import,,,,
87CC1A,45-1073,,Lockheed C-130H Hercules,C130,Mil,tar1090-db import,,,,
87CC1B,45-1074,,Lockheed C-130H Hercules,C130,Mil,tar1090-db import,,,,
87CC1C,75-1075,,Lockheed C-130H Hercules,C130,Mil,tar1090-db import,,,,
87CC1D,75-1076,,Lockheed C-130H Hercules,C130,Mil,tar1090-db import,,,,
87CC1E,75-1077,,Lockheed C-130H Hercules,C130,Mil,tar1090-db import,,,,
87CC1F,75-1078,,Lockheed C-130H Hercules,C130,Mil,tar1090-db import,,,,
87CC21,85-1080,,Lockheed KC-130H Hercules,C130,Mil,tar1090-db import,,,,
87CC22,95-1081,,Lockheed KC-130H Hercules,C130,Mil,tar1090-db import,,,,
87CC24,95-1083,,Lockheed KC-130H Hercules,C130,Mil,tar1090-db import,,,,
87CC25,05-1084,,Lockheed C-130H Hercules,C130,Mil,tar1090-db import,,,,
87CC26,05-1085,,Lockheed C-130H Hercules,C130,Mil,tar1090-db import,,,,
87CC27,85-1086,,Lockheed C-130H Hercules,C130,Mil,tar1090-db import,,,,
87CC30,68-1203,,KAWASAKI C-2,KC2,Mil,tar1090-db import,,,,
87CC32,78-1205,,KAWASAKI C-2,KC2,Mil,tar1090-db import,,,,
87CC37,78-1206,,KAWASAKI C-2,KC2,Mil,tar1090-db import,,,,
87CC39,88-1208,,KAWASAKI C-2,KC2,Mil,tar1090-db import,,,,
87CC3B,98-1209,,KAWASAKI C-2,KC2,Mil,tar1090-db import,,,,
87CC3E,98-1210,,KAWASAKI C-2,KC2,Mil,tar1090-db import,,,,
87CC3F,08-1211,,KAWASAKI C-2,KC2,Mil,tar1090-db import,,,,
87CD05,12-3033,,CESSNA 680 Citation Latitude,C68A,Mil,tar1090-db import,,,,
87CD1B,18-1215,,KAWASAKI C-2,KC2,Mil,tar1090-db import,,,,
87CD23,28-1216,,KAWASAKI C-2,KC2,Mil,tar1090-db import,,,,
87CD24,38-1217,,KAWASAKI C-2,KC2,Mil,tar1090-db import,,,,
87CDE4,58-1218,,KAWASAKI C-2,KC2,Mil,tar1090-db import,,,,
87CDE5,58-1219,,KAWASAKI C-2,KC2,Mil,tar1090-db import,,,,
87CDF3,54-3615,,BOEING 767-200,B762,Mil,tar1090-db import,,,,
87CDF4,54-3616,,BOEING 767-200,B762,Mil,tar1090-db import,,,,
87CDFF,AT2401,,AIRBUS HELICOPTERS EC-145,EC45,Mil,tar1090-db import,,,,
880029,447,,CESSNA 212 Aviocar,C212,Mil,tar1090-db import,,,,
880401,1124,,EMBRAER EMB-135 Legacy,E35L,Mil,tar1090-db import,,,,
880404,16150,,CASA C-295 Persuader,C295,Mil,tar1090-db import,,,,
880405,19160,,CASA C-295 Persuader,C295,Mil,tar1090-db import,,,,
880406,1165,,BEECH 200 Super King Air,BE20,Mil,tar1090-db import,,,,
880409,41522,,AGUSTA AW-139,A139,Mil,tar1090-db import,,,,
88040B,41524,,AGUSTA AW-139,A139,Mil,tar1090-db import,,,,
88040C,41525,,AGUSTA AW-139,A139,Mil,tar1090-db import,,,,
880416,23221,,CASA C-295 Persuader,C295,Mil,tar1090-db import,,,,
880417,2307,,PC12,PC12,Mil,tar1090-db import,,,,
8805A5,L8-2/23,,LOCKHEED C-130 Hercules,C130,Mil,tar1090-db import,,,,
8805B0,1084,,EMBRAER EMB-135 Legacy,E35L,Mil,tar1090-db import,,,,
881401,F22-01/65,,BEECHCRAFT T-6 Texan 2,TEX2,Mil,tar1090-db import,,,,
881402,F22-02/65,,BEECHCRAFT T-6 Texan 2,TEX2,Mil,tar1090-db import,,,,
881403,F22-03/65,,BEECHCRAFT T-6 Texan 2,TEX2,Mil,tar1090-db import,,,,
881404,F22-04/65,,BEECHCRAFT T-6 Texan 2,TEX2,Mil,tar1090-db import,,,,
881405,F22-05/65,,BEECHCRAFT T-6 Texan 2,TEX2,Mil,tar1090-db import,,,,
881406,F22-06/66,,BEECHCRAFT T-6 Texan 2,TEX2,Mil,tar1090-db import,,,,
881407,F22-07/66,,BEECHCRAFT T-6 Texan 2,TEX2,Mil,tar1090-db import,,,,
881408,F22-08/66,,BEECHCRAFT T-6 Texan 2,TEX2,Mil,tar1090-db import,,,,
881409,F22-09/66,,BEECHCRAFT T-6 Texan 2,TEX2,Mil,tar1090-db import,,,,
88140A,F22-10/66,,BEECHCRAFT T-6 Texan 2,TEX2,Mil,tar1090-db import,,,,
88140B,F22-11/66,,BEECHCRAFT T-6 Texan 2,TEX2,Mil,tar1090-db import,,,,
88140C,F22-12/66,,BEECHCRAFT T-6 Texan 2,TEX2,Mil,tar1090-db import,,,,
88140E,60302,,ATR-72-202,AT72,Mil,tar1090-db import,,,,
881761,41102,,TEX2,TEX2,Mil,tar1090-db import,,,,
881762,41103,,TEX2,TEX2,Mil,tar1090-db import,,,,
881763,41104,,TEX2,TEX2,Mil,tar1090-db import,,,,
881764,41105,,TEX2,TEX2,Mil,tar1090-db import,,,,
881765,41106,,TEX2,TEX2,Mil,tar1090-db import,,,,
881766,41107,,TEX2,TEX2,Mil,tar1090-db import,,,,
881767,41108,,TEX2,TEX2,Mil,tar1090-db import,,,,
881B61,60101,,LOCKHEED C-130 Hercules,C130,Mil,tar1090-db import,,,,
881B63,60103,,LOCKHEED C-130 Hercules,C130,Mil,tar1090-db import,,,,
881B64,60104,,LOCKHEED C-130 Hercules,C130,Mil,tar1090-db import,,,,
881B65,60105,,LOCKHEED C-130 Hercules,C130,Mil,tar1090-db import,,,,
881B66,60106,,LOCKHEED C-130 Hercules,C130,Mil,tar1090-db import,,,,
881B67,60107,,LOCKHEED C-130 Hercules,C130,Mil,tar1090-db import,,,,
881B68,60108,,LOCKHEED C-130 Hercules,C130,Mil,tar1090-db import,,,,
881B69,60109,,LOCKHEED C-130 Hercules,C130,Mil,tar1090-db import,,,,
881B6A,60110,,LOCKHEED C-130 Hercules,C130,Mil,tar1090-db import,,,,
881B6B,60111,,LOCKHEED C-130 Hercules,C130,Mil,tar1090-db import,,,,
881B6C,60112,,LOCKHEED C-130 Hercules,C130,Mil,tar1090-db import,,,,
881B6D,60313,,ATR-72-500,AT75,Mil,tar1090-db import,,,,
881B6E,60315,,ATR-72-500,AT75,Mil,tar1090-db import,,,,
881B6F,60316,,ATR-72-500,AT75,Mil,tar1090-db import,,,,
881B77,H13-5-65,,EC35,EC35,Mil,tar1090-db import,,,,
881B79,40218,,DA42,DA42,Mil,tar1090-db import,,,,
881B7A,40219,,DIAMOND DA-42 Guardian,DA42,Mil,tar1090-db import,,,,
881B81,70201,,SAAB 340,SF34,Mil,tar1090-db import,,,,
881B82,70203,,SAAB 340,SF34,Mil,tar1090-db import,,,,
881B83,70202,,SAAB 340,SF34,Mil,tar1090-db import,,,,
881B84,70204,,SAAB 340,SF34,Mil,tar1090-db import,,,,
881B85,TF20-7/53,,DIAMOND DA-42 Guardian,DA42,Mil,tar1090-db import,,,,
881B86,TF20-8/53,,DIAMOND DA-42 Guardian,DA42,Mil,tar1090-db import,,,,
881B88,TF20-10/54,,DIAMOND DA-42 Guardian,DA42,Mil,tar1090-db import,,,,
881B89,TF20-11/54,,DIAMOND DA-42 Guardian,DA42,Mil,tar1090-db import,,,,
881B8F,F20K-3/60,,DA42,DA42,Mil,tar1090-db import,,,,
881B96,21317,,PILATUS PC-6 Turbo-Porter,PC6T,Mil,tar1090-db import,,,,
881BA1,H10-1/54,,SIKORSKY S-92 Helibus,S92,Mil,tar1090-db import,,,,
881BA2,H10-2/54,,SIKORSKY S-92 Helibus,S92,Mil,tar1090-db import,,,,
881BA3,H10-3-54,,S92,S92,Mil,tar1090-db import,,,,
881BA4,H11-1/58,,AIRBUS HELICOPTERS EC-225/725,EC25,Mil,tar1090-db import,,,,
881BA5,H11-2/58,,AIRBUS HELICOPTERS EC-225/725,EC25,Mil,tar1090-db import,,,,
881BA6,H11-3/58,,AIRBUS HELICOPTERS EC-225/725,EC25,Mil,tar1090-db import,,,,
881BAA,H10-4/61,,SIKORSKY S-92 Helibus,S92,Mil,tar1090-db import,,,,
881BAB,H10-5/61,,SIKORSKY S-92 Helibus,S92,Mil,tar1090-db import,,,,
881BAF,42085,,PC6T,PC6T,Mil,tar1090-db import,,,,
881BB1,JTH2-28/19,,PILATUS PC-6 Turbo-Porter,PC6T,Mil,tar1090-db import,,,,
881BB2,JTH2-29/19,,PILATUS PC-6 Turbo-Porter,PC6T,Mil,tar1090-db import,,,,
881BB3,JTH2-33/19,,PILATUS PC-6 Turbo-Porter,PC6T,Mil,tar1090-db import,,,,
881BB4,F20K-8/64,,DA42,DA42,Mil,tar1090-db import,,,,
881BB5,20311,,AIRBUS HELICOPTERS EC-225/725,EC25,Mil,tar1090-db import,,,,
881BB6,F20K-10/64,,DA42,DA42,Mil,tar1090-db import,,,,
881BB7,F20K-11/63,,DA42,DA42,Mil,tar1090-db import,,,,
881BB8,B.F21-3/63,,DIAMOND DA-40 Club Star,DA40,Mil,tar1090-db import,,,,
881BB9,B.F21-4/63,,DIAMOND DA-40 Club Star,DA40,Mil,tar1090-db import,,,,
881BBA,B.F21-5/63,,DIAMOND DA-40 Club Star,DA40,Mil,tar1090-db import,,,,
881BC4,B.F21-6/63,,DIAMOND DA-40 Club Star,DA40,Mil,tar1090-db import,,,,
881BC5,B.F21-7/63,,DIAMOND DA-40 Club Star,DA40,Mil,tar1090-db import,,,,
881BC6,B.F21-8/63,,DIAMOND DA-40 Club Star,DA40,Mil,tar1090-db import,,,,
881BC7,B.F21-1/63,,DIAMOND DA-40 Club Star,DA40,Mil,tar1090-db import,,,,
881BC8,B.F21-2/63,,DIAMOND DA-40 Club Star,DA40,Mil,tar1090-db import,,,,
881BC9,F16K-5/42,,CT4,CT4,Mil,tar1090-db import,,,,
881BCC,F16K-15/44,,CT4,CT4,Mil,tar1090-db import,,,,
881BCD,F20K-6/63,,DA42,DA42,Mil,tar1090-db import,,,,
881BD1,F16K-16/44,,CT4,CT4,Mil,tar1090-db import,,,,
881BD2,B.F16-17/47,,PACIFIC AEROSPACE CT-4 Airtrainer,CT4,Mil,tar1090-db import,,,,
881BD3,B.F16-18/47,,PACIFIC AEROSPACE CT-4 Airtrainer,CT4,Mil,tar1090-db import,,,,
881BD4,B.F16-19/47,,PACIFIC AEROSPACE CT-4 Airtrainer,CT4,Mil,tar1090-db import,,,,
881BD5,B.F16-20/47,,PACIFIC AEROSPACE CT-4 Airtrainer,CT4,Mil,tar1090-db import,,,,
881BD7,H11-10-64,,AIRBUS HELICOPTERS EC-225/725,EC25,Mil,tar1090-db import,,,,
881BE8,F19-03/34,,PILATUS PC-9 Hudournik,PC9,Mil,tar1090-db import,,,,
881BEA,JTH2-24-19,,PC6T,PC6T,Mil,tar1090-db import,,,,
881BEE,F19-10/34,,PILATUS PC-9 Hudournik,PC9,Mil,tar1090-db import,,,,
881BF5,F19-20/35,,PILATUS PC-9 Hudournik,PC9,Mil,tar1090-db import,,,,
881C01,2321,,BELL 407,B407,Mil,tar1090-db import,,,,
881C02,2322,,BELL 407,B407,Mil,tar1090-db import,,,,
881C04,KASET-1544,,C212,C212,Mil,tar1090-db import,,,,
881C05,KASET-1545,,C212,C212,Mil,tar1090-db import,,,,
881C06,93303,,BEECH 200 Super King Air,BE20,Mil,tar1090-db import,,,,
881C08,93305,,BE20,BE20,Mil,tar1090-db import,,,,
881C09,93306,,B412,B412,Mil,tar1090-db import,,,,
881C65,F20-1/52/60446,,DIAMOND DA-42 Guardian,DA42,Mil,tar1090-db import,,,,
881C66,F20-2/52/60447,,DIAMOND DA-42 Guardian,DA42,Mil,tar1090-db import,,,,
881C68,F20-4/52/60449,,DIAMOND DA-42 Guardian,DA42,Mil,tar1090-db import,,,,
882248,99-999,,BOEING 737-400,B734,Mil,tar1090-db import,,,,
8836D3,HS-MVS,,BOEING 737-800,B738,Mil,tar1090-db import,,,,
883802,2211,,B212,B212,Mil,tar1090-db import,,,,
883AC1,2112,,EMBRAER EMB-135 Legacy,E35L,Mil,tar1090-db import,,,,
883B84,1112,,DORNIER 228,D228,Mil,tar1090-db import,,,,
883B86,1114,,DORNIER 228,D228,Mil,tar1090-db import,,,,
884010,2601,,B412,B412,Mil,tar1090-db import,,,,
884016,36973,,DE HAVILLAND DHC-6 Twin Otter,DHC6,Mil,tar1090-db import,,,,
884018,2614,,BELL 412,B412,Mil,tar1090-db import,,,,
884019,2615,,BELL 412,B412,Mil,tar1090-db import,,,,
88401A,2616,,BELL 412,B412,Mil,tar1090-db import,,,,
884361,2617,,BELL 412,B412,Mil,tar1090-db import,,,,
884802,KASET-1546,,C212,C212,Mil,tar1090-db import,,,,
884803,KASET-1931,,C208,C208,Mil,tar1090-db import,,,,
884804,KASET-1932,,C208,C208,Mil,tar1090-db import,,,,
884805,KASET-1933,,C208,C208,Mil,tar1090-db import,,,,
884806,KASET-1934,,C208,C208,Mil,tar1090-db import,,,,
884807,KASET-1547,,C212,C212,Mil,tar1090-db import,,,,
884808,KASET-1935,,C208,C208,Mil,tar1090-db import,,,,
88480A,KASET-2611,,L410,L410,Mil,tar1090-db import,,,,
88480B,KASET-2612,,L410,L410,Mil,tar1090-db import,,,,
888001,601,,BEECHCRAFT T-6 Texan 2,TEX2,Mil,tar1090-db import,,,,
888004,603,,BEECHCRAFT T-6 Texan 2,TEX2,Mil,tar1090-db import,,,,
888005,604,,BEECHCRAFT T-6 Texan 2,TEX2,Mil,tar1090-db import,,,,
888006,605,,BEECHCRAFT T-6 Texan 2,TEX2,Mil,tar1090-db import,,,,
888007,606,,BEECHCRAFT T-6 Texan 2,TEX2,Mil,tar1090-db import,,,,
888008,607,,BEECHCRAFT T-6 Texan 2,TEX2,Mil,tar1090-db import,,,,
888009,608,,BEECHCRAFT T-6 Texan 2,TEX2,Mil,tar1090-db import,,,,
88800A,609,,BEECHCRAFT T-6 Texan 2,TEX2,Mil,tar1090-db import,,,,
88800B,610,,BEECHCRAFT T-6 Texan 2,TEX2,Mil,tar1090-db import,,,,
88800C,611,,BEECHCRAFT T-6 Texan 2,TEX2,Mil,tar1090-db import,,,,
88800D,612,,BEECHCRAFT T-6 Texan 2,TEX2,Mil,tar1090-db import,,,,
8880BC,VNT-772,,DE HAVILLAND DHC-6 Twin Otter,DHC6,Mil,tar1090-db import,,,,
8880BD,VNT-773,,DE HAVILLAND DHC-6 Twin Otter,DHC6,Mil,tar1090-db import,,,,
8880D1,8901,,CASA C-295 Persuader,C295,Mil,tar1090-db import,,,,
8880D3,8903,,C295,C295,Mil,tar1090-db import,,,,
894049,A9C-KOB,,SIKORSKY S-92 Helibus,S92,Mil,tar1090-db import,,,,
894087,701,,Lockheed Martin C-130J Hercules,C30J,Mil,tar1090-db import,,,,
895014,TUDB504,,CASA C-295 Persuader,C295,Mil,tar1090-db import,,,,
89501A,TUDB505,,CASA C-295 Persuader,C295,Mil,tar1090-db import,,,,
8953F2,TUDB305,,BELL 206 JetRanger,B06,Mil,tar1090-db import,,,,
8953FC,TUDB502,,CASA C-295 Persuader,C295,Mil,tar1090-db import,,,,
8953FD,TUDB503,,CASA C-295 Persuader,C295,Mil,tar1090-db import,,,,
896026,1320,,DE HAVILLAND DHC-8-300 Dash 8,DH8C,Mil,tar1090-db import,,,,
896028,1321,,DE HAVILLAND DHC-8-300 Dash 8,DH8C,Mil,tar1090-db import,,,,
89602A,1207,,PIAGGIO P-180 Avanti,P180,Mil,tar1090-db import,,,,
89602B,1208,,LOCKHEED C-130 Hercules,C130,Mil,tar1090-db import,,,,
8960BE,311,,LOCKHEED C-130 Hercules,C130,Mil,tar1090-db import,,,,
896781,2033,,AIRBUS HELICOPTERS EC-145,EC45,Mil,tar1090-db import,,,,
8967D0,DU-139,,AGUSTA AW-139,A139,Mil,tar1090-db import,,,,
8967D1,DU-140,,AGUSTA AW-139,A139,Mil,tar1090-db import,,,,
8967D4,DU-111,,AGUSTA AW-139,A139,Mil,tar1090-db import,,,,
8967DA,DU-122,,BELL 407,B407,Mil,tar1090-db import,,,,
8967DD,DU-203,,AGUSTA AW-139,A139,Mil,tar1090-db import,,,,
896C02,1325,,BOMBARDIER BD-700 Global 6000/6500,GLEX,Mil,tar1090-db import,,,,
896C03,1326,,BOMBARDIER BD-700 Global 6000/6500,GLEX,Mil,tar1090-db import,,,,
896C04,2270,,DE HAVILLAND DHC-6 Twin Otter,DHC6,Mil,tar1090-db import,,,,
896C05,2271,,DE HAVILLAND DHC-6 Twin Otter,DHC6,Mil,tar1090-db import,,,,
896C06,2272,,DE HAVILLAND DHC-6 Twin Otter,DHC6,Mil,tar1090-db import,,,,
896C07,2273,,DE HAVILLAND DHC-6 Twin Otter,DHC6,Mil,tar1090-db import,,,,
896C08,2274,,DE HAVILLAND DHC-6 Twin Otter,DHC6,Mil,tar1090-db import,,,,
896C09,2275,,DE HAVILLAND DHC-6 Twin Otter,DHC6,Mil,tar1090-db import,,,,
896C0B,2278,,DE HAVILLAND DHC-6 Twin Otter,DHC6,Mil,tar1090-db import,,,,
896C0F,1217,,LOCKHEED C-130 Hercules,C130,Mil,tar1090-db import,,,,
896C10,934,,PILATUS PC-21,PC21,Mil,tar1090-db import,,,,
896C11,935,,PILATUS PC-21,PC21,Mil,tar1090-db import,,,,
896C12,936,,PILATUS PC-21,PC21,Mil,tar1090-db import,,,,
896C13,937,,PILATUS PC-21,PC21,Mil,tar1090-db import,,,,
896C14,938,,PILATUS PC-21,PC21,Mil,tar1090-db import,,,,
896C15,939,,PILATUS PC-21,PC21,Mil,tar1090-db import,,,,
896C16,940,,PILATUS PC-21,PC21,Mil,tar1090-db import,,,,
896C17,941,,PILATUS PC-21,PC21,Mil,tar1090-db import,,,,
896C18,942,,PILATUS PC-21,PC21,Mil,tar1090-db import,,,,
896C19,943,,PILATUS PC-21,PC21,Mil,tar1090-db import,,,,
896C1A,944,,PILATUS PC-21,PC21,Mil,tar1090-db import,,,,
896C1B,945,,PC21,PC21,Mil,tar1090-db import,,,,
896C1C,946,,PC21,PC21,Mil,tar1090-db import,,,,
896C1D,947,,PILATUS PC-21,PC21,Mil,tar1090-db import,,,,
896C1E,948,,PILATUS PC-21,PC21,Mil,tar1090-db import,,,,
896C1F,949,,PILATUS PC-21,PC21,Mil,tar1090-db import,,,,
896C20,950,,PILATUS PC-21,PC21,Mil,tar1090-db import,,,,
896C21,951,,PILATUS PC-21,PC21,Mil,tar1090-db import,,,,
896C22,952,,PILATUS PC-21,PC21,Mil,tar1090-db import,,,,
896C23,953,,PILATUS PC-21,PC21,Mil,tar1090-db import,,,,
896C24,954,,PILATUS PC-21,PC21,Mil,tar1090-db import,,,,
896C25,955,,PILATUS PC-21,PC21,Mil,tar1090-db import,,,,
896C26,956,,PILATUS PC-21,PC21,Mil,tar1090-db import,,,,
896C27,957,,PILATUS PC-21,PC21,Mil,tar1090-db import,,,,
896C28,958,,PILATUS PC-21,PC21,Mil,tar1090-db import,,,,
896C31,1331,,SAAB 340,SF34,Mil,tar1090-db import,,,,
896C32,1332,,SAAB 340,SF34,Mil,tar1090-db import,,,,
896C3A,1300,,AIRBUS A-330-200,A332,Mil,tar1090-db import,,,,
896C3B,1301,,AIRBUS A-330-200,A332,Mil,tar1090-db import,,,,
896C3D,312,,LOCKHEED C-130 Hercules,C130,Mil,tar1090-db import,,,,
896C3F,1335,,SAAB 340,SF34,Mil,tar1090-db import,,,,
896C41,820,,CASA C-295 Persuader,C295,Mil,tar1090-db import,,,,
896C42,824,,C295,C295,Mil,tar1090-db import,,,,
896C43,822,,CASA C-295 Persuader,C295,Mil,tar1090-db import,,,,
896C44,823,,CASA C-295 Persuader,C295,Mil,tar1090-db import,,,,
896C45,824,,CASA C-295 Persuader,C295,Mil,tar1090-db import,,,,
896C46,2240,,CESSNA 208 Caravan,C208,Mil,tar1090-db import,,,,
896C47,2249,,CESSNA 208 Caravan,C208,Mil,tar1090-db import,,,,
896C48,2260,,CESSNA 208 Caravan,C208,Mil,tar1090-db import,,,,
896C49,2252,,CESSNA 208 Caravan,C208,Mil,tar1090-db import,,,,
896C4A,2254,,CESSNA 208 Caravan,C208,Mil,tar1090-db import,,,,
896C4B,2256,,CESSNA 208 Caravan,C208,Mil,tar1090-db import,,,,
896C4C,2257,,CESSNA 208 Caravan,C208,Mil,tar1090-db import,,,,
896C4F,2008,,A139,A139,Mil,tar1090-db import,,,,
896C53,2013,,AGUSTA AW-139,A139,Mil,tar1090-db import,,,,
896C55,2015,,A139,A139,Mil,tar1090-db import,,,,
896C56,2017,,AGUSTA AW-139,A139,Mil,tar1090-db import,,,,
896C57,2018,,AGUSTA AW-139,A139,Mil,tar1090-db import,,,,
896C58,2019,,AGUSTA AW-139,A139,Mil,tar1090-db import,,,,
896C59,2020,,AGUSTA AW-139,A139,Mil,tar1090-db import,,,,
896C5A,1211,,C130,C130,Mil,tar1090-db import,,,,
896C5C,1214,,LOCKHEED C-130 Hercules,C130,Mil,tar1090-db import,,,,
896C5F,2241,,CESSNA 208 Caravan,C208,Mil,tar1090-db import,,,,
896C62,2244,,CESSNA 208 Caravan,C208,Mil,tar1090-db import,,,,
896C63,2245,,CESSNA 208 Caravan,C208,Mil,tar1090-db import,,,,
896C64,1340,,BOMBARDIER BD-700 Global 6000/6500,GLEX,Mil,tar1090-db import,,,,
896C65,1341,,BOMBARDIER BD-700 Global 6000/6500,GLEX,Mil,tar1090-db import,,,,
896C66,1342,,BOMBARDIER BD-700 Global 6000/6500,GLEX,Mil,tar1090-db import,,,,
896C67,2021,,AGUSTA AW-139,A139,Mil,tar1090-db import,,,,
896C68,2022,,AGUSTA AW-139,A139,Mil,tar1090-db import,,,,
896C6B,1350,,BOMBARDIER CL-600 Challenger,CL60,Mil,tar1090-db import,,,,
896C6C,1351,,BOMBARDIER CL-600 Challenger,CL60,Mil,tar1090-db import,,,,
896C6D,2030,,AIRBUS HELICOPTERS EC-145,EC45,Mil,tar1090-db import,,,,
896C72,1303,,AIRBUS A-330-200,A332,Mil,tar1090-db import,,,,
896C73,1304,,AIRBUS A-330-200,A332,Mil,tar1090-db import,,,,
896C74,1999,,AGUSTA AW-139,A139,Mil,tar1090-db import,,,,
896C78,2023,,AIRBUS HELICOPTERS EC-145,EC45,Mil,tar1090-db import,,,,
896DED,2024,,AIRBUS HELICOPTERS EC-145,EC45,Mil,tar1090-db import,,,,
89910F,3701,,BOEING 737-800,B738,Mil,tar1090-db import,,,,
8A0024,A-7305,,BOEING 737-400,B734,Mil,tar1090-db import,,,,
8A0029,A-7306,,BOEING 737-400,B734,Mil,tar1090-db import,,,,
8A0100,LL-0105,,KOREAN AEROSPACE KT-1,KT1,Mil,tar1090-db import,,,,
8A0132,LL-0110,,KOREAN AEROSPACE KT-1,KT1,Mil,tar1090-db import,,,,
8A02D8,LL-0113,,KOREAN AEROSPACE KT-1,KT1,Mil,tar1090-db import,,,,
8A02D9,LL-0114,,KOREAN AEROSPACE KT-1,KT1,Mil,tar1090-db import,,,,
8A041B,T-2502,,BEECH 36 Bonanza,BE36,Mil,tar1090-db import,,,,
8A0425,LD-1210,,GROB G-120,G120,Mil,tar1090-db import,,,,
8A0580,H-3217,,AEROSPATIALE AS-332 Super Puma,AS32,Mil,tar1090-db import,,,,
8A0596,HT-7204,,AIRBUS HELICOPTERS EC-225/725,EC25,Mil,tar1090-db import,,,,
8A05A5,HR-1301,,AGUSTA AW-139,A139,Mil,tar1090-db import,,,,
8A05A7,A-2111,,CESSNA 212 Aviocar,C212,Mil,tar1090-db import,,,,
8A063D,H-1001,,AGUSTA WESTLAND EH-101 Merlin,EH10,Mil,tar1090-db import,,,,
8A0657,HS-7200,,AEROSPATIALE AS-350 Ecureuil,AS50,Mil,tar1090-db import,,,,
8A0658,HS-7201,,AEROSPATIALE AS-350 Ecureuil,AS50,Mil,tar1090-db import,,,,
8A0659,HS-7202,,AS55,AS55,Mil,tar1090-db import,,,,
8A065A,HS-7203,,AS55,AS55,Mil,tar1090-db import,,,,
8A065B,HS-7204,,AS55,AS55,Mil,tar1090-db import,,,,
8A067C,HS-7205,,AS55,AS55,Mil,tar1090-db import,,,,
8A067D,HS-7206,,AS55,AS55,Mil,tar1090-db import,,,,
8A067E,HS-7207,,AS55,AS55,Mil,tar1090-db import,,,,
8A06EA,T-2601,,BEECH 58 Baron,BE58,Mil,tar1090-db import,,,,
8A0706,LD-1226,,GROB G-120,G120,Mil,tar1090-db import,,,,
8A070A,LD-1230,,GROB G-120TP,G12T,Mil,tar1090-db import,,,,
8A0715,HU-4205,,BELL 412,B412,Mil,tar1090-db import,,,,
8A073E,HR-3601,,AEROSPATIALE AS-365 Dauphin 2,AS65,Mil,tar1090-db import,,,,
8A083F,LL-0118,,KOREAN AEROSPACE KT-1,KT1,Mil,tar1090-db import,,,,
8A0840,LL-0119,,KOREAN AEROSPACE KT-1,KT1,Mil,tar1090-db import,,,,
8A0841,LL-0120,,KOREAN AEROSPACE KT-1,KT1,Mil,tar1090-db import,,,,
8A0857,A-2112,,CESSNA 212 Aviocar,C212,Mil,tar1090-db import,,,,
8A0866,HA-5224,,BELL 412,B412,Mil,tar1090-db import,,,,
8A0867,HA-5225,,BELL 412,B412,Mil,tar1090-db import,,,,
8A0872,HA-5229,,BELL 412,B412,Mil,tar1090-db import,,,,
8A0890,P-8306,,CASA CN-235 Persuader,CN35,Mil,tar1090-db import,,,,
8A0891,HA-3218,,AEROSPATIALE AS-332 Super Puma,AS32,Mil,tar1090-db import,,,,
8A0894,A-2113,,CESSNA 212 Aviocar,C212,Mil,tar1090-db import,,,,
8A08BC,P-3001,,BELL 412,B412,Mil,tar1090-db import,,,,
8A08BD,P-3002,,BELL 412,B412,Mil,tar1090-db import,,,,
8A08CE,A-1339,,LOCKHEED MARTIN C-130J Super Hercules,C30J,Mil,tar1090-db import,,,,
8A08CF,A-1340,,LOCKHEED MARTIN C-130J Super Hercules,C30J,Mil,tar1090-db import,,,,
8A08D0,A-1342,,LOCKHEED MARTIN C-130J Super Hercules,C30J,Mil,tar1090-db import,,,,
8A08D1,A-1343,,LOCKHEED MARTIN C-130J Super Hercules,C30J,Mil,tar1090-db import,,,,
8A08D2,A-1344,,LOCKHEED MARTIN C-130J Super Hercules,C30J,Mil,tar1090-db import,,,,
8A08D4,A-2114,,CESSNA 212 Aviocar,C212,Mil,tar1090-db import,,,,
8A08DC,HA-5231,,BELL 412,B412,Mil,tar1090-db import,,,,
8A08DD,HA-5232,,BELL 412,B412,Mil,tar1090-db import,,,,
8A0943,P-1102,,EUROCOPTER BO-105,B105,Mil,tar1090-db import,,,,
8A095F,A-2115,,C212,C212,Mil,tar1090-db import,,,,
8A0961,HX-2224,,AIRBUS HELICOPTERS EC-225/725,EC25,Mil,tar1090-db import,,,,
8A097F,HX-2225,,AIRBUS HELICOPTERS EC-225/725,EC25,Mil,tar1090-db import,,,,
8A0980,HX-2226,,AIRBUS HELICOPTERS EC-225/725,EC25,Mil,tar1090-db import,,,,
8A09E7,AX-2132,,CESSNA 212 Aviocar,C212,Mil,tar1090-db import,,,,
8A09E8,HS-7196,,AEROSPATIALE AS-350 Ecureuil,AS50,Mil,tar1090-db import,,,,
8A0A00,A-7309,,BOEING 737-800,B738,Mil,tar1090-db import,,,,
8A0A01,A-7310,,BOEING 737-800,B738,Mil,tar1090-db import,,,,
8A0A27,HA-5173,,BELL 412,B412,Mil,tar1090-db import,,,,
8A0A2C,TS-1602,,F16,F16,Mil,tar1090-db import,,,,
8A0A31,TS-1609,,F16,F16,Mil,tar1090-db import,,,,
8A0A32,TS-1610,,F16,F16,Mil,tar1090-db import,,,,
8A0A34,TS-1612,,F16,F16,Mil,tar1090-db import,,,,
8A0A35,HA-5180,,BELL 412,B412,Mil,tar1090-db import,,,,
8A0A36,HA-5182,,BELL 412,B412,Mil,tar1090-db import,,,,
8A0A3C,A-2117,,CESSNA 212 Aviocar,C212,Mil,tar1090-db import,,,,
8A0A3F,PK-GRD,,BOEING 737-700,B737,Mil,tar1090-db import,,,,
8A0A47,HX-2231,,EC25,EC25,Mil,tar1090-db import,,,,
8A0A48,HX-2232,,EC25,EC25,Mil,tar1090-db import,,,,
8A0A4C,HA-5185,,BELL 412,B412,Mil,tar1090-db import,,,,
8A0ABE,A-0707,,DASSAULT Falcon 7X,FA7X,Mil,tar1090-db import,,,,
8A1011,LL-0107,,KOREAN AEROSPACE KT-1,KT1,Mil,tar1090-db import,,,,
8A1012,LL-0108,,KOREAN AEROSPACE KT-1,KT1,Mil,tar1090-db import,,,,
8A2901,A-2901,,CASA C-295 Persuader,C295,Mil,tar1090-db import,,,,
8A2902,A-2902,,CASA C-295 Persuader,C295,Mil,tar1090-db import,,,,
8A2909,A-2909,,CASA C-295 Persuader,C295,Mil,tar1090-db import,,,,
8A5182,HA-5184,,BELL 412,B412,Mil,tar1090-db import,,,,
8F8421,CBP-245,,Q9,Q9,Mil,tar1090-db import,,,,
901009,EM-707,,SIKORSKY UH-60 Black Hawk,H60,Mil,tar1090-db import,,,,
901010,EM-701,,SIKORSKY UH-60 Black Hawk,H60,Mil,tar1090-db import,,,,
901011,EM-704,,SIKORSKY UH-60 Black Hawk,H60,Mil,tar1090-db import,,,,
901012,15034,,CESSNA 172 Skyhawk,C172,Mil,tar1090-db import,,,,
901016,165746,,SIKORSKY UH-60 Black Hawk,H60,Mil,tar1090-db import,,,,
A010EF,N103MC,,C30J,C30J,Mil,tar1090-db import,,,,
A01B66,N106ED,,CESSNA 172 Skyhawk,C172,Mil,tar1090-db import,,,,
A022E5,N108EW,,GULFSTREAM 4,GLF4,Mil,tar1090-db import,,,,
A0299E,N1098L,,BOMBARDIER BD-700 Global 6000/6500,GLEX,Mil,tar1090-db import,,,,
A033A9,N112AH,,AIRBUS HELICOPTERS EC-145,EC45,Mil,tar1090-db import,,,,
A08CFC,N1344L,,B350,B350,Mil,tar1090-db import,,,,
A08D41,N1346K,,B350,B350,Mil,tar1090-db import,,,,
A08DAA,N1349K,,B350,B350,Mil,tar1090-db import,,,,
A09049,N1351K,,B350,B350,Mil,tar1090-db import,,,,
A0979D,N1370U,,CESSNA 172 Skyhawk,C172,Mil,tar1090-db import,,,,
A098F9,N138AR,,SIKORSKY S-61 Sea King,S61,Mil,tar1090-db import,,,,
A09AAC,N138UA,,DA40,DA40,Mil,tar1090-db import,,,,
A0A530,N1401E,,CESSNA 172 Skyhawk,C172,Mil,tar1090-db import,,,,
A0B34F,N144UA,,DA40,DA40,Mil,tar1090-db import,,,,
A0B7AE,N1450U,,CESSNA 172 Skyhawk,C172,Mil,tar1090-db import,,,,
A0C17E,N148MC,,C30J,C30J,Mil,tar1090-db import,,,,
A10CC5,N167MC,,C30J,C30J,Mil,tar1090-db import,,,,
A154FD,N185TW,,CESSNA 185 Skywagon,C185,Mil,tar1090-db import,,,,
A1926A,5T-BYD,,BEECH 200 Super King Air,BE20,Mil,tar1090-db import,,,,
A1AF83,2294,,AIR TRACTOR AT-802,AT8T,Mil,tar1090-db import,,,,
A1B22E,2295,,AIR TRACTOR AT-802,AT8T,Mil,tar1090-db import,,,,
A1B361,2202,,AIR TRACTOR AT-802,AT8T,Mil,tar1090-db import,,,,
A1B798,5N-BXM,,HAWKER BEECHCRAFT Hawker 750/850,H25B,Mil,tar1090-db import,,,,
A1B9FC,N210EX,,BEECHCRAFT Super King Air 350,B350,Mil,tar1090-db import,,,,
A1BBE5,N2100L,,BOMBARDIER BD-700 Global 6000/6500,GLEX,Mil,tar1090-db import,,,,
A1CDBF,N215TA,,CESSNA 208 Caravan,C208,Mil,tar1090-db import,,,,
A1F5F1,N2250E,,CESSNA 172 Skyhawk,C172,Mil,tar1090-db import,,,,
A20FF1,N232AC,,SIKORSKY S-61 Sea King,S61,Mil,tar1090-db import,,,,
A24E31,N248EX,,BEECHCRAFT Super King Air 350,B350,Mil,tar1090-db import,,,,
A279C5,22-1009,,A139,A139,Mil,tar1090-db import,,,,
A2C847,N279DS,,P8,P8,Mil,tar1090-db import,,,,
A2D56D,N282AD,,BOEING 737-800,B738,Mil,tar1090-db import,,,,
A32E34,N304AF,,DIAMOND DA-40 Club Star,DA40,Mil,tar1090-db import,,,,
A37718,N322PW,,PZL-MIELEC M-28 Skytruck,M28,Mil,tar1090-db import,,,,
A39A9F,N331MF,,PZL-MIELEC M-28 Skytruck,M28,Mil,tar1090-db import,,,,
A3A3D1,N33333,,GLF5,GLF5,Mil,tar1090-db import,,,,
A3A9E1,N335RH,,PZL-MIELEC M-28 Skytruck,M28,Mil,tar1090-db import,,,,
A3AD35,N336MJ,,PZL-MIELEC M-28 Skytruck,M28,Mil,tar1090-db import,,,,
A3AD38,N336MM,,BEECHCRAFT Super King Air 350,B350,Mil,tar1090-db import,,,,
A3E624,N350PT,,BEECH 300 Super King Air,BE30,Mil,tar1090-db import,,,,
A3ED57,N352MJ,,C30J,C30J,Mil,tar1090-db import,,,,
A43BEA,N372HB,,CESSNA 172 Skyhawk,C172,Mil,tar1090-db import,,,,
A442BC,N374AW,,DA42,DA42,Mil,tar1090-db import,,,,
A444D6,N374YJ,,DA40,DA40,Mil,tar1090-db import,,,,
A47332,N386SP,,CESSNA 172 Skyhawk,C172,Mil,tar1090-db import,,,,
A56A00,N448TB,,DASSAULT Falcon 200,FA20,Mil,tar1090-db import,,,,
A57B35,N452TB,,B350,B350,Mil,tar1090-db import,,,,
A57EDF,N453SP,,CESSNA 172 Skyhawk,C172,Mil,tar1090-db import,,,,
A58BF9,N4569,,BELL 206 JetRanger,B06,Mil,tar1090-db import,,,,
A610A7,160851,,BE9L,BE9L,Mil,tar1090-db import,,,,
A628CA,N4960R,,CESSNA 172 Skyhawk,C172,Mil,tar1090-db import,,,,
A62A05,N4969R,,CESSNA 172 Skyhawk,C172,Mil,tar1090-db import,,,,
A62CC7,N4972R,,CESSNA 172 Skyhawk,C172,Mil,tar1090-db import,,,,
A630E7,N4985R,,CESSNA 172 Skyhawk,C172,Mil,tar1090-db import,,,,
A651E9,3933,,CESSNA 501 Citation 1SP,C501,Mil,tar1090-db import,,,,
A66B3B,N5120F,,CESSNA 172 Skyhawk,C172,Mil,tar1090-db import,,,,
A67024,N51387,,CESSNA 172 Skyhawk,C172,Mil,tar1090-db import,,,,
A68426,N519PC,,PC12,PC12,Mil,tar1090-db import,,,,
A68B92,N5202F,,CESSNA 172 Skyhawk,C172,Mil,tar1090-db import,,,,
A68FB2,N5215F,,CESSNA 172 Skyhawk,C172,Mil,tar1090-db import,,,,
A693D2,N5228F,,CESSNA 172 Skyhawk,C172,Mil,tar1090-db import,,,,
A69A4B,N5241F,,CESSNA 172 Skyhawk,C172,Mil,tar1090-db import,,,,
A6B8B3,22-1015,,A139,A139,Mil,tar1090-db import,,,,
A6DA81,N54011,,CESSNA 172 Skyhawk,C172,Mil,tar1090-db import,,,,
A6FA0B,2610,,BELL 412,B412,Mil,tar1090-db import,,,,
A6FA32,2611,,BELL 412,B412,Mil,tar1090-db import,,,,
A6FD49,N55CE,,SWEARINGEN Metro,SW4,Mil,tar1090-db import,,,,
A71706,N556PM,,DE HAVILLAND DHC-8-200 Dash 8,DH8B,Mil,tar1090-db import,,,,
A73D39,168245,,EC45,EC45,Mil,tar1090-db import,,,,
A74E67,N57ZZ,,BEECH 18 Expetitor,BE18,Mil,tar1090-db import,,,,
A755DC,168246,,EC45,EC45,Mil,tar1090-db import,,,,
A75993,168247,,EC45,EC45,Mil,tar1090-db import,,,,
A7A451,N5916J,,CESSNA 172 Skyhawk,C172,Mil,tar1090-db import,,,,
A7C9DC,2280,,AIR TRACTOR AT-802,AT8T,Mil,tar1090-db import,,,,
A7CABE,2284,,AIR TRACTOR AT-802,AT8T,Mil,tar1090-db import,,,,
A7CE16,1585,,AIR TRACTOR AT-802,AT8T,Mil,tar1090-db import,,,,
A7E63E,N608PB,,CESSNA 208 Caravan,C208,Mil,tar1090-db import,,,,
A7F1D0,92-0369,,SWEARINGEN Metro,SW4,Mil,tar1090-db import,,,,
A803CD,835,,BEECH 90 King Air,BE9L,Mil,tar1090-db import,,,,
A85741,N6366S,,BEECHCRAFT Super King Air 350,B350,Mil,tar1090-db import,,,,
A861FF,836,,BEECH 90 King Air,BE9L,Mil,tar1090-db import,,,,
A87889,N645HM,,D328,D328,Mil,tar1090-db import,,,,
A88E47,N650RX,,BOMBARDIER BD-700 Global 6000/6500,GLEX,Mil,tar1090-db import,,,,
A88E57,N650SN,,BOMBARDIER BD-700 Global 6000/6500,GLEX,Mil,tar1090-db import,,,,
A8B6BE,N6601K,,CESSNA 172 Skyhawk,C172,Mil,tar1090-db import,,,,
A8F54E,N67669,,BELL 206 JetRanger,B06,Mil,tar1090-db import,,,,
A92AED,5Y-BTL,,NORTH AMERICAN ROCKWELL Turbo Commander 690/840,AC90,Mil,tar1090-db import,,,,
A9A196,N72DZ,,PILATUS PC-12,PC12,Mil,tar1090-db import,,,,
A9A198,07-0736,,PILATUS PC-12,PC12,Mil,tar1090-db import,,,,
A9A66A,07-72034,,EC45,EC45,Mil,tar1090-db import,,,,
A9AA23,10-72136,,EC45,EC45,Mil,tar1090-db import,,,,
A9AA6B,10-72158,,EC45,EC45,Mil,tar1090-db import,,,,
A9AC8B,N722SA,,C172,C172,Mil,tar1090-db import,,,,
A9AD72,11-72207,,EC45,EC45,Mil,tar1090-db import,,,,
A9ADD6,11-72232,,EC45,EC45,Mil,tar1090-db import,,,,
A9ADD7,12-72233,,EC45,EC45,Mil,tar1090-db import,,,,
A9ADF8,12-72241,,EC45,EC45,Mil,tar1090-db import,,,,
A9E9F7,N738NH,,CESSNA 172 Skyhawk,C172,Mil,tar1090-db import,,,,
A9F290,N740AF,,PILATUS PC-12,PC12,Mil,tar1090-db import,,,,
AA228D,N752MC,,C30J,C30J,Mil,tar1090-db import,,,,
AA5BD9,15-20798,,H60,H60,Mil,tar1090-db import,,,,
AA690E,N770AG,,BOMBARDIER BD-700 Global 6000/6500,GLEX,Mil,tar1090-db import,,,,
AA7E20,N7751L,,CESSNA 172 Skyhawk,C172,Mil,tar1090-db import,,,,
AA7E89,N7754L,,CESSNA 172 Skyhawk,C172,Mil,tar1090-db import,,,,
AA7EAC,N7755L,,CESSNA 172 Skyhawk,C172,Mil,tar1090-db import,,,,
AA7ECF,N7756L,,CESSNA 172 Skyhawk,C172,Mil,tar1090-db import,,,,
AA8BBE,N779PC,,PILATUS PC-12,PC12,Mil,tar1090-db import,,,,
AADA4C,N799JR,,BOMBARDIER BD-700 Global 6000/6500,GLEX,Mil,tar1090-db import,,,,
AB0064,N808JG,,GULFSTREAM 5,GLF5,Mil,tar1090-db import,,,,
AB5AB9,N8300G,,DE HAVILLAND DHC-8-300 Dash 8,DH8C,Mil,tar1090-db import,,,,
AB87C1,N842EX,,BEECHCRAFT Super King Air 350,B350,Mil,tar1090-db import,,,,
ABD417,2612,,BELL 412,B412,Mil,tar1090-db import,,,,
ABE1E9,2613,,BELL 412,B412,Mil,tar1090-db import,,,,
AC45B0,N890DS,,P8,P8,Mil,tar1090-db import,,,,
AC5BA3,10-72158,,EC45,EC45,Mil,tar1090-db import,,,,
AC641F,PR-BON,,BEECH 36 Bonanza,BE36,Mil,tar1090-db import,,,,
AC6BD0,N9PS,,BOMBARDIER BD-700 Global 6000/6500,GLEX,Mil,tar1090-db import,,,,
AC71BA,1535,,CESSNA 208 Caravan,C208,Mil,tar1090-db import,,,,
AC738F,N901GX,,BOMBARDIER BD-700 Global 6000/6500,GLEX,Mil,tar1090-db import,,,,
AC810F,N9045,,GLEX,GLEX,Mil,tar1090-db import,,,,
AC8132,N9046,,GLEX,GLEX,Mil,tar1090-db import,,,,
AC8155,N9047,,GLEX,GLEX,Mil,tar1090-db import,,,,
AC817F,N9048G,,GLEX,GLEX,Mil,tar1090-db import,,,,
AC9CFE,09-01118,,BE20,BE20,Mil,tar1090-db import,,,,
ACFBB7,N9358L,,CESSNA 172 Skyhawk,C172,Mil,tar1090-db import,,,,
AD37D8,N9506G,,BOMBARDIER BD-700 Global 6000/6500,GLEX,Mil,tar1090-db import,,,,
AD50DF,10-20287,,H60,H60,Mil,tar1090-db import,,,,
AD5AF4,N96MV,,PILATUS PC-12,PC12,Mil,tar1090-db import,,,,
AD5CAA,11-20351,,H60,H60,Mil,tar1090-db import,,,,
AD652E,N962SK,,SIKORSKY S-92 Helibus,S92,Mil,tar1090-db import,,,,
AD7069,N965TG,,A119,A119,Mil,tar1090-db import,,,,
ADB8C0,N98306,,CESSNA 172 Skyhawk,C172,Mil,tar1090-db import,,,,
ADC44F,N98637,,CESSNA 172 Skyhawk,C172,Mil,tar1090-db import,,,,
ADDD7A,N99273,,CESSNA 172 Skyhawk,C172,Mil,tar1090-db import,,,,
ADE53B,11-72181,,EC45,EC45,Mil,tar1090-db import,,,,
ADE8F2,11-72182,,EC45,EC45,Mil,tar1090-db import,,,,
ADFA8F,95-00090,,BE20,BE20,Mil,tar1090-db import,,,,
ADFD69,343,,SW4,SW4,Mil,tar1090-db import,,,,
ADFD6A,344,,SW4,SW4,Mil,tar1090-db import,,,,
ADFD7E,910514,,Fairchild C-26D Metro III,SW4,Mil,tar1090-db import,,,,
ADFD80,91-00572,,Fairchild C-26E Metro III,SW4,Mil,tar1090-db import,,,,
ADFD83,920370,,Fairchild C-26D Metro III,SW4,Mil,tar1090-db import,,,,
ADFDA0,RSS-A1,,SW4,SW4,Mil,tar1090-db import,,,,
ADFDAF,87-00140,,GULFSTREAM 3,GLF3,Mil,tar1090-db import,,,,
ADFDEB,94-6706,,Lockheed C-130H Hercules,C130,Mil,tar1090-db import,,,,
ADFE14,1708,,Lockheed HC-130H7 Hercules,C130,Mil,tar1090-db import,,,,
ADFE1F,1719,,Lockheed HC-130H7 Hercules,C130,Mil,tar1090-db import,,,,
ADFE31,2118,,Dassault-Breguet HU-25B Guardian,FA20,Mil,tar1090-db import,,,,
ADFE8E,95-00089,,Beech C-12V Huron,BE20,Mil,tar1090-db import,,,,
ADFE95,95-00096,,Beech C-12V Huron,BE20,Mil,tar1090-db import,,,,
ADFEBD,96-00107,,Cessna UC-35A,C560,Mil,tar1090-db import,,,,
ADFEBF,96-00109,,Cessna UC-35A,C560,Mil,tar1090-db import,,,,
ADFECA,84-00484,,Beech C-12U Huron,BE20,Mil,tar1090-db import,,,,
ADFECD,84-00487,,Beech C-12U Huron,BE20,Mil,tar1090-db import,,,,
ADFEDA,86-00084,,Beech C-12U Huron,BE20,Mil,tar1090-db import,,,,
ADFEDD,86-00087,,Beech C-12U Huron,BE20,Mil,tar1090-db import,,,,
ADFF00,96-00112,,Beech C-12J Huron,B190,Mil,tar1090-db import,,,,
ADFF04,95-3002,,Raytheon T-6A Texan II,TEX2,Mil,tar1090-db import,,,,
ADFF05,95-3003,,Raytheon T-6A Texan II,TEX2,Mil,tar1090-db import,,,,
ADFF06,95-3004,,Raytheon T-6A Texan II,TEX2,Mil,tar1090-db import,,,,
ADFF08,95-3006,,Raytheon T-6A Texan II,TEX2,Mil,tar1090-db import,,,,
ADFF09,95-3007,,Raytheon T-6A Texan II,TEX2,Mil,tar1090-db import,,,,
ADFF0B,95-3009,,TEX2,TEX2,Mil,tar1090-db import,,,,
ADFF19,10-05626,,H64,H64,Mil,tar1090-db import,,,,
ADFF1E,09-05627,,H64,H64,Mil,tar1090-db import,,,,
ADFF35,09-05632,,H64,H64,Mil,tar1090-db import,,,,
ADFF3A,67-14920,,T38,T38,Mil,tar1090-db import,,,,
ADFF3C,64-13189,,Northrop T-38C Talon,T38,Mil,tar1090-db import,,,,
ADFF3D,64-13246,,T38,T38,Mil,tar1090-db import,,,,
ADFF3E,64-13263,,Northrop T-38C Talon,T38,Mil,tar1090-db import,,,,
ADFF3F,64-13279,,Northrop T-38C Talon,T38,Mil,tar1090-db import,,,,
ADFF40,64-13283,,Northrop T-38C Talon,T38,Mil,tar1090-db import,,,,
ADFF41,65-10317,,Northrop T-38C Talon,T38,Mil,tar1090-db import,,,,
ADFF42,65-10343,,Northrop T-38C Talon,T38,Mil,tar1090-db import,,,,
ADFF43,65-10390,,Northrop T-38C Talon,T38,Mil,tar1090-db import,,,,
ADFF44,65-10440,,Northrop T-38C Talon,T38,Mil,tar1090-db import,,,,
ADFF45,65-10458,,Northrop T-38C Talon,T38,Mil,tar1090-db import,,,,
ADFF46,65-10460,,Northrop T-38C Talon,T38,Mil,tar1090-db import,,,,
ADFF47,65-10463,,Northrop T-38C Talon,T38,Mil,tar1090-db import,,,,
ADFF48,65-10469,,Northrop T-38C Talon,T38,Mil,tar1090-db import,,,,
ADFF49,66-4328,,Northrop T-38C Talon,T38,Mil,tar1090-db import,,,,
ADFF4A,66-4360,,Northrop T-38C Talon,T38,Mil,tar1090-db import,,,,
ADFF4B,66-4365,,Northrop T-38C Talon,T38,Mil,tar1090-db import,,,,
ADFF4C,66-4382,,Northrop T-38C Talon,T38,Mil,tar1090-db import,,,,
ADFF4E,66-8399,,Northrop T-38C Talon,T38,Mil,tar1090-db import,,,,
ADFF50,67-14827,,Northrop T-38C Talon,T38,Mil,tar1090-db import,,,,
ADFF51,67-14829,,Northrop T-38C Talon,T38,Mil,tar1090-db import,,,,
ADFF52,67-14853,,Northrop T-38C Talon,T38,Mil,tar1090-db import,,,,
ADFF53,67-14917,,Northrop T-38C Talon,T38,Mil,tar1090-db import,,,,
ADFF55,67-14950,,NORTHROP T-38 Talon,T38,Mil,tar1090-db import,,,,
ADFF56,67-14953,,Northrop T-38C Talon,T38,Mil,tar1090-db import,,,,
ADFF57,68-8112,,Northrop T-38C Talon,T38,Mil,tar1090-db import,,,,
ADFF58,68-8124,,Northrop T-38C Talon,T38,Mil,tar1090-db import,,,,
ADFF59,68-8132,,Northrop T-38C Talon,T38,Mil,tar1090-db import,,,,
ADFF5C,68-8136,,Northrop T-38C Talon,T38,Mil,tar1090-db import,,,,
ADFF5D,68-8137,,Northrop T-38C Talon,T38,Mil,tar1090-db import,,,,
ADFF61,68-8213,,Northrop T-38C Talon,T38,Mil,tar1090-db import,,,,
ADFF63,69-7085,,Northrop T-38C Talon,T38,Mil,tar1090-db import,,,,
ADFF65,70-1549,,Northrop T-38C Talon,T38,Mil,tar1090-db import,,,,
ADFF6C,65-10374,,Northrop T-38C Talon,T38,Mil,tar1090-db import,,,,
ADFF6D,65-10386,,NORTHROP T-38 Talon,T38,Mil,tar1090-db import,,,,
ADFF6E,65-10387,,Northrop T-38C Talon,T38,Mil,tar1090-db import,,,,
ADFF70,65-10474,,Northrop T-38C Talon,T38,Mil,tar1090-db import,,,,
ADFF71,66-4327,,Northrop T-38C Talon,T38,Mil,tar1090-db import,,,,
ADFF73,66-4358,,NORTHROP T-38 Talon,T38,Mil,tar1090-db import,,,,
ADFF75,66-4378,,Northrop T-38C Talon,T38,Mil,tar1090-db import,,,,
ADFF77,66-8356,,NORTHROP T-38 Talon,T38,Mil,tar1090-db import,,,,
ADFF78,66-8397,,Northrop T-38C Talon,T38,Mil,tar1090-db import,,,,
ADFF79,67-14850,,Northrop T-38C Talon,T38,Mil,tar1090-db import,,,,
ADFF7A,67-14854,,Northrop T-38C Talon,T38,Mil,tar1090-db import,,,,
ADFF7B,67-14855,,T38,T38,Mil,tar1090-db import,,,,
ADFF80,68-8099,,NORTHROP T-38 Talon,T38,Mil,tar1090-db import,,,,
ADFF82,68-8104,,NORTHROP T-38 Talon,T38,Mil,tar1090-db import,,,,
ADFF83,68-8105,,Northrop T-38C Talon,T38,Mil,tar1090-db import,,,,
ADFF85,68-8122,,NORTHROP T-38 Talon,T38,Mil,tar1090-db import,,,,
ADFF86,68-8125,,Northrop T-38C Talon,T38,Mil,tar1090-db import,,,,
ADFF87,68-8127,,Northrop T-38C Talon,T38,Mil,tar1090-db import,,,,
ADFF8A,68-8151,,Northrop T-38C Talon,T38,Mil,tar1090-db import,,,,
ADFF90,68-8167,,Northrop T-38C Talon,T38,Mil,tar1090-db import,,,,
ADFF92,68-8180,,Northrop T-38C Talon,T38,Mil,tar1090-db import,,,,
ADFF93,68-8181,,NORTHROP T-38 Talon,T38,Mil,tar1090-db import,,,,
ADFF97,68-8199,,NORTHROP T-38 Talon,T38,Mil,tar1090-db import,,,,
ADFFA1,69-7078,,Northrop T-38C Talon,T38,Mil,tar1090-db import,,,,
ADFFA3,70-1566,,NORTHROP T-38 Talon,T38,Mil,tar1090-db import,,,,
ADFFA4,70-1567,,Northrop T-38C Talon,T38,Mil,tar1090-db import,,,,
ADFFA6,70-1576,,Northrop T-38C Talon,T38,Mil,tar1090-db import,,,,
ADFFA7,70-1577,,Northrop T-38C Talon,T38,Mil,tar1090-db import,,,,
ADFFAA,70-1952,,Northrop T-38C Talon,T38,Mil,tar1090-db import,,,,
ADFFAC,64-13195,,Northrop T-38C Talon,T38,Mil,tar1090-db import,,,,
ADFFAD,64-13196,,Northrop T-38C Talon,T38,Mil,tar1090-db import,,,,
ADFFAE,64-13208,,Northrop T-38C Talon,T38,Mil,tar1090-db import,,,,
ADFFAF,64-13210,,Northrop T-38C Talon,T38,Mil,tar1090-db import,,,,
ADFFB0,64-13214,,Northrop T-38C Talon,T38,Mil,tar1090-db import,,,,
ADFFB1,64-13219,,T38,T38,Mil,tar1090-db import,,,,
ADFFB2,64-13222,,Northrop T-38C Talon,T38,Mil,tar1090-db import,,,,
ADFFB3,64-13230,,Northrop T-38C Talon,T38,Mil,tar1090-db import,,,,
ADFFB4,64-13251,,Northrop T-38C Talon,T38,Mil,tar1090-db import,,,,
ADFFB7,64-13262,,Northrop T-38C Talon,T38,Mil,tar1090-db import,,,,
ADFFB8,64-13272,,Northrop T-38C Talon,T38,Mil,tar1090-db import,,,,
ADFFB9,64-13282,,Northrop T-38C Talon,T38,Mil,tar1090-db import,,,,
ADFFBA,64-13284,,Northrop T-38C Talon,T38,Mil,tar1090-db import,,,,
ADFFBB,65-10320,,Northrop T-38C Talon,T38,Mil,tar1090-db import,,,,
ADFFBC,65-10331,,Northrop T-38C Talon,T38,Mil,tar1090-db import,,,,
ADFFBE,65-10338,,NORTHROP T-38 Talon,T38,Mil,tar1090-db import,,,,
ADFFBF,65-10345,,Northrop T-38C Talon,T38,Mil,tar1090-db import,,,,
ADFFC0,65-10378,,Northrop T-38C Talon,T38,Mil,tar1090-db import,,,,
ADFFC1,65-10379,,Northrop T-38C Talon,T38,Mil,tar1090-db import,,,,
ADFFC3,65-10384,,Northrop T-38C Talon,T38,Mil,tar1090-db import,,,,
ADFFC4,65-10388,,Northrop T-38C Talon,T38,Mil,tar1090-db import,,,,
ADFFC6,65-10394,,NORTHROP T-38 Talon,T38,Mil,tar1090-db import,,,,
ADFFCA,65-10413,,Northrop T-38C Talon,T38,Mil,tar1090-db import,,,,
ADFFCB,65-10416,,Northrop T-38C Talon,T38,Mil,tar1090-db import,,,,
ADFFCC,65-10420,,Northrop T-38C Talon,T38,Mil,tar1090-db import,,,,
ADFFCD,65-10421,,Northrop T-38C Talon,T38,Mil,tar1090-db import,,,,
ADFFCF,65-10427,,Northrop T-38C Talon,T38,Mil,tar1090-db import,,,,
ADFFD0,65-10428,,Northrop T-38C Talon,T38,Mil,tar1090-db import,,,,
ADFFD1,65-10438,,Northrop T-38C Talon,T38,Mil,tar1090-db import,,,,
ADFFD2,65-10447,,Northrop T-38C Talon,T38,Mil,tar1090-db import,,,,
ADFFD3,65-10449,,Northrop T-38C Talon,T38,Mil,tar1090-db import,,,,
ADFFD4,65-10461,,Northrop T-38C Talon,T38,Mil,tar1090-db import,,,,
ADFFD6,65-10467,,Northrop T-38C Talon,T38,Mil,tar1090-db import,,,,
ADFFD7,65-10468,,Northrop T-38C Talon,T38,Mil,tar1090-db import,,,,
ADFFD8,65-10471,,Northrop T-38C Talon,T38,Mil,tar1090-db import,,,,
ADFFD9,66-4326,,Northrop T-38C Talon,T38,Mil,tar1090-db import,,,,
ADFFDB,66-4334,,Northrop T-38C Talon,T38,Mil,tar1090-db import,,,,
ADFFDC,66-4337,,Northrop T-38C Talon,T38,Mil,tar1090-db import,,,,
ADFFDD,66-4338,,Northrop T-38C Talon,T38,Mil,tar1090-db import,,,,
ADFFDE,66-4354,,Northrop T-38C Talon,T38,Mil,tar1090-db import,,,,
ADFFE0,66-4379,,Northrop T-38C Talon,T38,Mil,tar1090-db import,,,,
ADFFE1,66-4380,,Northrop T-38C Talon,T38,Mil,tar1090-db import,,,,
ADFFE2,66-4385,,Northrop T-38C Talon,T38,Mil,tar1090-db import,,,,
ADFFE3,66-8400,,Northrop T-38C Talon,T38,Mil,tar1090-db import,,,,
ADFFE4,67-14840,,Northrop T-38C Talon,T38,Mil,tar1090-db import,,,,
ADFFE5,67-14844,,Northrop T-38C Talon,T38,Mil,tar1090-db import,,,,
ADFFE7,67-14852,,Northrop T-38C Talon,T38,Mil,tar1090-db import,,,,
ADFFE9,67-14924,,Northrop T-38C Talon,T38,Mil,tar1090-db import,,,,
ADFFEA,67-14926,,Northrop T-38C Talon,T38,Mil,tar1090-db import,,,,
ADFFEB,67-14927,,Northrop T-38C Talon,T38,Mil,tar1090-db import,,,,
ADFFEC,67-14932,,Northrop T-38C Talon,T38,Mil,tar1090-db import,,,,
ADFFED,67-14951,,Northrop T-38C Talon,T38,Mil,tar1090-db import,,,,
ADFFEF,68-8118,,Northrop T-38C Talon,T38,Mil,tar1090-db import,,,,
ADFFF0,68-8121,,Northrop T-38C Talon,T38,Mil,tar1090-db import,,,,
ADFFF1,68-8128,,Northrop T-38C Talon,T38,Mil,tar1090-db import,,,,
ADFFF4,68-8192,,Northrop T-38C Talon,T38,Mil,tar1090-db import,,,,
ADFFF6,69-7081,,NORTHROP T-38 Talon,T38,Mil,tar1090-db import,,,,
ADFFF7,70-1551,,Northrop T-38C Talon,T38,Mil,tar1090-db import,,,,
ADFFF8,70-1553,,Northrop T-38C Talon,T38,Mil,tar1090-db import,,,,
ADFFF9,70-1561,,Northrop T-38C Talon,T38,Mil,tar1090-db import,,,,
ADFFFA,70-1568,,Northrop T-38C Talon,T38,Mil,tar1090-db import,,,,
ADFFFB,70-1582,,NORTHROP T-38 Talon,T38,Mil,tar1090-db import,,,,
ADFFFC,70-1585,,Northrop T-38C Talon,T38,Mil,tar1090-db import,,,,
ADFFFD,70-1586,,NORTHROP T-38 Talon,T38,Mil,tar1090-db import,,,,
ADFFFE,70-1953,,Northrop T-38C Talon,T38,Mil,tar1090-db import,,,,
ADFFFF,70-1954,,Northrop T-38C Talon,T38,Mil,tar1090-db import,,,,
AE0006,64-13289,,Northrop T-38C Talon,T38,Mil,tar1090-db import,,,,
AE0008,64-13261,,NORTHROP T-38 Talon,T38,Mil,tar1090-db import,,,,
AE000A,65-10340,,Northrop T-38C Talon,T38,Mil,tar1090-db import,,,,
AE000B,65-10349,,Northrop T-38C Talon,T38,Mil,tar1090-db import,,,,
AE000C,65-10358,,Northrop T-38C Talon,T38,Mil,tar1090-db import,,,,
AE000E,65-10366,,Northrop T-38C Talon,T38,Mil,tar1090-db import,,,,
AE000F,65-10369,,NORTHROP T-38 Talon,T38,Mil,tar1090-db import,,,,
AE0011,65-10385,,Northrop T-38C Talon,T38,Mil,tar1090-db import,,,,
AE0012,65-10393,,Northrop T-38C Talon,T38,Mil,tar1090-db import,,,,
AE0013,65-10395,,NORTHROP T-38 Talon,T38,Mil,tar1090-db import,,,,
AE0015,65-10430,,Northrop T-38C Talon,T38,Mil,tar1090-db import,,,,
AE0018,65-10435,,Northrop T-38C Talon,T38,Mil,tar1090-db import,,,,
AE0019,65-10473,,NORTHROP T-38 Talon,T38,Mil,tar1090-db import,,,,
AE001D,67-14838,,Northrop T-38C Talon,T38,Mil,tar1090-db import,,,,
AE0020,67-14858,,Northrop T-38C Talon,T38,Mil,tar1090-db import,,,,
AE0022,67-14921,,Northrop T-38C Talon,T38,Mil,tar1090-db import,,,,
AE0023,67-14922,,Northrop T-38C Talon,T38,Mil,tar1090-db import,,,,
AE0024,67-14928,,Northrop T-38C Talon,T38,Mil,tar1090-db import,,,,
AE0028,67-14941,,Northrop T-38C Talon,T38,Mil,tar1090-db import,,,,
AE0029,67-14944,,Northrop T-38C Talon,T38,Mil,tar1090-db import,,,,
AE002A,67-14945,,Northrop T-38C Talon,T38,Mil,tar1090-db import,,,,
AE002C,67-14958,,Northrop T-38C Talon,T38,Mil,tar1090-db import,,,,
AE002D,68-8096,,Northrop T-38C Talon,T38,Mil,tar1090-db import,,,,
AE003A,68-8210,,Northrop T-38C Talon,T38,Mil,tar1090-db import,,,,
AE003B,69-7079,,Northrop T-38C Talon,T38,Mil,tar1090-db import,,,,
AE003E,70-1564,,Northrop T-38C Talon,T38,Mil,tar1090-db import,,,,
AE0048,64-13171,,T38,T38,Mil,tar1090-db import,,,,
AE0049,64-13224,,Northrop T-38C Talon,T38,Mil,tar1090-db import,,,,
AE004A,64-13234,,Northrop T-38C Talon,T38,Mil,tar1090-db import,,,,
AE004B,64-13239,,Northrop T-38C Talon,T38,Mil,tar1090-db import,,,,
AE004C,64-13266,,Northrop T-38C Talon,T38,Mil,tar1090-db import,,,,
AE004E,64-13295,,Northrop T-38C Talon,T38,Mil,tar1090-db import,,,,
AE0053,65-10359,,Northrop T-38C Talon,T38,Mil,tar1090-db import,,,,
AE0055,65-10445,,Northrop T-38C Talon,T38,Mil,tar1090-db import,,,,
AE0057,65-10470,,Northrop T-38C Talon,T38,Mil,tar1090-db import,,,,
AE005B,66-4324,,Northrop T-38C Talon,T38,Mil,tar1090-db import,,,,
AE005D,66-4333,,Northrop T-38C Talon,T38,Mil,tar1090-db import,,,,
AE005E,66-4340,,Northrop T-38C Talon,T38,Mil,tar1090-db import,,,,
AE0063,66-4345,,Northrop T-38C Talon,T38,Mil,tar1090-db import,,,,
AE0064,66-4346,,Northrop T-38C Talon,T38,Mil,tar1090-db import,,,,
AE0065,66-4347,,Northrop T-38C Talon,T38,Mil,tar1090-db import,,,,
AE0068,66-4350,,Northrop T-38C Talon,T38,Mil,tar1090-db import,,,,
AE0069,66-4351,,Northrop T-38C Talon,T38,Mil,tar1090-db import,,,,
AE006B,66-4363,,Northrop T-38C Talon,T38,Mil,tar1090-db import,,,,
AE006C,66-4366,,Northrop T-38C Talon,T38,Mil,tar1090-db import,,,,
AE006D,66-4367,,Northrop T-38C Talon,T38,Mil,tar1090-db import,,,,
AE006F,66-4369,,Northrop T-38C Talon,T38,Mil,tar1090-db import,,,,
AE0070,66-4372,,Northrop T-38C Talon,T38,Mil,tar1090-db import,,,,
AE0072,66-4375,,Northrop T-38C Talon,T38,Mil,tar1090-db import,,,,
AE0074,66-4386,,Northrop T-38C Talon,T38,Mil,tar1090-db import,,,,
AE0077,66-8352,,Northrop T-38C Talon,T38,Mil,tar1090-db import,,,,
AE0078,66-8353,,Northrop T-38C Talon,T38,Mil,tar1090-db import,,,,
AE0080,66-8366,,Northrop T-38C Talon,T38,Mil,tar1090-db import,,,,
AE0081,66-8367,,Northrop T-38C Talon,T38,Mil,tar1090-db import,,,,
AE0082,66-8368,,NORTHROP T-38 Talon,T38,Mil,tar1090-db import,,,,
AE0083,66-8369,,Northrop T-38C Talon,T38,Mil,tar1090-db import,,,,
AE0088,66-8377,,Northrop T-38C Talon,T38,Mil,tar1090-db import,,,,
AE008B,66-8380,,Northrop T-38C Talon,T38,Mil,tar1090-db import,,,,
AE008C,66-8388,,Northrop T-38C Talon,T38,Mil,tar1090-db import,,,,
AE008D,66-8389,,Northrop T-38C Talon,T38,Mil,tar1090-db import,,,,
AE008E,66-8390,,Northrop T-38C Talon,T38,Mil,tar1090-db import,,,,
AE0091,66-8393,,Northrop T-38C Talon,T38,Mil,tar1090-db import,,,,
AE0092,66-8394,,Northrop T-38C Talon,T38,Mil,tar1090-db import,,,,
AE0095,67-14841,,Northrop T-38C Talon,T38,Mil,tar1090-db import,,,,
AE0098,67-14919,,Northrop T-38C Talon,T38,Mil,tar1090-db import,,,,
AE009A,67-14933,,Northrop T-38C Talon,T38,Mil,tar1090-db import,,,,
AE009B,67-14935,,Northrop T-38C Talon,T38,Mil,tar1090-db import,,,,
AE009D,67-14938,,NORTHROP T-38 Talon,T38,Mil,tar1090-db import,,,,
AE009F,68-8129,,Northrop T-38C Talon,T38,Mil,tar1090-db import,,,,
AE00A7,70-1578,,Northrop T-38C Talon,T38,Mil,tar1090-db import,,,,
AE00A9,64-13197,,Northrop T-38C Talon,T38,Mil,tar1090-db import,,,,
AE00AA,64-13302,,Northrop T-38C Talon,T38,Mil,tar1090-db import,,,,
AE00AC,70-1558,,NORTHROP T-38 Talon,T38,Mil,tar1090-db import,,,,
AE00B0,61-0807,,Northrop T-38C Talon,T38,Mil,tar1090-db import,,,,
AE00B1,61-0835,,Northrop T-38C Talon,T38,Mil,tar1090-db import,,,,
AE00B2,61-0845,,Northrop T-38C Talon,T38,Mil,tar1090-db import,,,,
AE00B3,61-0847,,Northrop T-38C Talon,T38,Mil,tar1090-db import,,,,
AE00B4,61-0851,,Northrop T-38C Talon,T38,Mil,tar1090-db import,,,,
AE00B6,61-0860,,Northrop T-38C Talon,T38,Mil,tar1090-db import,,,,
AE00B7,61-0863,,Northrop T-38C Talon,T38,Mil,tar1090-db import,,,,
AE00B8,61-0866,,Northrop T-38C Talon,T38,Mil,tar1090-db import,,,,
AE00B9,61-0875,,Northrop T-38C Talon,T38,Mil,tar1090-db import,,,,
AE00BA,61-0876,,Northrop T-38C Talon,T38,Mil,tar1090-db import,,,,
AE00BB,61-0880,,NORTHROP T-38 Talon,T38,Mil,tar1090-db import,,,,
AE00BD,61-0899,,Northrop T-38C Talon,T38,Mil,tar1090-db import,,,,
AE00BF,62-3641,,Northrop T-38C Talon,T38,Mil,tar1090-db import,,,,
AE00C0,62-3678,,Northrop T-38C Talon,T38,Mil,tar1090-db import,,,,
AE00C2,63-8247,,Northrop T-38C Talon,T38,Mil,tar1090-db import,,,,
AE00C3,64-13232,,Northrop T-38C Talon,T38,Mil,tar1090-db import,,,,
AE00C4,64-13259,,Northrop T-38C Talon,T38,Mil,tar1090-db import,,,,
AE00C6,64-13298,,Northrop T-38C Talon,T38,Mil,tar1090-db import,,,,
AE00C7,65-10382,,Northrop T-38C Talon,T38,Mil,tar1090-db import,,,,
AE00C8,65-10404,,Northrop T-38C Talon,T38,Mil,tar1090-db import,,,,
AE00CA,65-10425,,NORTHROP T-38 Talon,T38,Mil,tar1090-db import,,,,
AE00CB,65-10437,,Northrop T-38C Talon,T38,Mil,tar1090-db import,,,,
AE00CC,66-4357,,Northrop T-38C Talon,T38,Mil,tar1090-db import,,,,
AE00CD,66-8398,,Northrop T-38C Talon,T38,Mil,tar1090-db import,,,,
AE00CE,68-8106,,Northrop T-38C Talon,T38,Mil,tar1090-db import,,,,
AE00CF,68-8109,,Northrop T-38C Talon,T38,Mil,tar1090-db import,,,,
AE00D0,68-8140,,Northrop T-38C Talon,T38,Mil,tar1090-db import,,,,
AE00D1,60-0553,,Northrop T-38C Talon,T38,Mil,tar1090-db import,,,,
AE00D2,61-0940,,Northrop T-38C Talon,T38,Mil,tar1090-db import,,,,
AE00D3,62-3703,,Northrop T-38C Talon,T38,Mil,tar1090-db import,,,,
AE00D4,62-3752,,Northrop T-38C Talon,T38,Mil,tar1090-db import,,,,
AE00D5,63-8112,,Northrop T-38C Talon,T38,Mil,tar1090-db import,,,,
AE00D6,63-8162,,Northrop T-38C Talon,T38,Mil,tar1090-db import,,,,
AE00D7,63-8175,,Northrop T-38C Talon,T38,Mil,tar1090-db import,,,,
AE00D8,63-8187,,Northrop T-38C Talon,T38,Mil,tar1090-db import,,,,
AE00D9,64-13172,,Northrop T-38C Talon,T38,Mil,tar1090-db import,,,,
AE00DB,64-13203,,Northrop T-38C Talon,T38,Mil,tar1090-db import,,,,
AE00DD,64-13261,,Northrop T-38C Talon,T38,Mil,tar1090-db import,,,,
AE00DE,64-13264,,Northrop T-38C Talon,T38,Mil,tar1090-db import,,,,
AE00E1,65-10367,,Northrop T-38C Talon,T38,Mil,tar1090-db import,,,,
AE00E2,65-10371,,NORTHROP T-38 Talon,T38,Mil,tar1090-db import,,,,
AE00E3,65-10403,,Northrop T-38C Talon,T38,Mil,tar1090-db import,,,,
AE00E4,65-10433,,Northrop T-38C Talon,T38,Mil,tar1090-db import,,,,
AE00E5,65-10452,,Northrop T-38C Talon,T38,Mil,tar1090-db import,,,,
AE00E6,65-10453,,Northrop T-38C Talon,T38,Mil,tar1090-db import,,,,
AE00E7,65-10466,,Northrop T-38C Talon,T38,Mil,tar1090-db import,,,,
AE00E8,66-4361,,Northrop T-38C Talon,T38,Mil,tar1090-db import,,,,
AE00EA,68-8097,,Northrop T-38C Talon,T38,Mil,tar1090-db import,,,,
AE00EB,68-8119,,T38,T38,Mil,tar1090-db import,,,,
AE00EC,68-8120,,Northrop T-38C Talon,T38,Mil,tar1090-db import,,,,
AE00ED,68-8142,,Northrop T-38C Talon,T38,Mil,tar1090-db import,,,,
AE00EE,68-8169,,Northrop T-38C Talon,T38,Mil,tar1090-db import,,,,
AE00EF,68-8189,,Northrop T-38C Talon,T38,Mil,tar1090-db import,,,,
AE00F0,68-8195,,Northrop T-38C Talon,T38,Mil,tar1090-db import,,,,
AE00F1,68-8197,,Northrop T-38C Talon,T38,Mil,tar1090-db import,,,,
AE00F2,68-8201,,Northrop T-38C Talon,T38,Mil,tar1090-db import,,,,
AE00F3,61-0848,,Northrop T-38C Talon,T38,Mil,tar1090-db import,,,,
AE00F5,62-3632,,Northrop T-38C Talon,T38,Mil,tar1090-db import,,,,
AE00F6,63-8207,,Northrop T-38C Talon,T38,Mil,tar1090-db import,,,,
AE00F7,64-13233,,Northrop T-38C Talon,T38,Mil,tar1090-db import,,,,
AE00F9,64-13286,,Northrop T-38C Talon,T38,Mil,tar1090-db import,,,,
AE00FA,64-13288,,Northrop T-38C Talon,T38,Mil,tar1090-db import,,,,
AE00FC,65-10381,,Northrop T-38C Talon,T38,Mil,tar1090-db import,,,,
AE0103,68-8138,,Northrop T-38C Talon,T38,Mil,tar1090-db import,,,,
AE0104,68-8161,,Northrop T-38C Talon,T38,Mil,tar1090-db import,,,,
AE0105,68-8165,,Northrop T-38C Talon,T38,Mil,tar1090-db import,,,,
AE010F,94-1569,,IAI C-38A Courier,ASTR,Mil,tar1090-db import,,,,
AE0161,04-27018,,H60,H60,Mil,tar1090-db import,,,,
AE0164,09-05634,,MCDONNELL DOUGLAS AH-64 Apache,H64,Mil,tar1090-db import,,,,
AE01C2,165152,,Gulfstream C-20G,GLF4,Mil,tar1090-db import,,,,
AE01E2,96-3010,,Raytheon T-6A Texan II,TEX2,Mil,tar1090-db import,,,,
AE02F6,86-0413,,LOCKHEED C-130 Hercules,C130,Mil,tar1090-db import,,,,
AE0307,73-1598,,LOCKHEED C-130 Hercules,C130,Mil,tar1090-db import,,,,
AE0313,74-1679,,LOCKHEED C-130 Hercules,C130,Mil,tar1090-db import,,,,
AE0370,98-00010,,CESSNA 560 Citation Ultra,C560,Mil,tar1090-db import,,,,
AE03BE,992,,LOCKHEED C-130 Hercules,C130,Mil,tar1090-db import,,,,
AE03C0,160627,,LOCKHEED C-130 Hercules,C130,Mil,tar1090-db import,,,,
AE03C9,163023,,LOCKHEED C-130 Hercules,C130,Mil,tar1090-db import,,,,
AE03CA,163310,,LOCKHEED C-130 Hercules,C130,Mil,tar1090-db import,,,,
AE03CE,164105,,LOCKHEED C-130 Hercules,C130,Mil,tar1090-db import,,,,
AE03D3,164442,,LOCKHEED C-130 Hercules,C130,Mil,tar1090-db import,,,,
AE03DA,165315,,LOCKHEED C-130 Hercules,C130,Mil,tar1090-db import,,,,
AE03E4,164997,,LOCKHEED C-130 Hercules,C130,Mil,tar1090-db import,,,,
AE03EE,165350,,LOCKHEED C-130 Hercules,C130,Mil,tar1090-db import,,,,
AE03EF,165351,,LOCKHEED C-130 Hercules,C130,Mil,tar1090-db import,,,,
AE03F6,84-00171,,BEECH 200 Super King Air,BE20,Mil,tar1090-db import,,,,
AE03FA,84-00146,,BEECH 200 Super King Air,BE20,Mil,tar1090-db import,,,,
AE03FD,84-00144,,BEECH 200 Super King Air,BE20,Mil,tar1090-db import,,,,
AE03FF,84-00153,,BEECH 200 Super King Air,BE20,Mil,tar1090-db import,,,,
AE043F,161061,,BE9L,BE9L,Mil,tar1090-db import,,,,
AE0440,96-6002,,DE HAVILLAND DHC-6 Twin Otter,DHC6,Mil,tar1090-db import,,,,
AE0441,96-6003,,DE HAVILLAND DHC-6 Twin Otter,DHC6,Mil,tar1090-db import,,,,
AE04EF,86-00079,,BEECH 1900,B190,Mil,tar1090-db import,,,,
AE05B8,88-1303,,LOCKHEED C-130 Hercules,C130,Mil,tar1090-db import,,,,
AE05D3,82-0060,,LOCKHEED C-130 Hercules,C130,Mil,tar1090-db import,,,,
AE05D4,82-0061,,LOCKHEED C-130 Hercules,C130,Mil,tar1090-db import,,,,
AE05E5,88-4403,,LOCKHEED C-130 Hercules,C130,Mil,tar1090-db import,,,,
AE0612,86-1392,,LOCKHEED C-130 Hercules,C130,Mil,tar1090-db import,,,,
AE0618,89-1056,,LOCKHEED C-130 Hercules,C130,Mil,tar1090-db import,,,,
AE062E,86-00082,,BEECH 1900,B190,Mil,tar1090-db import,,,,
AE062F,84-00149,,BEECH 200 Super King Air,BE20,Mil,tar1090-db import,,,,
AE0630,84-00172,,BEECH 200 Super King Air,BE20,Mil,tar1090-db import,,,,
AE06E8,163841,,BEECH 200 Super King Air,BE20,Mil,tar1090-db import,,,,
AE06F0,01-0015,,B737,B737,Mil,tar1090-db import,,,,
AE070F,163843,,BE20,BE20,Mil,tar1090-db import,,,,
AE074A,59-1492,,K35R,K35R,Mil,tar1090-db import,,,,
AE074F,163843,,BEECH 200 Super King Air,BE20,Mil,tar1090-db import,,,,
AE0778,93-1329,,SH36,SH36,Mil,tar1090-db import,,,,
AE0819,76-0165,,BEECH 200 Super King Air,BE20,Mil,tar1090-db import,,,,
AE0862,159350,,S61,S61,Mil,tar1090-db import,,,,
AE0863,159351,,SIKORSKY S-61 Sea King,S61,Mil,tar1090-db import,,,,
AE0864,159352,,S61,S61,Mil,tar1090-db import,,,,
AE0866,159354,,S61,S61,Mil,tar1090-db import,,,,
AE0867,159355,,S61,S61,Mil,tar1090-db import,,,,
AE0868,159356,,SIKORSKY S-61 Sea King,S61,Mil,tar1090-db import,,,,
AE0869,159357,,S61,S61,Mil,tar1090-db import,,,,
AE086A,159358,,SIKORSKY S-61 Sea King,S61,Mil,tar1090-db import,,,,
AE086B,159359,,SIKORSKY S-61 Sea King,S61,Mil,tar1090-db import,,,,
AE086C,159360,,S61,S61,Mil,tar1090-db import,,,,
AE086D,163259,,H60,H60,Mil,tar1090-db import,,,,
AE086E,163260,,H60,H60,Mil,tar1090-db import,,,,
AE086F,163261,,Sikorsky VH-60N Night Hawk,H60,Mil,tar1090-db import,,,,
AE0870,163262,,H60,H60,Mil,tar1090-db import,,,,
AE0871,163263,,H60,H60,Mil,tar1090-db import,,,,
AE0872,163264,,H60,H60,Mil,tar1090-db import,,,,
AE0873,163265,,H60,H60,Mil,tar1090-db import,,,,
AE0874,163266,,Sikorsky VH-60N Night Hawk,H60,Mil,tar1090-db import,,,,
AE0875,150614,,Sikorsky VH-3D Sea King,S61,Mil,tar1090-db import,,,,
AE08B5,165961,,BEECHCRAFT T-6 Texan 2,TEX2,Mil,tar1090-db import,,,,
AE08B8,165964,,BEECHCRAFT T-6 Texan 2,TEX2,Mil,tar1090-db import,,,,
AE08B9,165965,,BEECHCRAFT T-6 Texan 2,TEX2,Mil,tar1090-db import,,,,
AE08BA,165966,,BEECHCRAFT T-6 Texan 2,TEX2,Mil,tar1090-db import,,,,
AE08BC,165968,,BEECHCRAFT T-6 Texan 2,TEX2,Mil,tar1090-db import,,,,
AE08E7,73-1218,,BEECH 200 Super King Air,BE20,Mil,tar1090-db import,,,,
AE08FA,84-24377,,BEECH 200 Super King Air,BE20,Mil,tar1090-db import,,,,
AE0946,01-0040,,B737,B737,Mil,tar1090-db import,,,,
AE0951,80-1068,,U2,U2,Mil,tar1090-db import,,,,
AE095D,80-1082,,U2,U2,Mil,tar1090-db import,,,,
AE096B,80-1099,,U2,U2,Mil,tar1090-db import,,,,
AE097A,92-26409,,H60,H60,Mil,tar1090-db import,,,,
AE098B,00-26850,,SIKORSKY UH-60 Black Hawk,H60,Mil,tar1090-db import,,,,
AE098D,00-26866,,SIKORSKY UH-60 Black Hawk,H60,Mil,tar1090-db import,,,,
AE098E,98-26818,,SIKORSKY UH-60 Black Hawk,H60,Mil,tar1090-db import,,,,
AE0992,91-26331,,SIKORSKY UH-60 Black Hawk,H60,Mil,tar1090-db import,,,,
AE0994,95-26604,,SIKORSKY UH-60 Black Hawk,H60,Mil,tar1090-db import,,,,
AE0995,95-26608,,SIKORSKY UH-60 Black Hawk,H60,Mil,tar1090-db import,,,,
AE0996,95-26609,,SIKORSKY UH-60 Black Hawk,H60,Mil,tar1090-db import,,,,
AE0998,86-24522,,SIKORSKY UH-60 Black Hawk,H60,Mil,tar1090-db import,,,,
AE0999,88-26046,,SIKORSKY UH-60 Black Hawk,H60,Mil,tar1090-db import,,,,
AE099A,88-26049,,SIKORSKY UH-60 Black Hawk,H60,Mil,tar1090-db import,,,,
AE099C,94-26563,,SIKORSKY UH-60 Black Hawk,H60,Mil,tar1090-db import,,,,
AE099D,95-26599,,H60,H60,Mil,tar1090-db import,,,,
AE099E,95-26600,,SIKORSKY UH-60 Black Hawk,H60,Mil,tar1090-db import,,,,
AE099F,95-26601,,SIKORSKY UH-60 Black Hawk,H60,Mil,tar1090-db import,,,,
AE09A0,95-26603,,SIKORSKY UH-60 Black Hawk,H60,Mil,tar1090-db import,,,,
AE09A1,95-26605,,SIKORSKY UH-60 Black Hawk,H60,Mil,tar1090-db import,,,,
AE09A2,95-26606,,SIKORSKY UH-60 Black Hawk,H60,Mil,tar1090-db import,,,,
AE09A3,95-26607,,SIKORSKY UH-60 Black Hawk,H60,Mil,tar1090-db import,,,,
AE09A4,95-26610,,SIKORSKY UH-60 Black Hawk,H60,Mil,tar1090-db import,,,,
AE09A7,85-24415,,SIKORSKY UH-60 Black Hawk,H60,Mil,tar1090-db import,,,,
AE09A8,85-24427,,SIKORSKY UH-60 Black Hawk,H60,Mil,tar1090-db import,,,,
AE09A9,85-24749,,H60,H60,Mil,tar1090-db import,,,,
AE09AA,86-24487,,SIKORSKY UH-60 Black Hawk,H60,Mil,tar1090-db import,,,,
AE09AB,87-24602,,SIKORSKY UH-60 Black Hawk,H60,Mil,tar1090-db import,,,,
AE09AC,87-24616,,SIKORSKY UH-60 Black Hawk,H60,Mil,tar1090-db import,,,,
AE09AE,87-24618,,SIKORSKY UH-60 Black Hawk,H60,Mil,tar1090-db import,,,,
AE09B0,87-24636,,SIKORSKY UH-60 Black Hawk,H60,Mil,tar1090-db import,,,,
AE09B1,87-24637,,SIKORSKY UH-60 Black Hawk,H60,Mil,tar1090-db import,,,,
AE09B3,85-24424,,SIKORSKY UH-60 Black Hawk,H60,Mil,tar1090-db import,,,,
AE09B4,85-24439,,SIKORSKY UH-60 Black Hawk,H60,Mil,tar1090-db import,,,,
AE09B6,89-26154,,SIKORSKY UH-60 Black Hawk,H60,Mil,tar1090-db import,,,,
AE09B8,90-26258,,H60,H60,Mil,tar1090-db import,,,,
AE09BA,90-26260,,SIKORSKY UH-60 Black Hawk,H60,Mil,tar1090-db import,,,,
AE09BB,90-26282,,SIKORSKY UH-60 Black Hawk,H60,Mil,tar1090-db import,,,,
AE09BD,94-26551,,SIKORSKY UH-60 Black Hawk,H60,Mil,tar1090-db import,,,,
AE09BE,94-26552,,SIKORSKY UH-60 Black Hawk,H60,Mil,tar1090-db import,,,,
AE09BF,94-26553,,H60,H60,Mil,tar1090-db import,,,,
AE09C0,94-26554,,SIKORSKY UH-60 Black Hawk,H60,Mil,tar1090-db import,,,,
AE09C1,94-26555,,SIKORSKY UH-60 Black Hawk,H60,Mil,tar1090-db import,,,,
AE09C2,94-26556,,SIKORSKY UH-60 Black Hawk,H60,Mil,tar1090-db import,,,,
AE09C4,94-26558,,SIKORSKY UH-60 Black Hawk,H60,Mil,tar1090-db import,,,,
AE09C5,94-26559,,SIKORSKY UH-60 Black Hawk,H60,Mil,tar1090-db import,,,,
AE09C7,94-26561,,SIKORSKY UH-60 Black Hawk,H60,Mil,tar1090-db import,,,,
AE09C8,94-26593,,SIKORSKY UH-60 Black Hawk,H60,Mil,tar1090-db import,,,,
AE09C9,94-26594,,SIKORSKY UH-60 Black Hawk,H60,Mil,tar1090-db import,,,,
AE09CA,94-26595,,H60,H60,Mil,tar1090-db import,,,,
AE09D1,84-23947,,SIKORSKY UH-60 Black Hawk,H60,Mil,tar1090-db import,,,,
AE09D4,84-23976,,SIKORSKY UH-60 Black Hawk,H60,Mil,tar1090-db import,,,,
AE09D6,84-23978,,SIKORSKY UH-60 Black Hawk,H60,Mil,tar1090-db import,,,,
AE09D8,84-23982,,SIKORSKY UH-60 Black Hawk,H60,Mil,tar1090-db import,,,,
AE09D9,84-23985,,SIKORSKY UH-60 Black Hawk,H60,Mil,tar1090-db import,,,,
AE09DA,84-23986,,SIKORSKY UH-60 Black Hawk,H60,Mil,tar1090-db import,,,,
AE09DE,87-24622,,SIKORSKY UH-60 Black Hawk,H60,Mil,tar1090-db import,,,,
AE09E8,89-26162,,SIKORSKY UH-60 Black Hawk,H60,Mil,tar1090-db import,,,,
AE09EB,84-23997,,SIKORSKY UH-60 Black Hawk,H60,Mil,tar1090-db import,,,,
AE09EE,81-23606,,SIKORSKY UH-60 Black Hawk,H60,Mil,tar1090-db import,,,,
AE09F3,82-23702,,SIKORSKY UH-60 Black Hawk,H60,Mil,tar1090-db import,,,,
AE09F5,82-23726,,SIKORSKY UH-60 Black Hawk,H60,Mil,tar1090-db import,,,,
AE09F7,78-22998,,SIKORSKY UH-60 Black Hawk,H60,Mil,tar1090-db import,,,,
AE09F8,90-26277,,SIKORSKY UH-60 Black Hawk,H60,Mil,tar1090-db import,,,,
AE09F9,90-26278,,SIKORSKY UH-60 Black Hawk,H60,Mil,tar1090-db import,,,,
AE09FB,92-26409,,SIKORSKY UH-60 Black Hawk,H60,Mil,tar1090-db import,,,,
AE09FC,95-26660,,SIKORSKY UH-60 Black Hawk,H60,Mil,tar1090-db import,,,,
AE09FD,95-26661,,H60,H60,Mil,tar1090-db import,,,,
AE09FF,95-26663,,H60,H60,Mil,tar1090-db import,,,,
AE0A00,04-27001,,SIKORSKY UH-60 Black Hawk,H60,Mil,tar1090-db import,,,,
AE0A04,83-23910,,SIKORSKY UH-60 Black Hawk,H60,Mil,tar1090-db import,,,,
AE0A07,85-24406,,SIKORSKY UH-60 Black Hawk,H60,Mil,tar1090-db import,,,,
AE0A09,85-24433,,SIKORSKY UH-60 Black Hawk,H60,Mil,tar1090-db import,,,,
AE0A0A,85-24436,,SIKORSKY UH-60 Black Hawk,H60,Mil,tar1090-db import,,,,
AE0A0B,86-24489,,SIKORSKY UH-60 Black Hawk,H60,Mil,tar1090-db import,,,,
AE0A0E,86-24540,,SIKORSKY UH-60 Black Hawk,H60,Mil,tar1090-db import,,,,
AE0A0F,86-24541,,SIKORSKY UH-60 Black Hawk,H60,Mil,tar1090-db import,,,,
AE0A10,86-24545,,SIKORSKY UH-60 Black Hawk,H60,Mil,tar1090-db import,,,,
AE0A12,86-24553,,SIKORSKY UH-60 Black Hawk,H60,Mil,tar1090-db import,,,,
AE0A16,89-26172,,SIKORSKY UH-60 Black Hawk,H60,Mil,tar1090-db import,,,,
AE0A17,89-26181,,SIKORSKY UH-60 Black Hawk,H60,Mil,tar1090-db import,,,,
AE0A18,89-26182,,H60,H60,Mil,tar1090-db import,,,,
AE0A19,89-26187,,SIKORSKY UH-60 Black Hawk,H60,Mil,tar1090-db import,,,,
AE0A1A,89-26192,,SIKORSKY UH-60 Black Hawk,H60,Mil,tar1090-db import,,,,
AE0A1B,89-26193,,SIKORSKY UH-60 Black Hawk,H60,Mil,tar1090-db import,,,,
AE0A1F,90-26220,,SIKORSKY UH-60 Black Hawk,H60,Mil,tar1090-db import,,,,
AE0A20,90-26221,,SIKORSKY UH-60 Black Hawk,H60,Mil,tar1090-db import,,,,
AE0A21,90-26272,,SIKORSKY UH-60 Black Hawk,H60,Mil,tar1090-db import,,,,
AE0A23,90-26291,,SIKORSKY UH-60 Black Hawk,H60,Mil,tar1090-db import,,,,
AE0A25,90-26294,,SIKORSKY UH-60 Black Hawk,H60,Mil,tar1090-db import,,,,
AE0A28,90-26297,,H60,H60,Mil,tar1090-db import,,,,
AE0A29,90-26298,,SIKORSKY UH-60 Black Hawk,H60,Mil,tar1090-db import,,,,
AE0A2A,9026299,,SIKORSKY UH-60 Black Hawk,H60,Mil,tar1090-db import,,,,
AE0A2B,90-26301,,SIKORSKY UH-60 Black Hawk,H60,Mil,tar1090-db import,,,,
AE0A2E,90-26304,,SIKORSKY UH-60 Black Hawk,H60,Mil,tar1090-db import,,,,
AE0A2F,90-26306,,SIKORSKY UH-60 Black Hawk,H60,Mil,tar1090-db import,,,,
AE0A30,90-26307,,SIKORSKY UH-60 Black Hawk,H60,Mil,tar1090-db import,,,,
AE0A31,90-26308,,SIKORSKY UH-60 Black Hawk,H60,Mil,tar1090-db import,,,,
AE0A32,90-26313,,SIKORSKY UH-60 Black Hawk,H60,Mil,tar1090-db import,,,,
AE0A33,90-26314,,SIKORSKY UH-60 Black Hawk,H60,Mil,tar1090-db import,,,,
AE0A34,91-26318,,SIKORSKY UH-60 Black Hawk,H60,Mil,tar1090-db import,,,,
AE0A37,92-26423,,SIKORSKY UH-60 Black Hawk,H60,Mil,tar1090-db import,,,,
AE0A3A,92-26427,,SIKORSKY UH-60 Black Hawk,H60,Mil,tar1090-db import,,,,
AE0A3B,92-26428,,SIKORSKY UH-60 Black Hawk,H60,Mil,tar1090-db import,,,,
AE0A3C,92-26429,,SIKORSKY UH-60 Black Hawk,H60,Mil,tar1090-db import,,,,
AE0A3D,92-26459,,SIKORSKY UH-60 Black Hawk,H60,Mil,tar1090-db import,,,,
AE0A3E,94-26580,,SIKORSKY UH-60 Black Hawk,H60,Mil,tar1090-db import,,,,
AE0A3F,94-26581,,SIKORSKY UH-60 Black Hawk,H60,Mil,tar1090-db import,,,,
AE0A40,94-26582,,SIKORSKY UH-60 Black Hawk,H60,Mil,tar1090-db import,,,,
AE0A41,94-26583,,SIKORSKY UH-60 Black Hawk,H60,Mil,tar1090-db import,,,,
AE0A42,94-26584,,SIKORSKY UH-60 Black Hawk,H60,Mil,tar1090-db import,,,,
AE0A43,94-26585,,SIKORSKY UH-60 Black Hawk,H60,Mil,tar1090-db import,,,,
AE0A44,94-26586,,SIKORSKY UH-60 Black Hawk,H60,Mil,tar1090-db import,,,,
AE0A46,94-26588,,SIKORSKY UH-60 Black Hawk,H60,Mil,tar1090-db import,,,,
AE0A48,94-26590,,SIKORSKY UH-60 Black Hawk,H60,Mil,tar1090-db import,,,,
AE0A49,94-26591,,SIKORSKY UH-60 Black Hawk,H60,Mil,tar1090-db import,,,,
AE0A4A,94-26592,,SIKORSKY UH-60 Black Hawk,H60,Mil,tar1090-db import,,,,
AE0A4B,95-26596,,SIKORSKY UH-60 Black Hawk,H60,Mil,tar1090-db import,,,,
AE0A53,82-23711,,SIKORSKY UH-60 Black Hawk,H60,Mil,tar1090-db import,,,,
AE0A55,92-26439,,SIKORSKY UH-60 Black Hawk,H60,Mil,tar1090-db import,,,,
AE0A67,80-23437,,SIKORSKY UH-60 Black Hawk,H60,Mil,tar1090-db import,,,,
AE0A6B,80-23485,,SIKORSKY UH-60 Black Hawk,H60,Mil,tar1090-db import,,,,
AE0A71,86-24529,,SIKORSKY UH-60 Black Hawk,H60,Mil,tar1090-db import,,,,
AE0A72,86-24533,,SIKORSKY UH-60 Black Hawk,H60,Mil,tar1090-db import,,,,
AE0A74,00-26849,,SIKORSKY UH-60 Black Hawk,H60,Mil,tar1090-db import,,,,
AE0A77,90-26246,,SIKORSKY UH-60 Black Hawk,H60,Mil,tar1090-db import,,,,
AE0A78,90-26247,,SIKORSKY UH-60 Black Hawk,H60,Mil,tar1090-db import,,,,
AE0A79,90-26249,,SIKORSKY UH-60 Black Hawk,H60,Mil,tar1090-db import,,,,
AE0A7C,90-26255,,SIKORSKY UH-60 Black Hawk,H60,Mil,tar1090-db import,,,,
AE0A7D,90-26266,,SIKORSKY UH-60 Black Hawk,H60,Mil,tar1090-db import,,,,
AE0A7E,90-26267,,SIKORSKY UH-60 Black Hawk,H60,Mil,tar1090-db import,,,,
AE0A7F,90-26268,,SIKORSKY UH-60 Black Hawk,H60,Mil,tar1090-db import,,,,
AE0A80,90-26269,,H60,H60,Mil,tar1090-db import,,,,
AE0A83,90-26274,,SIKORSKY UH-60 Black Hawk,H60,Mil,tar1090-db import,,,,
AE0A84,90-26275,,SIKORSKY UH-60 Black Hawk,H60,Mil,tar1090-db import,,,,
AE0A86,93-26473,,SIKORSKY UH-60 Black Hawk,H60,Mil,tar1090-db import,,,,
AE0A87,93-26474,,SIKORSKY UH-60 Black Hawk,H60,Mil,tar1090-db import,,,,
AE0A89,93-26476,,SIKORSKY UH-60 Black Hawk,H60,Mil,tar1090-db import,,,,
AE0A8B,93-26481,,SIKORSKY UH-60 Black Hawk,H60,Mil,tar1090-db import,,,,
AE0A8C,93-26482,,SIKORSKY UH-60 Black Hawk,H60,Mil,tar1090-db import,,,,
AE0A8D,93-26483,,SIKORSKY UH-60 Black Hawk,H60,Mil,tar1090-db import,,,,
AE0A8E,93-26484,,SIKORSKY UH-60 Black Hawk,H60,Mil,tar1090-db import,,,,
AE0A8F,93-26494,,SIKORSKY UH-60 Black Hawk,H60,Mil,tar1090-db import,,,,
AE0A90,93-26495,,SIKORSKY UH-60 Black Hawk,H60,Mil,tar1090-db import,,,,
AE0A92,93-26497,,SIKORSKY UH-60 Black Hawk,H60,Mil,tar1090-db import,,,,
AE0A93,95-26619,,H60,H60,Mil,tar1090-db import,,,,
AE0A97,81-23583,,SIKORSKY UH-60 Black Hawk,H60,Mil,tar1090-db import,,,,
AE0A9C,84-23943,,SIKORSKY UH-60 Black Hawk,H60,Mil,tar1090-db import,,,,
AE0A9D,79-23317,,SIKORSKY UH-60 Black Hawk,H60,Mil,tar1090-db import,,,,
AE0A9E,79-23326,,SIKORSKY UH-60 Black Hawk,H60,Mil,tar1090-db import,,,,
AE0AA0,79-23345,,SIKORSKY UH-60 Black Hawk,H60,Mil,tar1090-db import,,,,
AE0AA6,91-26326,,SIKORSKY UH-60 Black Hawk,H60,Mil,tar1090-db import,,,,
AE0AA7,91-26328,,SIKORSKY UH-60 Black Hawk,H60,Mil,tar1090-db import,,,,
AE0AA8,91-26330,,SIKORSKY UH-60 Black Hawk,H60,Mil,tar1090-db import,,,,
AE0AA9,92-26415,,SIKORSKY UH-60 Black Hawk,H60,Mil,tar1090-db import,,,,
AE0AAA,95-26656,,SIKORSKY UH-60 Black Hawk,H60,Mil,tar1090-db import,,,,
AE0AAB,95-26657,,SIKORSKY UH-60 Black Hawk,H60,Mil,tar1090-db import,,,,
AE0AAC,95-26658,,SIKORSKY UH-60 Black Hawk,H60,Mil,tar1090-db import,,,,
AE0AAD,95-26659,,SIKORSKY UH-60 Black Hawk,H60,Mil,tar1090-db import,,,,
AE0AAF,88-26084,,SIKORSKY UH-60 Black Hawk,H60,Mil,tar1090-db import,,,,
AE0AB2,00-26847,,SIKORSKY UH-60 Black Hawk,H60,Mil,tar1090-db import,,,,
AE0AB3,00-26848,,SIKORSKY UH-60 Black Hawk,H60,Mil,tar1090-db import,,,,
AE0AB5,99-26834,,SIKORSKY UH-60 Black Hawk,H60,Mil,tar1090-db import,,,,
AE0AB6,99-26835,,SIKORSKY UH-60 Black Hawk,H60,Mil,tar1090-db import,,,,
AE0AB7,99-26836,,SIKORSKY UH-60 Black Hawk,H60,Mil,tar1090-db import,,,,
AE0AB8,99-26837,,SIKORSKY UH-60 Black Hawk,H60,Mil,tar1090-db import,,,,
AE0AB9,99-26838,,H60,H60,Mil,tar1090-db import,,,,
AE0ABA,99-26839,,SIKORSKY UH-60 Black Hawk,H60,Mil,tar1090-db import,,,,
AE0ABB,99-26840,,SIKORSKY UH-60 Black Hawk,H60,Mil,tar1090-db import,,,,
AE0ABC,99-26842,,SIKORSKY UH-60 Black Hawk,H60,Mil,tar1090-db import,,,,
AE0ABD,99-26843,,SIKORSKY UH-60 Black Hawk,H60,Mil,tar1090-db import,,,,
AE0ABE,99-26844,,SIKORSKY UH-60 Black Hawk,H60,Mil,tar1090-db import,,,,
AE0ABF,99-26845,,SIKORSKY UH-60 Black Hawk,H60,Mil,tar1090-db import,,,,
AE0AC0,99-26846,,SIKORSKY UH-60 Black Hawk,H60,Mil,tar1090-db import,,,,
AE0AC9,88-26074,,SIKORSKY UH-60 Black Hawk,H60,Mil,tar1090-db import,,,,
AE0ACB,88-26032,,SIKORSKY UH-60 Black Hawk,H60,Mil,tar1090-db import,,,,
AE0AE2,80-23429,,SIKORSKY UH-60 Black Hawk,H60,Mil,tar1090-db import,,,,
AE0AE3,81-23549,,SIKORSKY UH-60 Black Hawk,H60,Mil,tar1090-db import,,,,
AE0AE4,83-23902,,SIKORSKY UH-60 Black Hawk,H60,Mil,tar1090-db import,,,,
AE0AE6,83-23883,,SIKORSKY UH-60 Black Hawk,H60,Mil,tar1090-db import,,,,
AE0AED,81-23600,,SIKORSKY UH-60 Black Hawk,H60,Mil,tar1090-db import,,,,
AE0AF2,85-24399,,SIKORSKY UH-60 Black Hawk,H60,Mil,tar1090-db import,,,,
AE0AF3,85-24434,,SIKORSKY UH-60 Black Hawk,H60,Mil,tar1090-db import,,,,
AE0AF4,85-24449,,SIKORSKY UH-60 Black Hawk,H60,Mil,tar1090-db import,,,,
AE0AF5,85-24456,,SIKORSKY UH-60 Black Hawk,H60,Mil,tar1090-db import,,,,
AE0AF8,86-24516,,SIKORSKY UH-60 Black Hawk,H60,Mil,tar1090-db import,,,,
AE0AF9,87-24582,,SIKORSKY UH-60 Black Hawk,H60,Mil,tar1090-db import,,,,
AE0AFA,87-24585,,SIKORSKY UH-60 Black Hawk,H60,Mil,tar1090-db import,,,,
AE0AFB,87-24619,,SIKORSKY UH-60 Black Hawk,H60,Mil,tar1090-db import,,,,
AE0AFD,87-24631,,H60,H60,Mil,tar1090-db import,,,,
AE0B01,90-26242,,H60,H60,Mil,tar1090-db import,,,,
AE0B02,90-26243,,SIKORSKY UH-60 Black Hawk,H60,Mil,tar1090-db import,,,,
AE0B03,90-26244,,SIKORSKY UH-60 Black Hawk,H60,Mil,tar1090-db import,,,,
AE0B04,90-26245,,SIKORSKY UH-60 Black Hawk,H60,Mil,tar1090-db import,,,,
AE0B07,90-26261,,SIKORSKY UH-60 Black Hawk,H60,Mil,tar1090-db import,,,,
AE0B09,90-26263,,SIKORSKY UH-60 Black Hawk,H60,Mil,tar1090-db import,,,,
AE0B0A,90-26264,,SIKORSKY UH-60 Black Hawk,H60,Mil,tar1090-db import,,,,
AE0B0D,90-26280,,SIKORSKY UH-60 Black Hawk,H60,Mil,tar1090-db import,,,,
AE0B0E,90-26283,,Sikorsky UH-60L Black Hawk,H60,Mil,tar1090-db import,,,,
AE0B16,84-23968,,SIKORSKY UH-60 Black Hawk,H60,Mil,tar1090-db import,,,,
AE0B17,84-23983,,H60,H60,Mil,tar1090-db import,,,,
AE0B18,85-24428,,SIKORSKY UH-60 Black Hawk,H60,Mil,tar1090-db import,,,,
AE0B19,85-24461,,SIKORSKY UH-60 Black Hawk,H60,Mil,tar1090-db import,,,,
AE0B1B,86-24495,,SIKORSKY UH-60 Black Hawk,H60,Mil,tar1090-db import,,,,
AE0B1D,86-24556,,SIKORSKY UH-60 Black Hawk,H60,Mil,tar1090-db import,,,,
AE0B1F,87-24607,,SIKORSKY UH-60 Black Hawk,H60,Mil,tar1090-db import,,,,
AE0B20,88-26066,,SIKORSKY UH-60 Black Hawk,H60,Mil,tar1090-db import,,,,
AE0B21,89-26157,,SIKORSKY UH-60 Black Hawk,H60,Mil,tar1090-db import,,,,
AE0B22,89-26158,,SIKORSKY UH-60 Black Hawk,H60,Mil,tar1090-db import,,,,
AE0B28,78-22980,,SIKORSKY UH-60 Black Hawk,H60,Mil,tar1090-db import,,,,
AE0B2B,85-24453,,SIKORSKY UH-60 Black Hawk,H60,Mil,tar1090-db import,,,,
AE0B30,82-23664,,SIKORSKY UH-60 Black Hawk,H60,Mil,tar1090-db import,,,,
AE0B32,82-23699,,SIKORSKY UH-60 Black Hawk,H60,Mil,tar1090-db import,,,,
AE0B39,86-24525,,SIKORSKY UH-60 Black Hawk,H60,Mil,tar1090-db import,,,,
AE0B3B,87-24623,,SIKORSKY UH-60 Black Hawk,H60,Mil,tar1090-db import,,,,
AE0B3E,87-24630,,SIKORSKY UH-60 Black Hawk,H60,Mil,tar1090-db import,,,,
AE0B40,88-26062,,SIKORSKY UH-60 Black Hawk,H60,Mil,tar1090-db import,,,,
AE0B48,79-23289,,SIKORSKY UH-60 Black Hawk,H60,Mil,tar1090-db import,,,,
AE0B4C,97-26764,,H60,H60,Mil,tar1090-db import,,,,
AE0B52,83-23887,,SIKORSKY UH-60 Black Hawk,H60,Mil,tar1090-db import,,,,
AE0B59,85-24445,,SIKORSKY UH-60 Black Hawk,H60,Mil,tar1090-db import,,,,
AE0B60,80-23438,,SIKORSKY UH-60 Black Hawk,H60,Mil,tar1090-db import,,,,
AE0B68,84-24015,,SIKORSKY UH-60 Black Hawk,H60,Mil,tar1090-db import,,,,
AE0B69,85-24389,,SIKORSKY UH-60 Black Hawk,H60,Mil,tar1090-db import,,,,
AE0B6A,85-24403,,SIKORSKY UH-60 Black Hawk,H60,Mil,tar1090-db import,,,,
AE0B6B,85-24413,,SIKORSKY UH-60 Black Hawk,H60,Mil,tar1090-db import,,,,
AE0B6C,85-24414,,SIKORSKY UH-60 Black Hawk,H60,Mil,tar1090-db import,,,,
AE0B6D,85-24416,,SIKORSKY UH-60 Black Hawk,H60,Mil,tar1090-db import,,,,
AE0B6E,85-24417,,SIKORSKY UH-60 Black Hawk,H60,Mil,tar1090-db import,,,,
AE0B6F,85-24418,,SIKORSKY UH-60 Black Hawk,H60,Mil,tar1090-db import,,,,
AE0B71,86-24524,,SIKORSKY UH-60 Black Hawk,H60,Mil,tar1090-db import,,,,
AE0B72,86-24527,,SIKORSKY UH-60 Black Hawk,H60,Mil,tar1090-db import,,,,
AE0B73,86-24528,,SIKORSKY UH-60 Black Hawk,H60,Mil,tar1090-db import,,,,
AE0B75,84-23949,,SIKORSKY UH-60 Black Hawk,H60,Mil,tar1090-db import,,,,
AE0B77,85-24426,,SIKORSKY UH-60 Black Hawk,H60,Mil,tar1090-db import,,,,
AE0B7B,87-24592,,SIKORSKY UH-60 Black Hawk,H60,Mil,tar1090-db import,,,,
AE0B7C,94-26565,,SIKORSKY UH-60 Black Hawk,H60,Mil,tar1090-db import,,,,
AE0B7D,94-26566,,SIKORSKY UH-60 Black Hawk,H60,Mil,tar1090-db import,,,,
AE0B7E,94-26567,,SIKORSKY UH-60 Black Hawk,H60,Mil,tar1090-db import,,,,
AE0B7F,94-26568,,H60,H60,Mil,tar1090-db import,,,,
AE0B80,94-26569,,SIKORSKY UH-60 Black Hawk,H60,Mil,tar1090-db import,,,,
AE0B82,94-26571,,SIKORSKY UH-60 Black Hawk,H60,Mil,tar1090-db import,,,,
AE0B83,94-26572,,SIKORSKY UH-60 Black Hawk,H60,Mil,tar1090-db import,,,,
AE0B84,94-26573,,SIKORSKY UH-60 Black Hawk,H60,Mil,tar1090-db import,,,,
AE0B85,94-26574,,SIKORSKY UH-60 Black Hawk,H60,Mil,tar1090-db import,,,,
AE0B86,94-26575,,SIKORSKY UH-60 Black Hawk,H60,Mil,tar1090-db import,,,,
AE0B87,94-26576,,SIKORSKY UH-60 Black Hawk,H60,Mil,tar1090-db import,,,,
AE0B88,94-26577,,SIKORSKY UH-60 Black Hawk,H60,Mil,tar1090-db import,,,,
AE0B89,94-26578,,SIKORSKY UH-60 Black Hawk,H60,Mil,tar1090-db import,,,,
AE0B8A,94-26579,,SIKORSKY UH-60 Black Hawk,H60,Mil,tar1090-db import,,,,
AE0B91,83-23903,,SIKORSKY UH-60 Black Hawk,H60,Mil,tar1090-db import,,,,
AE0B93,83-23925,,SIKORSKY UH-60 Black Hawk,H60,Mil,tar1090-db import,,,,
AE0B94,84-23967,,SIKORSKY UH-60 Black Hawk,H60,Mil,tar1090-db import,,,,
AE0B96,85-24430,,SIKORSKY UH-60 Black Hawk,H60,Mil,tar1090-db import,,,,
AE0B98,87-24612,,SIKORSKY UH-60 Black Hawk,H60,Mil,tar1090-db import,,,,
AE0B99,89-26140,,SIKORSKY UH-60 Black Hawk,H60,Mil,tar1090-db import,,,,
AE0B9A,86-24483,,SIKORSKY UH-60 Black Hawk,H60,Mil,tar1090-db import,,,,
AE0B9B,86-24491,,SIKORSKY UH-60 Black Hawk,H60,Mil,tar1090-db import,,,,
AE0B9C,86-24492,,SIKORSKY UH-60 Black Hawk,H60,Mil,tar1090-db import,,,,
AE0B9E,86-24506,,SIKORSKY UH-60 Black Hawk,H60,Mil,tar1090-db import,,,,
AE0BA0,87-24654,,SIKORSKY UH-60 Black Hawk,H60,Mil,tar1090-db import,,,,
AE0BA1,89-26143,,SIKORSKY UH-60 Black Hawk,H60,Mil,tar1090-db import,,,,
AE0BA2,91-26319,,SIKORSKY UH-60 Black Hawk,H60,Mil,tar1090-db import,,,,
AE0BA3,91-26320,,SIKORSKY UH-60 Black Hawk,H60,Mil,tar1090-db import,,,,
AE0BA6,91-26332,,SIKORSKY UH-60 Black Hawk,H60,Mil,tar1090-db import,,,,
AE0BA7,91-26333,,SIKORSKY UH-60 Black Hawk,H60,Mil,tar1090-db import,,,,
AE0BA8,91-26337,,SIKORSKY UH-60 Black Hawk,H60,Mil,tar1090-db import,,,,
AE0BA9,89-26183,,SIKORSKY UH-60 Black Hawk,H60,Mil,tar1090-db import,,,,
AE0BAA,89-26190,,SIKORSKY UH-60 Black Hawk,H60,Mil,tar1090-db import,,,,
AE0BAB,89-26191,,SIKORSKY UH-60 Black Hawk,H60,Mil,tar1090-db import,,,,
AE0BAC,89-26216,,SIKORSKY UH-60 Black Hawk,H60,Mil,tar1090-db import,,,,
AE0BAD,79-23328,,SIKORSKY UH-60 Black Hawk,H60,Mil,tar1090-db import,,,,
AE0BAF,91-26325,,H60,H60,Mil,tar1090-db import,,,,
AE0BB0,91-26334,,SIKORSKY UH-60 Black Hawk,H60,Mil,tar1090-db import,,,,
AE0BB1,91-26392,,H60,H60,Mil,tar1090-db import,,,,
AE0BB2,83-23896,,SIKORSKY UH-60 Black Hawk,H60,Mil,tar1090-db import,,,,
AE0BB4,85-24750,,SIKORSKY UH-60 Black Hawk,H60,Mil,tar1090-db import,,,,
AE0BB5,86-24490,,SIKORSKY UH-60 Black Hawk,H60,Mil,tar1090-db import,,,,
AE0BB9,98-26803,,SIKORSKY UH-60 Black Hawk,H60,Mil,tar1090-db import,,,,
AE0BBA,98-26804,,SIKORSKY UH-60 Black Hawk,H60,Mil,tar1090-db import,,,,
AE0BBC,98-26806,,SIKORSKY UH-60 Black Hawk,H60,Mil,tar1090-db import,,,,
AE0BBD,98-26807,,SIKORSKY UH-60 Black Hawk,H60,Mil,tar1090-db import,,,,
AE0BBF,98-26809,,SIKORSKY UH-60 Black Hawk,H60,Mil,tar1090-db import,,,,
AE0BC0,98-26815,,SIKORSKY UH-60 Black Hawk,H60,Mil,tar1090-db import,,,,
AE0BC1,98-26816,,SIKORSKY UH-60 Black Hawk,H60,Mil,tar1090-db import,,,,
AE0BC2,98-26817,,Sikorsky UH-60L Black Hawk,H60,Mil,tar1090-db import,,,,
AE0BC3,98-26823,,SIKORSKY UH-60 Black Hawk,H60,Mil,tar1090-db import,,,,
AE0BC4,98-26824,,SIKORSKY UH-60 Black Hawk,H60,Mil,tar1090-db import,,,,
AE0BC5,98-26825,,SIKORSKY UH-60 Black Hawk,H60,Mil,tar1090-db import,,,,
AE0BC6,98-26826,,H60,H60,Mil,tar1090-db import,,,,
AE0BC8,98-26828,,SIKORSKY UH-60 Black Hawk,H60,Mil,tar1090-db import,,,,
AE0BCE,98-26819,,SIKORSKY UH-60 Black Hawk,H60,Mil,tar1090-db import,,,,
AE0BD2,79-23284,,SIKORSKY UH-60 Black Hawk,H60,Mil,tar1090-db import,,,,
AE0BD7,81-23610,,SIKORSKY UH-60 Black Hawk,H60,Mil,tar1090-db import,,,,
AE0BE1,88-26078,,SIKORSKY UH-60 Black Hawk,H60,Mil,tar1090-db import,,,,
AE0BE2,89-26167,,SIKORSKY UH-60 Black Hawk,H60,Mil,tar1090-db import,,,,
AE0BE3,77-22720,,Sikorsky UH-60A Black Hawk,H60,Mil,tar1090-db import,,,,
AE0BEB,98-26805,,SIKORSKY UH-60 Black Hawk,H60,Mil,tar1090-db import,,,,
AE0BEC,88-26022,,SIKORSKY UH-60 Black Hawk,H60,Mil,tar1090-db import,,,,
AE0BED,89-26133,,SIKORSKY UH-60 Black Hawk,H60,Mil,tar1090-db import,,,,
AE0BEE,89-26147,,SIKORSKY UH-60 Black Hawk,H60,Mil,tar1090-db import,,,,
AE0BF9,85-24408,,SIKORSKY UH-60 Black Hawk,H60,Mil,tar1090-db import,,,,
AE0BFA,85-24464,,SIKORSKY UH-60 Black Hawk,H60,Mil,tar1090-db import,,,,
AE0BFB,86-24486,,SIKORSKY UH-60 Black Hawk,H60,Mil,tar1090-db import,,,,
AE0BFC,86-24523,,SIKORSKY UH-60 Black Hawk,H60,Mil,tar1090-db import,,,,
AE0BFD,86-24536,,SIKORSKY UH-60 Black Hawk,H60,Mil,tar1090-db import,,,,
AE0BFE,86-24537,,SIKORSKY UH-60 Black Hawk,H60,Mil,tar1090-db import,,,,
AE0BFF,87-24620,,SIKORSKY UH-60 Black Hawk,H60,Mil,tar1090-db import,,,,
AE0C00,87-24625,,SIKORSKY UH-60 Black Hawk,H60,Mil,tar1090-db import,,,,
AE0C01,87-24626,,SIKORSKY UH-60 Black Hawk,H60,Mil,tar1090-db import,,,,
AE0C02,89-26159,,SIKORSKY UH-60 Black Hawk,H60,Mil,tar1090-db import,,,,
AE0C03,89-26170,,SIKORSKY UH-60 Black Hawk,H60,Mil,tar1090-db import,,,,
AE0C05,92-26430,,SIKORSKY UH-60 Black Hawk,H60,Mil,tar1090-db import,,,,
AE0C07,92-26444,,SIKORSKY UH-60 Black Hawk,H60,Mil,tar1090-db import,,,,
AE0C08,92-26452,,SIKORSKY UH-60 Black Hawk,H60,Mil,tar1090-db import,,,,
AE0C09,92-26456,,SIKORSKY UH-60 Black Hawk,H60,Mil,tar1090-db import,,,,
AE0C0B,93-26498,,SIKORSKY UH-60 Black Hawk,H60,Mil,tar1090-db import,,,,
AE0C0C,93-26501,,SIKORSKY UH-60 Black Hawk,H60,Mil,tar1090-db import,,,,
AE0C0F,93-26528,,SIKORSKY UH-60 Black Hawk,H60,Mil,tar1090-db import,,,,
AE0C11,94-26537,,Sikorsky UH-60L Black Hawk,H60,Mil,tar1090-db import,,,,
AE0C12,94-26540,,SIKORSKY UH-60 Black Hawk,H60,Mil,tar1090-db import,,,,
AE0C13,94-26549,,SIKORSKY UH-60 Black Hawk,H60,Mil,tar1090-db import,,,,
AE0C14,92-26433,,SIKORSKY UH-60 Black Hawk,H60,Mil,tar1090-db import,,,,
AE0C15,92-26436,,SIKORSKY UH-60 Black Hawk,H60,Mil,tar1090-db import,,,,
AE0C17,92-26447,,SIKORSKY UH-60 Black Hawk,H60,Mil,tar1090-db import,,,,
AE0C18,93-26478,,SIKORSKY UH-60 Black Hawk,H60,Mil,tar1090-db import,,,,
AE0C19,93-26491,,H60,H60,Mil,tar1090-db import,,,,
AE0C1A,93-26504,,SIKORSKY UH-60 Black Hawk,H60,Mil,tar1090-db import,,,,
AE0C1B,93-26510,,SIKORSKY UH-60 Black Hawk,H60,Mil,tar1090-db import,,,,
AE0C1D,93-26519,,SIKORSKY UH-60 Black Hawk,H60,Mil,tar1090-db import,,,,
AE0C1F,93-26525,,SIKORSKY UH-60 Black Hawk,H60,Mil,tar1090-db import,,,,
AE0C20,94-26534,,SIKORSKY UH-60 Black Hawk,H60,Mil,tar1090-db import,,,,
AE0C21,94-26543,,SIKORSKY UH-60 Black Hawk,H60,Mil,tar1090-db import,,,,
AE0C22,94-26546,,SIKORSKY UH-60 Black Hawk,H60,Mil,tar1090-db import,,,,
AE0C23,92-26420,,SIKORSKY UH-60 Black Hawk,H60,Mil,tar1090-db import,,,,
AE0C25,92-26445,,SIKORSKY UH-60 Black Hawk,H60,Mil,tar1090-db import,,,,
AE0C26,92-26451,,SIKORSKY UH-60 Black Hawk,H60,Mil,tar1090-db import,,,,
AE0C27,04-27009,,SIKORSKY UH-60 Black Hawk,H60,Mil,tar1090-db import,,,,
AE0C28,93-26499,,SIKORSKY UH-60 Black Hawk,H60,Mil,tar1090-db import,,,,
AE0C2A,93-26511,,SIKORSKY UH-60 Black Hawk,H60,Mil,tar1090-db import,,,,
AE0C2C,93-26523,,SIKORSKY UH-60 Black Hawk,H60,Mil,tar1090-db import,,,,
AE0C2D,93-26529,,H60,H60,Mil,tar1090-db import,,,,
AE0C2F,94-26541,,SIKORSKY UH-60 Black Hawk,H60,Mil,tar1090-db import,,,,
AE0C30,94-26550,,SIKORSKY UH-60 Black Hawk,H60,Mil,tar1090-db import,,,,
AE0C32,92-26437,,SIKORSKY UH-60 Black Hawk,H60,Mil,tar1090-db import,,,,
AE0C33,92-26442,,SIKORSKY UH-60 Black Hawk,H60,Mil,tar1090-db import,,,,
AE0C36,93-26479,,SIKORSKY UH-60 Black Hawk,H60,Mil,tar1090-db import,,,,
AE0C37,93-26492,,SIKORSKY UH-60 Black Hawk,H60,Mil,tar1090-db import,,,,
AE0C38,93-26502,,SIKORSKY UH-60 Black Hawk,H60,Mil,tar1090-db import,,,,
AE0C39,93-26505,,SIKORSKY UH-60 Black Hawk,H60,Mil,tar1090-db import,,,,
AE0C3B,93-26520,,SIKORSKY UH-60 Black Hawk,H60,Mil,tar1090-db import,,,,
AE0C3C,93-26526,,SIKORSKY UH-60 Black Hawk,H60,Mil,tar1090-db import,,,,
AE0C3D,93-26532,,SIKORSKY UH-60 Black Hawk,H60,Mil,tar1090-db import,,,,
AE0C3F,94-26544,,SIKORSKY UH-60 Black Hawk,H60,Mil,tar1090-db import,,,,
AE0C41,98-26811,,SIKORSKY UH-60 Black Hawk,H60,Mil,tar1090-db import,,,,
AE0C42,98-26812,,SIKORSKY UH-60 Black Hawk,H60,Mil,tar1090-db import,,,,
AE0C43,99-26829,,SIKORSKY UH-60 Black Hawk,H60,Mil,tar1090-db import,,,,
AE0C44,99-26830,,SIKORSKY UH-60 Black Hawk,H60,Mil,tar1090-db import,,,,
AE0C45,99-26831,,SIKORSKY UH-60 Black Hawk,H60,Mil,tar1090-db import,,,,
AE0C4A,85-24458,,SIKORSKY UH-60 Black Hawk,H60,Mil,tar1090-db import,,,,
AE0C4B,85-24459,,SIKORSKY UH-60 Black Hawk,H60,Mil,tar1090-db import,,,,
AE0C4D,87-24608,,H60,H60,Mil,tar1090-db import,,,,
AE0C4E,88-26073,,SIKORSKY UH-60 Black Hawk,H60,Mil,tar1090-db import,,,,
AE0C4F,89-26160,,SIKORSKY UH-60 Black Hawk,H60,Mil,tar1090-db import,,,,
AE0C50,85-24444,,SIKORSKY UH-60 Black Hawk,H60,Mil,tar1090-db import,,,,
AE0C51,85-24460,,H60,H60,Mil,tar1090-db import,,,,
AE0C52,87-24580,,SIKORSKY UH-60 Black Hawk,H60,Mil,tar1090-db import,,,,
AE0C53,87-24590,,SIKORSKY UH-60 Black Hawk,H60,Mil,tar1090-db import,,,,
AE0C54,87-24595,,SIKORSKY UH-60 Black Hawk,H60,Mil,tar1090-db import,,,,
AE0C56,87-24633,,SIKORSKY UH-60 Black Hawk,H60,Mil,tar1090-db import,,,,
AE0C58,91-26351,,SIKORSKY UH-60 Black Hawk,H60,Mil,tar1090-db import,,,,
AE0C5A,92-26441,,SIKORSKY UH-60 Black Hawk,H60,Mil,tar1090-db import,,,,
AE0C5B,92-26446,,SIKORSKY UH-60 Black Hawk,H60,Mil,tar1090-db import,,,,
AE0C5C,92-26449,,SIKORSKY UH-60 Black Hawk,H60,Mil,tar1090-db import,,,,
AE0C5D,92-26450,,SIKORSKY UH-60 Black Hawk,H60,Mil,tar1090-db import,,,,
AE0C5E,92-26455,,SIKORSKY UH-60 Black Hawk,H60,Mil,tar1090-db import,,,,
AE0C5F,93-26477,,SIKORSKY UH-60 Black Hawk,H60,Mil,tar1090-db import,,,,
AE0C63,93-26515,,SIKORSKY UH-60 Black Hawk,H60,Mil,tar1090-db import,,,,
AE0C64,93-26527,,SIKORSKY UH-60 Black Hawk,H60,Mil,tar1090-db import,,,,
AE0C65,94-26539,,H60,H60,Mil,tar1090-db import,,,,
AE0C66,94-26545,,SIKORSKY UH-60 Black Hawk,H60,Mil,tar1090-db import,,,,
AE0C68,92-26438,,SIKORSKY UH-60 Black Hawk,H60,Mil,tar1090-db import,,,,
AE0C69,92-26443,,SIKORSKY UH-60 Black Hawk,H60,Mil,tar1090-db import,,,,
AE0C6A,92-26453,,SIKORSKY UH-60 Black Hawk,H60,Mil,tar1090-db import,,,,
AE0C6C,93-26500,,SIKORSKY UH-60 Black Hawk,H60,Mil,tar1090-db import,,,,
AE0C6D,93-26503,,SIKORSKY UH-60 Black Hawk,H60,Mil,tar1090-db import,,,,
AE0C6E,93-26506,,SIKORSKY UH-60 Black Hawk,H60,Mil,tar1090-db import,,,,
AE0C70,93-26521,,SIKORSKY UH-60 Black Hawk,H60,Mil,tar1090-db import,,,,
AE0C71,93-26524,,SIKORSKY UH-60 Black Hawk,H60,Mil,tar1090-db import,,,,
AE0C72,93-26530,,SIKORSKY UH-60 Black Hawk,H60,Mil,tar1090-db import,,,,
AE0C74,94-26542,,SIKORSKY UH-60 Black Hawk,H60,Mil,tar1090-db import,,,,
AE0C77,79-23300,,SIKORSKY UH-60 Black Hawk,H60,Mil,tar1090-db import,,,,
AE0C7D,81-23574,,SIKORSKY UH-60 Black Hawk,H60,Mil,tar1090-db import,,,,
AE0C81,89-26124,,SIKORSKY UH-60 Black Hawk,H60,Mil,tar1090-db import,,,,
AE0C83,00-26858,,SIKORSKY UH-60 Black Hawk,H60,Mil,tar1090-db import,,,,
AE0C84,00-26859,,SIKORSKY UH-60 Black Hawk,H60,Mil,tar1090-db import,,,,
AE0C86,79-23296,,SIKORSKY UH-60 Black Hawk,H60,Mil,tar1090-db import,,,,
AE0C8A,83-23890,,SIKORSKY UH-60 Black Hawk,H60,Mil,tar1090-db import,,,,
AE0C98,84-24000,,SIKORSKY UH-60 Black Hawk,H60,Mil,tar1090-db import,,,,
AE0C99,82-24405,,SIKORSKY UH-60 Black Hawk,H60,Mil,tar1090-db import,,,,
AE0C9A,89-26137,,SIKORSKY UH-60 Black Hawk,H60,Mil,tar1090-db import,,,,
AE0C9C,80-23446,,SIKORSKY UH-60 Black Hawk,H60,Mil,tar1090-db import,,,,
AE0C9F,79-23306,,SIKORSKY UH-60 Black Hawk,H60,Mil,tar1090-db import,,,,
AE0CA4,82-23666,,SIKORSKY UH-60 Black Hawk,H60,Mil,tar1090-db import,,,,
AE0CAA,83-23907,,SIKORSKY UH-60 Black Hawk,H60,Mil,tar1090-db import,,,,
AE0CAF,83-23895,,SIKORSKY UH-60 Black Hawk,H60,Mil,tar1090-db import,,,,
AE0CB3,83-23919,,H60,H60,Mil,tar1090-db import,,,,
AE0CB4,83-23920,,SIKORSKY UH-60 Black Hawk,H60,Mil,tar1090-db import,,,,
AE0CB5,84-23992,,SIKORSKY UH-60 Black Hawk,H60,Mil,tar1090-db import,,,,
AE0CB6,83-23993,,SIKORSKY UH-60 Black Hawk,H60,Mil,tar1090-db import,,,,
AE0CB7,84-23994,,SIKORSKY UH-60 Black Hawk,H60,Mil,tar1090-db import,,,,
AE0CB8,84-23995,,H60,H60,Mil,tar1090-db import,,,,
AE0CBA,84-24005,,SIKORSKY UH-60 Black Hawk,H60,Mil,tar1090-db import,,,,
AE0CBB,84-24006,,SIKORSKY UH-60 Black Hawk,H60,Mil,tar1090-db import,,,,
AE0CBC,84-24007,,SIKORSKY UH-60 Black Hawk,H60,Mil,tar1090-db import,,,,
AE0CBD,84-24008,,SIKORSKY UH-60 Black Hawk,H60,Mil,tar1090-db import,,,,
AE0CBE,84-24011,,SIKORSKY UH-60 Black Hawk,H60,Mil,tar1090-db import,,,,
AE0CBF,84-24012,,SIKORSKY UH-60 Black Hawk,H60,Mil,tar1090-db import,,,,
AE0CC0,84-24013,,SIKORSKY UH-60 Black Hawk,H60,Mil,tar1090-db import,,,,
AE0CC1,91-26338,,SIKORSKY UH-60 Black Hawk,H60,Mil,tar1090-db import,,,,
AE0CC2,91-26339,,SIKORSKY UH-60 Black Hawk,H60,Mil,tar1090-db import,,,,
AE0CC3,91-26340,,SIKORSKY UH-60 Black Hawk,H60,Mil,tar1090-db import,,,,
AE0CC4,91-26341,,SIKORSKY UH-60 Black Hawk,H60,Mil,tar1090-db import,,,,
AE0CC5,91-26342,,SIKORSKY UH-60 Black Hawk,H60,Mil,tar1090-db import,,,,
AE0CC6,91-26343,,SIKORSKY UH-60 Black Hawk,H60,Mil,tar1090-db import,,,,
AE0CC7,91-26344,,SIKORSKY UH-60 Black Hawk,H60,Mil,tar1090-db import,,,,
AE0CC8,91-26345,,SIKORSKY UH-60 Black Hawk,H60,Mil,tar1090-db import,,,,
AE0CCD,91-26391,,SIKORSKY UH-60 Black Hawk,H60,Mil,tar1090-db import,,,,
AE0CCE,97-26738,,H60,H60,Mil,tar1090-db import,,,,
AE0CCF,97-26739,,SIKORSKY UH-60 Black Hawk,H60,Mil,tar1090-db import,,,,
AE0CD0,97-26740,,SIKORSKY UH-60 Black Hawk,H60,Mil,tar1090-db import,,,,
AE0CD1,97-26741,,H60,H60,Mil,tar1090-db import,,,,
AE0CD3,97-26743,,SIKORSKY UH-60 Black Hawk,H60,Mil,tar1090-db import,,,,
AE0CD4,98-26820,,SIKORSKY UH-60 Black Hawk,H60,Mil,tar1090-db import,,,,
AE0CD5,98-26821,,SIKORSKY UH-60 Black Hawk,H60,Mil,tar1090-db import,,,,
AE0CD6,98-26822,,H60,H60,Mil,tar1090-db import,,,,
AE0CD7,87-24639,,SIKORSKY UH-60 Black Hawk,H60,Mil,tar1090-db import,,,,
AE0CD8,87-24640,,SIKORSKY UH-60 Black Hawk,H60,Mil,tar1090-db import,,,,
AE0CDB,80-23490,,SIKORSKY UH-60 Black Hawk,H60,Mil,tar1090-db import,,,,
AE0CDE,84-23971,,SIKORSKY UH-60 Black Hawk,H60,Mil,tar1090-db import,,,,
AE0CE1,79-23299,,H60,H60,Mil,tar1090-db import,,,,
AE0CE8,85-24409,,SIKORSKY UH-60 Black Hawk,H60,Mil,tar1090-db import,,,,
AE0CEB,86-24534,,SIKORSKY UH-60 Black Hawk,H60,Mil,tar1090-db import,,,,
AE0CED,87-24591,,SIKORSKY UH-60 Black Hawk,H60,Mil,tar1090-db import,,,,
AE0CEE,87-24596,,SIKORSKY UH-60 Black Hawk,H60,Mil,tar1090-db import,,,,
AE0CF2,88-26036,,SIKORSKY UH-60 Black Hawk,H60,Mil,tar1090-db import,,,,
AE0CF3,88-26064,,SIKORSKY UH-60 Black Hawk,H60,Mil,tar1090-db import,,,,
AE0CF4,88-26076,,SIKORSKY UH-60 Black Hawk,H60,Mil,tar1090-db import,,,,
AE0CF5,89-26127,,SIKORSKY UH-60 Black Hawk,H60,Mil,tar1090-db import,,,,
AE0CF6,89-26128,,SIKORSKY UH-60 Black Hawk,H60,Mil,tar1090-db import,,,,
AE0CF9,82-23706,,SIKORSKY UH-60 Black Hawk,H60,Mil,tar1090-db import,,,,
AE0CFC,87-24594,,H60,H60,Mil,tar1090-db import,,,,
AE0CFD,87-24597,,SIKORSKY UH-60 Black Hawk,H60,Mil,tar1090-db import,,,,
AE0D03,79-23313,,SIKORSKY UH-60 Black Hawk,H60,Mil,tar1090-db import,,,,
AE0D08,80-23877,,SIKORSKY UH-60 Black Hawk,H60,Mil,tar1090-db import,,,,
AE0D0B,85-24748,,SIKORSKY UH-60 Black Hawk,H60,Mil,tar1090-db import,,,,
AE0D10,84-24003,,SIKORSKY UH-60 Black Hawk,H60,Mil,tar1090-db import,,,,
AE0D12,84-24009,,SIKORSKY UH-60 Black Hawk,H60,Mil,tar1090-db import,,,,
AE0D15,85-24420,,SIKORSKY UH-60 Black Hawk,H60,Mil,tar1090-db import,,,,
AE0D16,85-24454,,SIKORSKY UH-60 Black Hawk,H60,Mil,tar1090-db import,,,,
AE0D1C,96-26693,,SIKORSKY UH-60 Black Hawk,H60,Mil,tar1090-db import,,,,
AE0D1D,96-26694,,SIKORSKY UH-60 Black Hawk,H60,Mil,tar1090-db import,,,,
AE0D1E,96-26695,,SIKORSKY UH-60 Black Hawk,H60,Mil,tar1090-db import,,,,
AE0D1F,96-26696,,SIKORSKY UH-60 Black Hawk,H60,Mil,tar1090-db import,,,,
AE0D23,96-26700,,SIKORSKY UH-60 Black Hawk,H60,Mil,tar1090-db import,,,,
AE0D24,96-26701,,SIKORSKY UH-60 Black Hawk,H60,Mil,tar1090-db import,,,,
AE0D25,96-26702,,SIKORSKY UH-60 Black Hawk,H60,Mil,tar1090-db import,,,,
AE0D26,96-26703,,SIKORSKY UH-60 Black Hawk,H60,Mil,tar1090-db import,,,,
AE0D27,96-26704,,H60,H60,Mil,tar1090-db import,,,,
AE0D29,96-26706,,SIKORSKY UH-60 Black Hawk,H60,Mil,tar1090-db import,,,,
AE0D2A,96-26707,,H60,H60,Mil,tar1090-db import,,,,
AE0D2B,96-26708,,SIKORSKY UH-60 Black Hawk,H60,Mil,tar1090-db import,,,,
AE0D2E,96-26711,,SIKORSKY UH-60 Black Hawk,H60,Mil,tar1090-db import,,,,
AE0D2F,96-26712,,SIKORSKY UH-60 Black Hawk,H60,Mil,tar1090-db import,,,,
AE0D32,96-26715,,SIKORSKY UH-60 Black Hawk,H60,Mil,tar1090-db import,,,,
AE0D33,96-26716,,SIKORSKY UH-60 Black Hawk,H60,Mil,tar1090-db import,,,,
AE0D34,96-26717,,SIKORSKY UH-60 Black Hawk,H60,Mil,tar1090-db import,,,,
AE0D36,96-26719,,SIKORSKY UH-60 Black Hawk,H60,Mil,tar1090-db import,,,,
AE0D37,96-26720,,SIKORSKY UH-60 Black Hawk,H60,Mil,tar1090-db import,,,,
AE0D38,96-26721,,SIKORSKY UH-60 Black Hawk,H60,Mil,tar1090-db import,,,,
AE0D39,96-26722,,SIKORSKY UH-60 Black Hawk,H60,Mil,tar1090-db import,,,,
AE0D3A,96-26723,,SIKORSKY UH-60 Black Hawk,H60,Mil,tar1090-db import,,,,
AE0D3B,97-26745,,SIKORSKY UH-60 Black Hawk,H60,Mil,tar1090-db import,,,,
AE0D3F,80-23496,,SIKORSKY UH-60 Black Hawk,H60,Mil,tar1090-db import,,,,
AE0D41,88-26079,,SIKORSKY UH-60 Black Hawk,H60,Mil,tar1090-db import,,,,
AE0D42,78-22974,,SIKORSKY UH-60 Black Hawk,H60,Mil,tar1090-db import,,,,
AE0D44,80-23464,,SIKORSKY UH-60 Black Hawk,H60,Mil,tar1090-db import,,,,
AE0D47,84-23990,,Sikorsky UH-60A Black Hawk,H60,Mil,tar1090-db import,,,,
AE0D4B,78-23014,,SIKORSKY UH-60 Black Hawk,H60,Mil,tar1090-db import,,,,
AE0D4D,80-23481,,SIKORSKY UH-60 Black Hawk,H60,Mil,tar1090-db import,,,,
AE0D53,82-23723,,SIKORSKY UH-60 Black Hawk,H60,Mil,tar1090-db import,,,,
AE0D57,80-23492,,SIKORSKY UH-60 Black Hawk,H60,Mil,tar1090-db import,,,,
AE0D61,82-23733,,SIKORSKY UH-60 Black Hawk,H60,Mil,tar1090-db import,,,,
AE0D62,84-23989,,SIKORSKY UH-60 Black Hawk,H60,Mil,tar1090-db import,,,,
AE0D63,84-23955,,SIKORSKY UH-60 Black Hawk,H60,Mil,tar1090-db import,,,,
AE0D65,96-26665,,SIKORSKY UH-60 Black Hawk,H60,Mil,tar1090-db import,,,,
AE0D66,96-26666,,SIKORSKY UH-60 Black Hawk,H60,Mil,tar1090-db import,,,,
AE0D67,96-26667,,SIKORSKY UH-60 Black Hawk,H60,Mil,tar1090-db import,,,,
AE0D68,96-26668,,SIKORSKY UH-60 Black Hawk,H60,Mil,tar1090-db import,,,,
AE0D69,96-26669,,SIKORSKY UH-60 Black Hawk,H60,Mil,tar1090-db import,,,,
AE0D6A,96-26670,,SIKORSKY UH-60 Black Hawk,H60,Mil,tar1090-db import,,,,
AE0D6B,96-26671,,SIKORSKY UH-60 Black Hawk,H60,Mil,tar1090-db import,,,,
AE0D6C,96-26672,,SIKORSKY UH-60 Black Hawk,H60,Mil,tar1090-db import,,,,
AE0D6D,96-26724,,SIKORSKY UH-60 Black Hawk,H60,Mil,tar1090-db import,,,,
AE0D6E,96-26725,,SIKORSKY UH-60 Black Hawk,H60,Mil,tar1090-db import,,,,
AE0D70,96-26727,,Sikorsky UH-60L Black Hawk,H60,Mil,tar1090-db import,,,,
AE0D71,96-26728,,SIKORSKY UH-60 Black Hawk,H60,Mil,tar1090-db import,,,,
AE0D76,79-23329,,SIKORSKY UH-60 Black Hawk,H60,Mil,tar1090-db import,,,,
AE0D7C,77-22718,,SIKORSKY UH-60 Black Hawk,H60,Mil,tar1090-db import,,,,
AE0D7D,80-23425,,SIKORSKY UH-60 Black Hawk,H60,Mil,tar1090-db import,,,,
AE0D7E,80-23427,,SIKORSKY UH-60 Black Hawk,H60,Mil,tar1090-db import,,,,
AE0D80,81-23553,,SIKORSKY UH-60 Black Hawk,H60,Mil,tar1090-db import,,,,
AE0D82,89-26150,,SIKORSKY UH-60 Black Hawk,H60,Mil,tar1090-db import,,,,
AE0D84,89-26136,,SIKORSKY UH-60 Black Hawk,H60,Mil,tar1090-db import,,,,
AE0D88,84-23948,,SIKORSKY UH-60 Black Hawk,H60,Mil,tar1090-db import,,,,
AE0D89,85-24392,,SIKORSKY UH-60 Black Hawk,H60,Mil,tar1090-db import,,,,
AE0D8C,85-24422,,H60,H60,Mil,tar1090-db import,,,,
AE0D8F,86-24493,,SIKORSKY UH-60 Black Hawk,H60,Mil,tar1090-db import,,,,
AE0D90,87-24614,,SIKORSKY UH-60 Black Hawk,H60,Mil,tar1090-db import,,,,
AE0D91,87-24648,,SIKORSKY UH-60 Black Hawk,H60,Mil,tar1090-db import,,,,
AE0D92,87-24655,,SIKORSKY UH-60 Black Hawk,H60,Mil,tar1090-db import,,,,
AE0D93,89-26163,,SIKORSKY UH-60 Black Hawk,H60,Mil,tar1090-db import,,,,
AE0D94,78-22966,,SIKORSKY UH-60 Black Hawk,H60,Mil,tar1090-db import,,,,
AE0D98,80-23491,,SIKORSKY UH-60 Black Hawk,H60,Mil,tar1090-db import,,,,
AE0D9D,79-23315,,SIKORSKY UH-60 Black Hawk,H60,Mil,tar1090-db import,,,,
AE0DA5,81-23558,,SIKORSKY UH-60 Black Hawk,H60,Mil,tar1090-db import,,,,
AE0DA7,83-23932,,SIKORSKY UH-60 Black Hawk,H60,Mil,tar1090-db import,,,,
AE0DA8,84-23946,,SIKORSKY UH-60 Black Hawk,H60,Mil,tar1090-db import,,,,
AE0DAC,90-26258,,SIKORSKY UH-60 Black Hawk,H60,Mil,tar1090-db import,,,,
AE0DB2,84-23937,,SIKORSKY UH-60 Black Hawk,H60,Mil,tar1090-db import,,,,
AE0DB4,85-24448,,SIKORSKY UH-60 Black Hawk,H60,Mil,tar1090-db import,,,,
AE0DB5,85-24450,,SIKORSKY UH-60 Black Hawk,H60,Mil,tar1090-db import,,,,
AE0DB6,85-24451,,SIKORSKY UH-60 Black Hawk,H60,Mil,tar1090-db import,,,,
AE0DB7,86-24496,,Sikorsky UH-60A Black Hawk,H60,Mil,tar1090-db import,,,,
AE0DB9,83-23918,,SIKORSKY UH-60 Black Hawk,H60,Mil,tar1090-db import,,,,
AE0DBA,83-23929,,SIKORSKY UH-60 Black Hawk,H60,Mil,tar1090-db import,,,,
AE0DBB,83-23931,,SIKORSKY UH-60 Black Hawk,H60,Mil,tar1090-db import,,,,
AE0DBD,84-23933,,SIKORSKY UH-60 Black Hawk,H60,Mil,tar1090-db import,,,,
AE0DBF,84-23952,,SIKORSKY UH-60 Black Hawk,H60,Mil,tar1090-db import,,,,
AE0DC0,84-23954,,SIKORSKY UH-60 Black Hawk,H60,Mil,tar1090-db import,,,,
AE0DC1,84-23955,,H60,H60,Mil,tar1090-db import,,,,
AE0DC3,84-23959,,SIKORSKY UH-60 Black Hawk,H60,Mil,tar1090-db import,,,,
AE0DC5,84-23962,,SIKORSKY UH-60 Black Hawk,H60,Mil,tar1090-db import,,,,
AE0DC6,84-23965,,SIKORSKY UH-60 Black Hawk,H60,Mil,tar1090-db import,,,,
AE0DC8,83-23860,,SIKORSKY UH-60 Black Hawk,H60,Mil,tar1090-db import,,,,
AE0DC9,83-23867,,SIKORSKY UH-60 Black Hawk,H60,Mil,tar1090-db import,,,,
AE0DCD,83-23928,,SIKORSKY UH-60 Black Hawk,H60,Mil,tar1090-db import,,,,
AE0DCE,83-23930,,SIKORSKY UH-60 Black Hawk,H60,Mil,tar1090-db import,,,,
AE0DCF,84-23938,,SIKORSKY UH-60 Black Hawk,H60,Mil,tar1090-db import,,,,
AE0DD0,84-23942,,SIKORSKY UH-60 Black Hawk,H60,Mil,tar1090-db import,,,,
AE0DD2,84-23956,,SIKORSKY UH-60 Black Hawk,H60,Mil,tar1090-db import,,,,
AE0DD4,84-23960,,H60,H60,Mil,tar1090-db import,,,,
AE0DD5,84-23964,,SIKORSKY UH-60 Black Hawk,H60,Mil,tar1090-db import,,,,
AE0DD6,94-26549,,H60,H60,Mil,tar1090-db import,,,,
AE0DD8,83-23863,,SIKORSKY UH-60 Black Hawk,H60,Mil,tar1090-db import,,,,
AE0DDB,83-23885,,SIKORSKY UH-60 Black Hawk,H60,Mil,tar1090-db import,,,,
AE0DDC,83-23905,,SIKORSKY UH-60 Black Hawk,H60,Mil,tar1090-db import,,,,
AE0DDE,95-26613,,Sikorsky UH-60L Black Hawk,H60,Mil,tar1090-db import,,,,
AE0DE0,95-26615,,H60,H60,Mil,tar1090-db import,,,,
AE0DE1,95-26616,,SIKORSKY UH-60 Black Hawk,H60,Mil,tar1090-db import,,,,
AE0DE3,95-26618,,SIKORSKY UH-60 Black Hawk,H60,Mil,tar1090-db import,,,,
AE0DE4,95-26620,,SIKORSKY UH-60 Black Hawk,H60,Mil,tar1090-db import,,,,
AE0DE5,95-26621,,SIKORSKY UH-60 Black Hawk,H60,Mil,tar1090-db import,,,,
AE0DE6,95-26622,,SIKORSKY UH-60 Black Hawk,H60,Mil,tar1090-db import,,,,
AE0DE7,95-26623,,SIKORSKY UH-60 Black Hawk,H60,Mil,tar1090-db import,,,,
AE0DE8,95-26624,,SIKORSKY UH-60 Black Hawk,H60,Mil,tar1090-db import,,,,
AE0DE9,95-26625,,Sikorsky UH-60L Black Hawk,H60,Mil,tar1090-db import,,,,
AE0DEA,95-26626,,SIKORSKY UH-60 Black Hawk,H60,Mil,tar1090-db import,,,,
AE0DEB,95-26627,,SIKORSKY UH-60 Black Hawk,H60,Mil,tar1090-db import,,,,
AE0DEC,97-26744,,SIKORSKY UH-60 Black Hawk,H60,Mil,tar1090-db import,,,,
AE0DEE,97-26747,,SIKORSKY UH-60 Black Hawk,H60,Mil,tar1090-db import,,,,
AE0DEF,97-26748,,SIKORSKY UH-60 Black Hawk,H60,Mil,tar1090-db import,,,,
AE0DF1,97-26750,,SIKORSKY UH-60 Black Hawk,H60,Mil,tar1090-db import,,,,
AE0DF4,97-26753,,SIKORSKY UH-60 Black Hawk,H60,Mil,tar1090-db import,,,,
AE0DF7,97-26757,,SIKORSKY UH-60 Black Hawk,H60,Mil,tar1090-db import,,,,
AE0DF8,97-26758,,SIKORSKY UH-60 Black Hawk,H60,Mil,tar1090-db import,,,,
AE0DF9,97-26759,,SIKORSKY UH-60 Black Hawk,H60,Mil,tar1090-db import,,,,
AE0DFA,97-26760,,SIKORSKY UH-60 Black Hawk,H60,Mil,tar1090-db import,,,,
AE0DFB,97-26761,,SIKORSKY UH-60 Black Hawk,H60,Mil,tar1090-db import,,,,
AE0E01,83-23874,,SIKORSKY UH-60 Black Hawk,H60,Mil,tar1090-db import,,,,
AE0E02,83-23878,,SIKORSKY UH-60 Black Hawk,H60,Mil,tar1090-db import,,,,
AE0E03,83-23893,,SIKORSKY UH-60 Black Hawk,H60,Mil,tar1090-db import,,,,
AE0E08,83-23913,,SIKORSKY UH-60 Black Hawk,H60,Mil,tar1090-db import,,,,
AE0E09,83-23914,,SIKORSKY UH-60 Black Hawk,H60,Mil,tar1090-db import,,,,
AE0E0A,83-23915,,SIKORSKY UH-60 Black Hawk,H60,Mil,tar1090-db import,,,,
AE0E0B,83-23921,,SIKORSKY UH-60 Black Hawk,H60,Mil,tar1090-db import,,,,
AE0E0C,83-23922,,SIKORSKY UH-60 Black Hawk,H60,Mil,tar1090-db import,,,,
AE0E0E,87-24603,,SIKORSKY UH-60 Black Hawk,H60,Mil,tar1090-db import,,,,
AE0E10,88-26029,,SIKORSKY UH-60 Black Hawk,H60,Mil,tar1090-db import,,,,
AE0E11,88-26043,,H60,H60,Mil,tar1090-db import,,,,
AE0E13,88-26048,,SIKORSKY UH-60 Black Hawk,H60,Mil,tar1090-db import,,,,
AE0E14,88-26057,,SIKORSKY UH-60 Black Hawk,H60,Mil,tar1090-db import,,,,
AE0E16,88-26070,,SIKORSKY UH-60 Black Hawk,H60,Mil,tar1090-db import,,,,
AE0E18,88-26082,,SIKORSKY UH-60 Black Hawk,H60,Mil,tar1090-db import,,,,
AE0E19,89-26123,,SIKORSKY UH-60 Black Hawk,H60,Mil,tar1090-db import,,,,
AE0E1A,89-26129,,SIKORSKY UH-60 Black Hawk,H60,Mil,tar1090-db import,,,,
AE0E1B,89-26131,,SIKORSKY UH-60 Black Hawk,H60,Mil,tar1090-db import,,,,
AE0E1C,89-26132,,SIKORSKY UH-60 Black Hawk,H60,Mil,tar1090-db import,,,,
AE0E1D,89-26134,,SIKORSKY UH-60 Black Hawk,H60,Mil,tar1090-db import,,,,
AE0E1F,84-23975,,SIKORSKY UH-60 Black Hawk,H60,Mil,tar1090-db import,,,,
AE0E22,87-26003,,SIKORSKY UH-60 Black Hawk,H60,Mil,tar1090-db import,,,,
AE0E25,88-26028,,SIKORSKY UH-60 Black Hawk,H60,Mil,tar1090-db import,,,,
AE0E26,88-26037,,SIKORSKY UH-60 Black Hawk,H60,Mil,tar1090-db import,,,,
AE0E28,88-26041,,SIKORSKY UH-60 Black Hawk,H60,Mil,tar1090-db import,,,,
AE0E29,88-26042,,SIKORSKY UH-60 Black Hawk,H60,Mil,tar1090-db import,,,,
AE0E2A,88-26051,,SIKORSKY UH-60 Black Hawk,H60,Mil,tar1090-db import,,,,
AE0E2C,88-26053,,SIKORSKY UH-60 Black Hawk,H60,Mil,tar1090-db import,,,,
AE0E2D,88-26056,,SIKORSKY UH-60 Black Hawk,H60,Mil,tar1090-db import,,,,
AE0E2E,88-26063,,SIKORSKY UH-60 Black Hawk,H60,Mil,tar1090-db import,,,,
AE0E30,88-26077,,SIKORSKY UH-60 Black Hawk,H60,Mil,tar1090-db import,,,,
AE0E34,89-26153,,SIKORSKY UH-60 Black Hawk,H60,Mil,tar1090-db import,,,,
AE0E35,89-26164,,SIKORSKY UH-60 Black Hawk,H60,Mil,tar1090-db import,,,,
AE0E36,95-26641,,SIKORSKY UH-60 Black Hawk,H60,Mil,tar1090-db import,,,,
AE0E37,95-26642,,SIKORSKY UH-60 Black Hawk,H60,Mil,tar1090-db import,,,,
AE0E38,95-26643,,SIKORSKY UH-60 Black Hawk,H60,Mil,tar1090-db import,,,,
AE0E3A,95-26649,,SIKORSKY UH-60 Black Hawk,H60,Mil,tar1090-db import,,,,
AE0E3C,95-26651,,SIKORSKY UH-60 Black Hawk,H60,Mil,tar1090-db import,,,,
AE0E3D,95-26652,,SIKORSKY UH-60 Black Hawk,H60,Mil,tar1090-db import,,,,
AE0E3F,95-26654,,SIKORSKY UH-60 Black Hawk,H60,Mil,tar1090-db import,,,,
AE0E40,95-26655,,SIKORSKY UH-60 Black Hawk,H60,Mil,tar1090-db import,,,,
AE0E41,95-26674,,SIKORSKY UH-60 Black Hawk,H60,Mil,tar1090-db import,,,,
AE0E42,96-26675,,SIKORSKY UH-60 Black Hawk,H60,Mil,tar1090-db import,,,,
AE0E43,96-26676,,SIKORSKY UH-60 Black Hawk,H60,Mil,tar1090-db import,,,,
AE0E44,96-26677,,SIKORSKY UH-60 Black Hawk,H60,Mil,tar1090-db import,,,,
AE0E46,96-26679,,SIKORSKY UH-60 Black Hawk,H60,Mil,tar1090-db import,,,,
AE0E47,96-26680,,SIKORSKY UH-60 Black Hawk,H60,Mil,tar1090-db import,,,,
AE0E49,96-26682,,SIKORSKY UH-60 Black Hawk,H60,Mil,tar1090-db import,,,,
AE0E4B,96-26684,,SIKORSKY UH-60 Black Hawk,H60,Mil,tar1090-db import,,,,
AE0E4C,96-26685,,SIKORSKY UH-60 Black Hawk,H60,Mil,tar1090-db import,,,,
AE0E4D,96-26686,,SIKORSKY UH-60 Black Hawk,H60,Mil,tar1090-db import,,,,
AE0E4E,96-26687,,SIKORSKY UH-60 Black Hawk,H60,Mil,tar1090-db import,,,,
AE0E4F,96-26688,,SIKORSKY UH-60 Black Hawk,H60,Mil,tar1090-db import,,,,
AE0E50,96-26689,,SIKORSKY UH-60 Black Hawk,H60,Mil,tar1090-db import,,,,
AE0E51,96-26690,,SIKORSKY UH-60 Black Hawk,H60,Mil,tar1090-db import,,,,
AE0E52,96-26691,,SIKORSKY UH-60 Black Hawk,H60,Mil,tar1090-db import,,,,
AE0E53,96-26692,,SIKORSKY UH-60 Black Hawk,H60,Mil,tar1090-db import,,,,
AE0E54,82-23761,,SIKORSKY UH-60 Black Hawk,H60,Mil,tar1090-db import,,,,
AE0E55,86-24498,,SIKORSKY UH-60 Black Hawk,H60,Mil,tar1090-db import,,,,
AE0E57,88-26068,,SIKORSKY UH-60 Black Hawk,H60,Mil,tar1090-db import,,,,
AE0E59,88-26075,,SIKORSKY UH-60 Black Hawk,H60,Mil,tar1090-db import,,,,
AE0E5A,88-26085,,SIKORSKY UH-60 Black Hawk,H60,Mil,tar1090-db import,,,,
AE0E5B,88-26086,,Sikorsky UH-60A Black Hawk,H60,Mil,tar1090-db import,,,,
AE0E5C,97-26762,,SIKORSKY UH-60 Black Hawk,H60,Mil,tar1090-db import,,,,
AE0E5D,97-26763,,SIKORSKY UH-60 Black Hawk,H60,Mil,tar1090-db import,,,,
AE0E5E,97-26764,,SIKORSKY UH-60 Black Hawk,H60,Mil,tar1090-db import,,,,
AE0E5F,97-26765,,SIKORSKY UH-60 Black Hawk,H60,Mil,tar1090-db import,,,,
AE0E62,98-26795,,SIKORSKY UH-60 Black Hawk,H60,Mil,tar1090-db import,,,,
AE0E65,98-26798,,H60,H60,Mil,tar1090-db import,,,,
AE0E66,98-26799,,SIKORSKY UH-60 Black Hawk,H60,Mil,tar1090-db import,,,,
AE0E67,98-26800,,SIKORSKY UH-60 Black Hawk,H60,Mil,tar1090-db import,,,,
AE0E68,98-26801,,SIKORSKY UH-60 Black Hawk,H60,Mil,tar1090-db import,,,,
AE0E69,98-26802,,SIKORSKY UH-60 Black Hawk,H60,Mil,tar1090-db import,,,,
AE0E6A,98-26813,,SIKORSKY UH-60 Black Hawk,H60,Mil,tar1090-db import,,,,
AE0E6B,98-26814,,SIKORSKY UH-60 Black Hawk,H60,Mil,tar1090-db import,,,,
AE0E6C,82-23757,,SIKORSKY UH-60 Black Hawk,H60,Mil,tar1090-db import,,,,
AE0E6D,83-23855,,SIKORSKY UH-60 Black Hawk,H60,Mil,tar1090-db import,,,,
AE0E71,87-24621,,SIKORSKY UH-60 Black Hawk,H60,Mil,tar1090-db import,,,,
AE0E74,88-26019,,SIKORSKY UH-60 Black Hawk,H60,Mil,tar1090-db import,,,,
AE0E77,89-26165,,SIKORSKY UH-60 Black Hawk,H60,Mil,tar1090-db import,,,,
AE0E7E,84-23951,,SIKORSKY UH-60 Black Hawk,H60,Mil,tar1090-db import,,,,
AE0E80,86-24531,,SIKORSKY UH-60 Black Hawk,H60,Mil,tar1090-db import,,,,
AE0E81,86-24532,,SIKORSKY UH-60 Black Hawk,H60,Mil,tar1090-db import,,,,
AE0E82,87-24628,,H60,H60,Mil,tar1090-db import,,,,
AE0E84,87-24644,,SIKORSKY UH-60 Black Hawk,H60,Mil,tar1090-db import,,,,
AE0E85,87-24645,,SIKORSKY UH-60 Black Hawk,H60,Mil,tar1090-db import,,,,
AE0E86,87-24646,,SIKORSKY UH-60 Black Hawk,H60,Mil,tar1090-db import,,,,
AE0E88,87-26004,,SIKORSKY UH-60 Black Hawk,H60,Mil,tar1090-db import,,,,
AE0E8C,88-26045,,SIKORSKY UH-60 Black Hawk,H60,Mil,tar1090-db import,,,,
AE0E8D,89-26138,,SIKORSKY UH-60 Black Hawk,H60,Mil,tar1090-db import,,,,
AE0E8E,89-26155,,SIKORSKY UH-60 Black Hawk,H60,Mil,tar1090-db import,,,,
AE0E8F,95-26628,,SIKORSKY UH-60 Black Hawk,H60,Mil,tar1090-db import,,,,
AE0E91,95-26630,,SIKORSKY UH-60 Black Hawk,H60,Mil,tar1090-db import,,,,
AE0E92,95-26631,,SIKORSKY UH-60 Black Hawk,H60,Mil,tar1090-db import,,,,
AE0E94,95-26633,,SIKORSKY UH-60 Black Hawk,H60,Mil,tar1090-db import,,,,
AE0E95,95-26635,,SIKORSKY UH-60 Black Hawk,H60,Mil,tar1090-db import,,,,
AE0E96,95-26636,,SIKORSKY UH-60 Black Hawk,H60,Mil,tar1090-db import,,,,
AE0E97,95-26637,,SIKORSKY UH-60 Black Hawk,H60,Mil,tar1090-db import,,,,
AE0E98,95-26638,,SIKORSKY UH-60 Black Hawk,H60,Mil,tar1090-db import,,,,
AE0E9A,95-26640,,SIKORSKY UH-60 Black Hawk,H60,Mil,tar1090-db import,,,,
AE0E9B,95-26644,,SIKORSKY UH-60 Black Hawk,H60,Mil,tar1090-db import,,,,
AE0E9D,95-26647,,Sikorsky UH-60L Black Hawk,H60,Mil,tar1090-db import,,,,
AE0E9E,95-26648,,SIKORSKY UH-60 Black Hawk,H60,Mil,tar1090-db import,,,,
AE0EA4,82-23756,,SIKORSKY UH-60 Black Hawk,H60,Mil,tar1090-db import,,,,
AE0EA5,86-24550,,SIKORSKY UH-60 Black Hawk,H60,Mil,tar1090-db import,,,,
AE0EA6,86-24551,,SIKORSKY UH-60 Black Hawk,H60,Mil,tar1090-db import,,,,
AE0EA8,88-26034,,SIKORSKY UH-60 Black Hawk,H60,Mil,tar1090-db import,,,,
AE0EAA,88-26055,,SIKORSKY UH-60 Black Hawk,H60,Mil,tar1090-db import,,,,
AE0EAC,88-26080,,SIKORSKY UH-60 Black Hawk,H60,Mil,tar1090-db import,,,,
AE0EB5,86-24552,,SIKORSKY UH-60 Black Hawk,H60,Mil,tar1090-db import,,,,
AE0EB7,87-24581,,SIKORSKY UH-60 Black Hawk,H60,Mil,tar1090-db import,,,,
AE0EB8,87-24634,,SIKORSKY UH-60 Black Hawk,H60,Mil,tar1090-db import,,,,
AE0EBA,87-24656,,SIKORSKY UH-60 Black Hawk,H60,Mil,tar1090-db import,,,,
AE0EBE,89-26146,,SIKORSKY UH-60 Black Hawk,H60,Mil,tar1090-db import,,,,
AE0EBF,89-26151,,SIKORSKY UH-60 Black Hawk,H60,Mil,tar1090-db import,,,,
AE0EC5,80-23467,,SIKORSKY UH-60 Black Hawk,H60,Mil,tar1090-db import,,,,
AE0ED0,82-23722,,SIKORSKY UH-60 Black Hawk,H60,Mil,tar1090-db import,,,,
AE0ED4,84-23966,,SIKORSKY UH-60 Black Hawk,H60,Mil,tar1090-db import,,,,
AE0ED5,84-23973,,SIKORSKY UH-60 Black Hawk,H60,Mil,tar1090-db import,,,,
AE0EE6,87-24652,,SIKORSKY UH-60 Black Hawk,H60,Mil,tar1090-db import,,,,
AE0EED,89-26149,,SIKORSKY UH-60 Black Hawk,H60,Mil,tar1090-db import,,,,
AE0EF5,82-23672,,SIKORSKY UH-60 Black Hawk,H60,Mil,tar1090-db import,,,,
AE0F00,86-24526,,SIKORSKY UH-60 Black Hawk,H60,Mil,tar1090-db import,,,,
AE0F02,89-26141,,SIKORSKY UH-60 Black Hawk,H60,Mil,tar1090-db import,,,,
AE0F03,90-26300,,SIKORSKY UH-60 Black Hawk,H60,Mil,tar1090-db import,,,,
AE0FC4,84-23954,,H60,H60,Mil,tar1090-db import,,,,
AE108D,19-2404,,B737,B737,Mil,tar1090-db import,,,,
AE10A7,88-00108,,BOEING-VERTOL CH-47 Chinook,H47,Mil,tar1090-db import,,,,
AE10DA,91-0303,,F15,F15,Mil,tar1090-db import,,,,
AE10F1,00-3597,,TEX2,TEX2,Mil,tar1090-db import,,,,
AE10F2,01-3598,,BEECHCRAFT T-6 Texan 2,TEX2,Mil,tar1090-db import,,,,
AE1120,02-3645,,BEECHCRAFT T-6 Texan 2,TEX2,Mil,tar1090-db import,,,,
AE1131,02-3662,,BEECHCRAFT T-6 Texan 2,TEX2,Mil,tar1090-db import,,,,
AE1132,02-3663,,BEECHCRAFT T-6 Texan 2,TEX2,Mil,tar1090-db import,,,,
AE1135,02-3666,,BEECHCRAFT T-6 Texan 2,TEX2,Mil,tar1090-db import,,,,
AE113E,165972,,Raytheon T-6B Texan II,TEX2,Mil,tar1090-db import,,,,
AE113F,165973,,Raytheon T-6B Texan II,TEX2,Mil,tar1090-db import,,,,
AE1142,165976,,Raytheon T-6B Texan II,TEX2,Mil,tar1090-db import,,,,
AE1143,165977,,Raytheon T-6B Texan II,TEX2,Mil,tar1090-db import,,,,
AE1145,165979,,Raytheon T-6B Texan II,TEX2,Mil,tar1090-db import,,,,
AE1147,165981,,Raytheon T-6B Texan II,TEX2,Mil,tar1090-db import,,,,
AE1148,165982,,Raytheon T-6B Texan II,TEX2,Mil,tar1090-db import,,,,
AE1149,165983,,Raytheon T-6B Texan II,TEX2,Mil,tar1090-db import,,,,
AE114A,165984,,Raytheon T-6B Texan II,TEX2,Mil,tar1090-db import,,,,
AE114B,165985,,Raytheon T-6B Texan II,TEX2,Mil,tar1090-db import,,,,
AE114D,165987,,Raytheon T-6B Texan II,TEX2,Mil,tar1090-db import,,,,
AE114E,165988,,Raytheon T-6B Texan II,TEX2,Mil,tar1090-db import,,,,
AE114F,165989,,Raytheon T-6B Texan II,TEX2,Mil,tar1090-db import,,,,
AE1152,165992,,Raytheon T-6B Texan II,TEX2,Mil,tar1090-db import,,,,
AE1155,165995,,Raytheon T-6B Texan II,TEX2,Mil,tar1090-db import,,,,
AE1156,165996,,Raytheon T-6B Texan II,TEX2,Mil,tar1090-db import,,,,
AE1157,165997,,Raytheon T-6B Texan II,TEX2,Mil,tar1090-db import,,,,
AE1158,165998,,Raytheon T-6B Texan II,TEX2,Mil,tar1090-db import,,,,
AE1159,165999,,Raytheon T-6B Texan II,TEX2,Mil,tar1090-db import,,,,
AE115A,166000,,Raytheon T-6B Texan II,TEX2,Mil,tar1090-db import,,,,
AE115C,03-6202,,TEX2,TEX2,Mil,tar1090-db import,,,,
AE1166,02-0201,,B737,B737,Mil,tar1090-db import,,,,
AE1168,02-0202,,B737,B737,Mil,tar1090-db import,,,,
AE116B,84-00167,,BEECH 200 Super King Air,BE20,Mil,tar1090-db import,,,,
AE11CF,03-3707,,BEECHCRAFT T-6 Texan 2,TEX2,Mil,tar1090-db import,,,,
AE11D0,03-6203,,BEECHCRAFT T-6 Texan 2,TEX2,Mil,tar1090-db import,,,,
AE11D1,03-6204,,BEECHCRAFT T-6 Texan 2,TEX2,Mil,tar1090-db import,,,,
AE11F9,02-0042,,B737,B737,Mil,tar1090-db import,,,,
AE11FB,02-0203,,B737,B737,Mil,tar1090-db import,,,,
AE120D,168737,,Q4,Q4,Mil,tar1090-db import,,,,
AE1217,62-1859,,LOCKHEED C-130 Hercules,C130,Mil,tar1090-db import,,,,
AE1245,62-1784,,LOCKHEED C-130 Hercules,C130,Mil,tar1090-db import,,,,
AE1255,166511,,Lockheed Martin KC-130J Hercules,C30J,Mil,tar1090-db import,,,,
AE127A,73-1592,,LOCKHEED C-130 Hercules,C130,Mil,tar1090-db import,,,,
AE1290,87-0024,,LOCKHEED C-130 Hercules,C130,Mil,tar1090-db import,,,,
AE129A,69-6574,,LOCKHEED C-130 Hercules,C130,Mil,tar1090-db import,,,,
AE12BD,69-5832,,LOCKHEED C-130 Hercules,C130,Mil,tar1090-db import,,,,
AE133E,97-1931,,C30J,C30J,Mil,tar1090-db import,,,,
AE1346,21-6002,,LOCKHEED MARTIN C-130J Super Hercules,C30J,Mil,tar1090-db import,,,,
AE138D,158200,,NORTHROP T-38 Talon,T38,Mil,tar1090-db import,,,,
AE138E,674943,,NORTHROP T-38 Talon,T38,Mil,tar1090-db import,,,,
AE138F,701575,,T38,T38,Mil,tar1090-db import,,,,
AE1390,610925,,NORTHROP T-38 Talon,T38,Mil,tar1090-db import,,,,
AE1392,158198,,NORTHROP T-38 Talon,T38,Mil,tar1090-db import,,,,
AE1393,688158,,NORTHROP T-38 Talon,T38,Mil,tar1090-db import,,,,
AE1394,158201,,NORTHROP T-38 Talon,T38,Mil,tar1090-db import,,,,
AE1397,638135,,NORTHROP T-38 Talon,T38,Mil,tar1090-db import,,,,
AE13E6,78-23128,,BEECH 200 Super King Air,BE20,Mil,tar1090-db import,,,,
AE13EE,00-02160,,BOEING-VERTOL CH-47 Chinook,H47,Mil,tar1090-db import,,,,
AE1424,05-6207,,BEECHCRAFT T-6 Texan 2,TEX2,Mil,tar1090-db import,,,,
AE142B,03-03730,,BOEING-VERTOL CH-47 Chinook,H47,Mil,tar1090-db import,,,,
AE142E,17-5579,,GULFSTREAM 5,GLF5,Mil,tar1090-db import,,,,
AE142F,03-03734,,BOEING-VERTOL CH-47 Chinook,H47,Mil,tar1090-db import,,,,
AE1431,04-03736,,BOEING-VERTOL CH-47 Chinook,H47,Mil,tar1090-db import,,,,
AE143C,99-26841,,SIKORSKY UH-60 Black Hawk,H60,Mil,tar1090-db import,,,,
AE1477,160978,,BEECH 90 King Air,BE9L,Mil,tar1090-db import,,,,
AE147E,73-22133,,BELL UH-1 Huey,UH1,Mil,tar1090-db import,,,,
AE14D4,64-13216,,Northrop T-38C Talon,T38,Mil,tar1090-db import,,,,
AE14D5,63-8241,,Northrop T-38C Talon,T38,Mil,tar1090-db import,,,,
AE14D6,63-8184,,Northrop T-38C Talon,T38,Mil,tar1090-db import,,,,
AE14D7,63-8230,,Northrop T-38C Talon,T38,Mil,tar1090-db import,,,,
AE14F8,05-27047,,SIKORSKY UH-60 Black Hawk,H60,Mil,tar1090-db import,,,,
AE14FA,05-27050,,SIKORSKY UH-60 Black Hawk,H60,Mil,tar1090-db import,,,,
AE14FC,05-27052,,SIKORSKY UH-60 Black Hawk,H60,Mil,tar1090-db import,,,,
AE14FE,05-27054,,SIKORSKY UH-60 Black Hawk,H60,Mil,tar1090-db import,,,,
AE14FF,05-27055,,SIKORSKY UH-60 Black Hawk,H60,Mil,tar1090-db import,,,,
AE1514,63-8156,,Northrop T-38C Talon,T38,Mil,tar1090-db import,,,,
AE1517,85-24396,,SIKORSKY UH-60 Black Hawk,H60,Mil,tar1090-db import,,,,
AE151D,05-27058,,SIKORSKY UH-60 Black Hawk,H60,Mil,tar1090-db import,,,,
AE151E,05-27060,,SIKORSKY UH-60 Black Hawk,H60,Mil,tar1090-db import,,,,
AE151F,05-27061,,SIKORSKY UH-60 Black Hawk,H60,Mil,tar1090-db import,,,,
AE1520,05-27062,,SIKORSKY UH-60 Black Hawk,H60,Mil,tar1090-db import,,,,
AE1577,03-05350,,MCDONNELL DOUGLAS AH-64 Apache,H64,Mil,tar1090-db import,,,,
AE1591,03-05377,,MCDONNELL DOUGLAS AH-64 Apache,H64,Mil,tar1090-db import,,,,
AE1597,03-05383,,MCDONNELL DOUGLAS AH-64 Apache,H64,Mil,tar1090-db import,,,,
AE159E,03-05390,,H64,H64,Mil,tar1090-db import,,,,
AE15C9,04-05433,,MCDONNELL DOUGLAS AH-64 Apache,H64,Mil,tar1090-db import,,,,
AE15D0,04-05440,,MCDONNELL DOUGLAS AH-64 Apache,H64,Mil,tar1090-db import,,,,
AE15E3,04-05459,,H64,H64,Mil,tar1090-db import,,,,
AE15EF,04-05471,,MCDONNELL DOUGLAS AH-64 Apache,H64,Mil,tar1090-db import,,,,
AE1613,05-27059,,SIKORSKY UH-60 Black Hawk,H60,Mil,tar1090-db import,,,,
AE1688,91-0465,,F16,F16,Mil,tar1090-db import,,,,
AE1689,91-0404,,GENERAL DYNAMICS F-16 Fighting Falcon,F16,Mil,tar1090-db import,,,,
AE16CB,91-0372,,F16,F16,Mil,tar1090-db import,,,,
AE16E5,90-0827,,GENERAL DYNAMICS F-16 Fighting Falcon,F16,Mil,tar1090-db import,,,,
AE16E8,90-0831,,F16,F16,Mil,tar1090-db import,,,,
AE16EA,90-0834,,F16,F16,Mil,tar1090-db import,,,,
AE16EB,90-0838,,F16,F16,Mil,tar1090-db import,,,,
AE16EC,90-0844,,F16,F16,Mil,tar1090-db import,,,,
AE16ED,91-0338,,GENERAL DYNAMICS F-16 Fighting Falcon,F16,Mil,tar1090-db import,,,,
AE16EE,91-0339,,F16,F16,Mil,tar1090-db import,,,,
AE16F0,91-0341,,F16,F16,Mil,tar1090-db import,,,,
AE16F4,91-0351,,GENERAL DYNAMICS F-16 Fighting Falcon,F16,Mil,tar1090-db import,,,,
AE16F8,91-0391,,F16,F16,Mil,tar1090-db import,,,,
AE16FA,91-0402,,GENERAL DYNAMICS F-16 Fighting Falcon,F16,Mil,tar1090-db import,,,,
AE16FB,91-0403,,GENERAL DYNAMICS F-16 Fighting Falcon,F16,Mil,tar1090-db import,,,,
AE1700,91-0412,,GENERAL DYNAMICS F-16 Fighting Falcon,F16,Mil,tar1090-db import,,,,
AE1701,91-0414,,F16,F16,Mil,tar1090-db import,,,,
AE1703,91-0417,,GENERAL DYNAMICS F-16 Fighting Falcon,F16,Mil,tar1090-db import,,,,
AE1706,91-0420,,F16,F16,Mil,tar1090-db import,,,,
AE1707,91-0421,,F16,F16,Mil,tar1090-db import,,,,
AE1709,91-0474,,F16,F16,Mil,tar1090-db import,,,,
AE170A,91-0481,,GENERAL DYNAMICS F-16 Fighting Falcon,F16,Mil,tar1090-db import,,,,
AE170B,92-3915,,F16,F16,Mil,tar1090-db import,,,,
AE170E,96-0081,,F16,F16,Mil,tar1090-db import,,,,
AE170F,96-0082,,F16,F16,Mil,tar1090-db import,,,,
AE1716,166335,,SIKORSKY UH-60 Black Hawk,H60,Mil,tar1090-db import,,,,
AE1718,166515,,SIKORSKY UH-60 Black Hawk,H60,Mil,tar1090-db import,,,,
AE171D,166010,,Raytheon T-6B Texan II,TEX2,Mil,tar1090-db import,,,,
AE173E,06-3844,,BEECHCRAFT T-6 Texan 2,TEX2,Mil,tar1090-db import,,,,
AE1755,05-27063,,SIKORSKY UH-60 Black Hawk,H60,Mil,tar1090-db import,,,,
AE1758,83-23912,,SIKORSKY UH-60 Black Hawk,H60,Mil,tar1090-db import,,,,
AE175B,165793,,F18S,F18S,Mil,tar1090-db import,,,,
AE175C,166450,,F18S,F18S,Mil,tar1090-db import,,,,
AE175D,166451,,BOEING FA-18 SUPER HORNET,F18S,Mil,tar1090-db import,,,,
AE1763,166761,,SUCO,SUCO,Mil,tar1090-db import,,,,
AE1764,166772,,SUCO,SUCO,Mil,tar1090-db import,,,,
AE1765,166773,,SUCO,SUCO,Mil,tar1090-db import,,,,
AE1766,166774,,SUCO,SUCO,Mil,tar1090-db import,,,,
AE1767,167809,,SUCO,SUCO,Mil,tar1090-db import,,,,
AE1768,167810,,SUCO,SUCO,Mil,tar1090-db import,,,,
AE1769,166753,,UH1Y,UH1Y,Mil,tar1090-db import,,,,
AE176E,166758,,UH1Y,UH1Y,Mil,tar1090-db import,,,,
AE1794,91-0605,,MCDONNELL-DOUGLAS F-15 Eagle,F15,Mil,tar1090-db import,,,,
AE17C0,163986,,McDonnell Douglas F/A-18D Hornet,F18H,Mil,tar1090-db import,,,,
AE17CB,96-6048,,CESSNA 208 Caravan,C208,Mil,tar1090-db import,,,,
AE17E9,04-08701,,BOEING-VERTOL CH-47 Chinook,H47,Mil,tar1090-db import,,,,
AE17F2,05-20001,,H60,H60,Mil,tar1090-db import,,,,
AE17F3,05-20002,,SIKORSKY UH-60 Black Hawk,H60,Mil,tar1090-db import,,,,
AE17F5,05-20004,,SIKORSKY UH-60 Black Hawk,H60,Mil,tar1090-db import,,,,
AE17F7,06-20018,,SIKORSKY UH-60 Black Hawk,H60,Mil,tar1090-db import,,,,
AE17F8,05-20006,,H60,H60,Mil,tar1090-db import,,,,
AE17FB,05-20006,,SIKORSKY UH-60 Black Hawk,H60,Mil,tar1090-db import,,,,
AE17FF,05-20011,,SIKORSKY UH-60 Black Hawk,H60,Mil,tar1090-db import,,,,
AE1802,05-20013,,SIKORSKY UH-60 Black Hawk,H60,Mil,tar1090-db import,,,,
AE1803,06-20022,,SIKORSKY UH-60 Black Hawk,H60,Mil,tar1090-db import,,,,
AE1804,05-20014,,SIKORSKY UH-60 Black Hawk,H60,Mil,tar1090-db import,,,,
AE1805,05-20015,,SIKORSKY UH-60 Black Hawk,H60,Mil,tar1090-db import,,,,
AE180A,167793,,UH1Y,UH1Y,Mil,tar1090-db import,,,,
AE180B,167794,,UH1Y,UH1Y,Mil,tar1090-db import,,,,
AE180C,167795,,UH1Y,UH1Y,Mil,tar1090-db import,,,,
AE180D,167796,,UH1Y,UH1Y,Mil,tar1090-db import,,,,
AE180E,167797,,UH1Y,UH1Y,Mil,tar1090-db import,,,,
AE180F,167798,,UH1Y,UH1Y,Mil,tar1090-db import,,,,
AE1810,167799,,UH1Y,UH1Y,Mil,tar1090-db import,,,,
AE1811,167800,,UH1Y,UH1Y,Mil,tar1090-db import,,,,
AE1812,167801,,UH1Y,UH1Y,Mil,tar1090-db import,,,,
AE1813,167802,,UH1Y,UH1Y,Mil,tar1090-db import,,,,
AE1814,167803,,Bell UH-1Y Venom,UH1Y,Mil,tar1090-db import,,,,
AE1815,167804,,UH1Y,UH1Y,Mil,tar1090-db import,,,,
AE1816,167805,,UH1Y,UH1Y,Mil,tar1090-db import,,,,
AE1819,167808,,UH1Y,UH1Y,Mil,tar1090-db import,,,,
AE181F,05-0730,,B737,B737,Mil,tar1090-db import,,,,
AE1826,00-26864,,H60,H60,Mil,tar1090-db import,,,,
AE1828,00-26869,,SIKORSKY UH-60 Black Hawk,H60,Mil,tar1090-db import,,,,
AE1829,00-26870,,SIKORSKY UH-60 Black Hawk,H60,Mil,tar1090-db import,,,,
AE182A,01-26882,,SIKORSKY UH-60 Black Hawk,H60,Mil,tar1090-db import,,,,
AE182B,01-26883,,Sikorsky UH-60L Black Hawk,H60,Mil,tar1090-db import,,,,
AE182C,01-26891,,SIKORSKY UH-60 Black Hawk,H60,Mil,tar1090-db import,,,,
AE182D,166421,,BOEING FA-18 SUPER HORNET,F18S,Mil,tar1090-db import,,,,
AE182F,166666,,F18S,F18S,Mil,tar1090-db import,,,,
AE1830,166336,,SIKORSKY UH-60 Black Hawk,H60,Mil,tar1090-db import,,,,
AE1836,166519,,SIKORSKY UH-60 Black Hawk,H60,Mil,tar1090-db import,,,,
AE1837,166520,,SIKORSKY UH-60 Black Hawk,H60,Mil,tar1090-db import,,,,
AE1838,166521,,SIKORSKY UH-60 Black Hawk,H60,Mil,tar1090-db import,,,,
AE1839,166522,,SIKORSKY UH-60 Black Hawk,H60,Mil,tar1090-db import,,,,
AE183B,166524,,SIKORSKY UH-60 Black Hawk,H60,Mil,tar1090-db import,,,,
AE183C,166525,,SIKORSKY UH-60 Black Hawk,H60,Mil,tar1090-db import,,,,
AE183D,166526,,SIKORSKY UH-60 Black Hawk,H60,Mil,tar1090-db import,,,,
AE183F,166528,,SIKORSKY UH-60 Black Hawk,H60,Mil,tar1090-db import,,,,
AE1841,166530,,SIKORSKY UH-60 Black Hawk,H60,Mil,tar1090-db import,,,,
AE1842,166531,,SIKORSKY UH-60 Black Hawk,H60,Mil,tar1090-db import,,,,
AE1843,166532,,H60,H60,Mil,tar1090-db import,,,,
AE1844,166533,,SIKORSKY UH-60 Black Hawk,H60,Mil,tar1090-db import,,,,
AE1845,166534,,H60,H60,Mil,tar1090-db import,,,,
AE1846,166535,,H60,H60,Mil,tar1090-db import,,,,
AE1847,166536,,SIKORSKY UH-60 Black Hawk,H60,Mil,tar1090-db import,,,,
AE184A,71-20262,,BELL UH-1 Huey,UH1,Mil,tar1090-db import,,,,
AE184B,71-20270,,BELL UH-1 Huey,UH1,Mil,tar1090-db import,,,,
AE184C,70-16451,,Bell TH-1H Iroquois,UH1,Mil,tar1090-db import,,,,
AE184D,71-20328,,BELL UH-1 Huey,UH1,Mil,tar1090-db import,,,,
AE184E,70-16417,,BELL UH-1 Huey,UH1,Mil,tar1090-db import,,,,
AE1851,03-03727,,BOEING-VERTOL CH-47 Chinook,H47,Mil,tar1090-db import,,,,
AE1852,03-03728,,BOEING-VERTOL CH-47 Chinook,H47,Mil,tar1090-db import,,,,
AE1854,03-03732,,BOEING-VERTOL CH-47 Chinook,H47,Mil,tar1090-db import,,,,
AE1856,04-03735,,BOEING-VERTOL CH-47 Chinook,H47,Mil,tar1090-db import,,,,
AE1857,04-03737,,BOEING-VERTOL CH-47 Chinook,H47,Mil,tar1090-db import,,,,
AE1859,04-03739,,BOEING-VERTOL CH-47 Chinook,H47,Mil,tar1090-db import,,,,
AE185D,04-03743,,BOEING-VERTOL CH-47 Chinook,H47,Mil,tar1090-db import,,,,
AE185E,04-03744,,BOEING-VERTOL CH-47 Chinook,H47,Mil,tar1090-db import,,,,
AE185F,04-03745,,BOEING-VERTOL CH-47 Chinook,H47,Mil,tar1090-db import,,,,
AE1860,04-03746,,BOEING-VERTOL CH-47 Chinook,H47,Mil,tar1090-db import,,,,
AE1862,04-03748,,BOEING-VERTOL CH-47 Chinook,H47,Mil,tar1090-db import,,,,
AE1864,04-03750,,BOEING-VERTOL CH-47 Chinook,H47,Mil,tar1090-db import,,,,
AE1866,05-03752,,BOEING-VERTOL CH-47 Chinook,H47,Mil,tar1090-db import,,,,
AE1868,05-03754,,BOEING-VERTOL CH-47 Chinook,H47,Mil,tar1090-db import,,,,
AE1869,05-03755,,BOEING-VERTOL CH-47 Chinook,H47,Mil,tar1090-db import,,,,
AE186A,05-03756,,BOEING-VERTOL CH-47 Chinook,H47,Mil,tar1090-db import,,,,
AE186B,05-03757,,BOEING-VERTOL CH-47 Chinook,H47,Mil,tar1090-db import,,,,
AE186D,05-03759,,BOEING-VERTOL CH-47 Chinook,H47,Mil,tar1090-db import,,,,
AE186E,05-03760,,BOEING-VERTOL CH-47 Chinook,H47,Mil,tar1090-db import,,,,
AE186F,05-03761,,BOEING-VERTOL CH-47 Chinook,H47,Mil,tar1090-db import,,,,
AE1870,05-03762,,BOEING-VERTOL CH-47 Chinook,H47,Mil,tar1090-db import,,,,
AE1871,06-03763,,BOEING-VERTOL CH-47 Chinook,H47,Mil,tar1090-db import,,,,
AE1872,06-03764,,BOEING-VERTOL CH-47 Chinook,H47,Mil,tar1090-db import,,,,
AE1873,06-03765,,BOEING-VERTOL CH-47 Chinook,H47,Mil,tar1090-db import,,,,
AE1887,99-3554,,TEX2,TEX2,Mil,tar1090-db import,,,,
AE188B,99-3558,,TEX2,TEX2,Mil,tar1090-db import,,,,
AE1897,63-8118,,Northrop T-38C Talon,T38,Mil,tar1090-db import,,,,
AE1898,64-13194,,Northrop T-38C Talon,T38,Mil,tar1090-db import,,,,
AE189B,05-4613,,B737,B737,Mil,tar1090-db import,,,,
AE189D,05-0932,,B737,B737,Mil,tar1090-db import,,,,
AE18AD,78-0583,,A10,A10,Mil,tar1090-db import,,,,
AE1905,79-0105,,Fairchild A-10C Thunderbolt II,A10,Mil,tar1090-db import,,,,
AE1908,79-0108,,FAIRCHILD A-10 Thunderbolt II,A10,Mil,tar1090-db import,,,,
AE191C,79-0142,,Fairchild A-10C Thunderbolt II,A10,Mil,tar1090-db import,,,,
AE191F,79-0146,,Fairchild A-10C Thunderbolt II,A10,Mil,tar1090-db import,,,,
AE1921,79-0148,,Fairchild A-10C Thunderbolt II,A10,Mil,tar1090-db import,,,,
AE1923,79-0150,,Fairchild A-10C Thunderbolt II,A10,Mil,tar1090-db import,,,,
AE1924,79-0151,,Fairchild A-10C Thunderbolt II,A10,Mil,tar1090-db import,,,,
AE192B,79-0162,,Fairchild A-10C Thunderbolt II,A10,Mil,tar1090-db import,,,,
AE1935,79-0175,,Fairchild A-10C Thunderbolt II,A10,Mil,tar1090-db import,,,,
AE1946,79-0197,,Fairchild A-10C Thunderbolt II,A10,Mil,tar1090-db import,,,,
AE1953,80-0168,,Fairchild A-10C Thunderbolt II,A10,Mil,tar1090-db import,,,,
AE196B,79-0171,,A10,A10,Mil,tar1090-db import,,,,
AE1974,80-0210,,FAIRCHILD A-10 Thunderbolt II,A10,Mil,tar1090-db import,,,,
AE197D,80-0220,,Fairchild A-10C Thunderbolt II,A10,Mil,tar1090-db import,,,,
AE1983,80-0201,,A10,A10,Mil,tar1090-db import,,,,
AE198B,80-0238,,FAIRCHILD A-10 Thunderbolt II,A10,Mil,tar1090-db import,,,,
AE19B8,80-0265,,A10,A10,Mil,tar1090-db import,,,,
AE19B9,81-0947,,Fairchild A-10C Thunderbolt II,A10,Mil,tar1090-db import,,,,
AE19C8,81-0963,,Fairchild A-10C Thunderbolt II,A10,Mil,tar1090-db import,,,,
AE19DB,81-0984,,Fairchild A-10C Thunderbolt II,A10,Mil,tar1090-db import,,,,
AE19E7,82-0646,,Fairchild A-10C Thunderbolt II,A10,Mil,tar1090-db import,,,,
AE19FC,81-0998,,A10,A10,Mil,tar1090-db import,,,,
AE1A05,81-0962,,Fairchild A-10C Thunderbolt II,A10,Mil,tar1090-db import,,,,
AE1A26,90-26295,,H60,H60,Mil,tar1090-db import,,,,
AE1A50,165797,,F18S,F18S,Mil,tar1090-db import,,,,
AE1A51,165798,,F18S,F18S,Mil,tar1090-db import,,,,
AE1A52,165799,,F18S,F18S,Mil,tar1090-db import,,,,
AE1A53,165800,,F18S,F18S,Mil,tar1090-db import,,,,
AE1A54,165801,,F18S,F18S,Mil,tar1090-db import,,,,
AE1A55,165802,,F18S,F18S,Mil,tar1090-db import,,,,
AE1A56,165803,,F18S,F18S,Mil,tar1090-db import,,,,
AE1A57,165804,,F18S,F18S,Mil,tar1090-db import,,,,
AE1A58,165805,,F18S,F18S,Mil,tar1090-db import,,,,
AE1A59,165806,,F18S,F18S,Mil,tar1090-db import,,,,
AE1A5A,165807,,F18S,F18S,Mil,tar1090-db import,,,,
AE1A5B,165808,,F18S,F18S,Mil,tar1090-db import,,,,
AE1A5C,165860,,F18S,F18S,Mil,tar1090-db import,,,,
AE1A5D,165861,,BOEING FA-18 SUPER HORNET,F18S,Mil,tar1090-db import,,,,
AE1A5E,165862,,F18S,F18S,Mil,tar1090-db import,,,,
AE1A5F,165863,,F18S,F18S,Mil,tar1090-db import,,,,
AE1A60,165864,,F18S,F18S,Mil,tar1090-db import,,,,
AE1AA4,166420,,F18S,F18S,Mil,tar1090-db import,,,,
AE1AA5,166422,,F18S,F18S,Mil,tar1090-db import,,,,
AE1AA6,166423,,F18S,F18S,Mil,tar1090-db import,,,,
AE1AA7,166424,,F18S,F18S,Mil,tar1090-db import,,,,
AE1AA8,166425,,F18S,F18S,Mil,tar1090-db import,,,,
AE1AA9,166426,,F18S,F18S,Mil,tar1090-db import,,,,
AE1AAA,166427,,F18S,F18S,Mil,tar1090-db import,,,,
AE1AAB,166428,,F18S,F18S,Mil,tar1090-db import,,,,
AE1AAC,166429,,F18S,F18S,Mil,tar1090-db import,,,,
AE1AAD,166430,,F18S,F18S,Mil,tar1090-db import,,,,
AE1AAE,166431,,BOEING FA-18 SUPER HORNET,F18S,Mil,tar1090-db import,,,,
AE1AAF,166432,,F18S,F18S,Mil,tar1090-db import,,,,
AE1AB0,166433,,F18S,F18S,Mil,tar1090-db import,,,,
AE1AB1,166434,,F18S,F18S,Mil,tar1090-db import,,,,
AE1AB2,166435,,F18S,F18S,Mil,tar1090-db import,,,,
AE1AB3,166436,,F18S,F18S,Mil,tar1090-db import,,,,
AE1AB4,166437,,F18S,F18S,Mil,tar1090-db import,,,,
AE1AB5,166438,,F18S,F18S,Mil,tar1090-db import,,,,
AE1AB6,166439,,F18S,F18S,Mil,tar1090-db import,,,,
AE1AB7,166440,,BOEING FA-18 SUPER HORNET,F18S,Mil,tar1090-db import,,,,
AE1ABF,166420,,F18S,F18S,Mil,tar1090-db import,,,,
AE1AE0,166613,,BOEING FA-18 SUPER HORNET,F18S,Mil,tar1090-db import,,,,
AE1AE1,166614,,F18S,F18S,Mil,tar1090-db import,,,,
AE1AE2,166615,,F18S,F18S,Mil,tar1090-db import,,,,
AE1AE4,166617,,F18S,F18S,Mil,tar1090-db import,,,,
AE1AE5,166618,,F18S,F18S,Mil,tar1090-db import,,,,
AE1AE6,166619,,F18S,F18S,Mil,tar1090-db import,,,,
AE1AE7,166620,,F18S,F18S,Mil,tar1090-db import,,,,
AE1AE8,166621,,BOEING FA-18 SUPER HORNET,F18S,Mil,tar1090-db import,,,,
AE1AF9,166639,,BOEING FA-18 SUPER HORNET,F18S,Mil,tar1090-db import,,,,
AE1AFA,166640,,F18S,F18S,Mil,tar1090-db import,,,,
AE1AFB,166641,,BOEING FA-18 SUPER HORNET,F18S,Mil,tar1090-db import,,,,
AE1AFC,166642,,F18S,F18S,Mil,tar1090-db import,,,,
AE1AFD,166643,,F18S,F18S,Mil,tar1090-db import,,,,
AE1AFE,166644,,F18S,F18S,Mil,tar1090-db import,,,,
AE1AFF,166646,,F18S,F18S,Mil,tar1090-db import,,,,
AE1B00,166647,,F18S,F18S,Mil,tar1090-db import,,,,
AE1B01,166648,,F18S,F18S,Mil,tar1090-db import,,,,
AE1B02,166650,,BOEING FA-18 SUPER HORNET,F18S,Mil,tar1090-db import,,,,
AE1B03,166650,,F18S,F18S,Mil,tar1090-db import,,,,
AE1B04,166651,,F18S,F18S,Mil,tar1090-db import,,,,
AE1B05,166652,,F18S,F18S,Mil,tar1090-db import,,,,
AE1B06,166653,,F18S,F18S,Mil,tar1090-db import,,,,
AE1B07,166654,,F18S,F18S,Mil,tar1090-db import,,,,
AE1B09,166657,,F18S,F18S,Mil,tar1090-db import,,,,
AE1B0A,166658,,F18S,F18S,Mil,tar1090-db import,,,,
AE1B0B,166659,,F18S,F18S,Mil,tar1090-db import,,,,
AE1B0C,166660,,F18S,F18S,Mil,tar1090-db import,,,,
AE1B0D,166661,,F18S,F18S,Mil,tar1090-db import,,,,
AE1B0E,166662,,F18S,F18S,Mil,tar1090-db import,,,,
AE1B0F,166663,,F18S,F18S,Mil,tar1090-db import,,,,
AE1B10,166664,,F18S,F18S,Mil,tar1090-db import,,,,
AE1B11,166666,,F18S,F18S,Mil,tar1090-db import,,,,
AE1B12,166667,,F18S,F18S,Mil,tar1090-db import,,,,
AE1B13,166668,,F18S,F18S,Mil,tar1090-db import,,,,
AE1B14,166669,,F18S,F18S,Mil,tar1090-db import,,,,
AE1B15,166670,,F18S,F18S,Mil,tar1090-db import,,,,
AE1B16,166671,,F18S,F18S,Mil,tar1090-db import,,,,
AE1B17,166672,,F18S,F18S,Mil,tar1090-db import,,,,
AE1B18,166673,,F18S,F18S,Mil,tar1090-db import,,,,
AE1B19,166674,,F18S,F18S,Mil,tar1090-db import,,,,
AE1B1A,166675,,F18S,F18S,Mil,tar1090-db import,,,,
AE1B1B,166676,,F18S,F18S,Mil,tar1090-db import,,,,
AE1B1C,166677,,F18S,F18S,Mil,tar1090-db import,,,,
AE1B1D,166678,,F18S,F18S,Mil,tar1090-db import,,,,
AE1B1E,166679,,F18S,F18S,Mil,tar1090-db import,,,,
AE1B1F,166680,,F18S,F18S,Mil,tar1090-db import,,,,
AE1B20,166681,,F18S,F18S,Mil,tar1090-db import,,,,
AE1B21,166682,,F18S,F18S,Mil,tar1090-db import,,,,
AE1B23,166684,,F18S,F18S,Mil,tar1090-db import,,,,
AE1B24,166775,,F18S,F18S,Mil,tar1090-db import,,,,
AE1B25,166776,,F18S,F18S,Mil,tar1090-db import,,,,
AE1B26,166777,,F18S,F18S,Mil,tar1090-db import,,,,
AE1B27,166778,,F18S,F18S,Mil,tar1090-db import,,,,
AE1B28,166779,,F18S,F18S,Mil,tar1090-db import,,,,
AE1B29,166780,,BOEING FA-18 SUPER HORNET,F18S,Mil,tar1090-db import,,,,
AE1B2A,166781,,F18S,F18S,Mil,tar1090-db import,,,,
AE1B2B,166782,,F18S,F18S,Mil,tar1090-db import,,,,
AE1B2C,166783,,F18S,F18S,Mil,tar1090-db import,,,,
AE1B2D,166784,,BOEING FA-18 SUPER HORNET,F18S,Mil,tar1090-db import,,,,
AE1B2E,166785,,F18S,F18S,Mil,tar1090-db import,,,,
AE1B2F,166786,,F18S,F18S,Mil,tar1090-db import,,,,
AE1B30,166787,,F18S,F18S,Mil,tar1090-db import,,,,
AE1B31,166788,,F18S,F18S,Mil,tar1090-db import,,,,
AE1B32,166789,,F18S,F18S,Mil,tar1090-db import,,,,
AE1B33,166790,,F18S,F18S,Mil,tar1090-db import,,,,
AE1B34,166791,,F18S,F18S,Mil,tar1090-db import,,,,
AE1B35,166792,,F18S,F18S,Mil,tar1090-db import,,,,
AE1B36,166793,,F18S,F18S,Mil,tar1090-db import,,,,
AE1B37,166794,,F18S,F18S,Mil,tar1090-db import,,,,
AE1B39,166796,,F18S,F18S,Mil,tar1090-db import,,,,
AE1B3A,166797,,F18S,F18S,Mil,tar1090-db import,,,,
AE1B3B,166798,,F18S,F18S,Mil,tar1090-db import,,,,
AE1B3C,166799,,F18S,F18S,Mil,tar1090-db import,,,,
AE1B3D,166800,,F18S,F18S,Mil,tar1090-db import,,,,
AE1B3E,166801,,F18S,F18S,Mil,tar1090-db import,,,,
AE1B3F,166802,,F18S,F18S,Mil,tar1090-db import,,,,
AE1B40,166803,,F18S,F18S,Mil,tar1090-db import,,,,
AE1B41,166804,,F18S,F18S,Mil,tar1090-db import,,,,
AE1B42,166805,,F18S,F18S,Mil,tar1090-db import,,,,
AE1B43,166806,,F18S,F18S,Mil,tar1090-db import,,,,
AE1B45,166808,,F18S,F18S,Mil,tar1090-db import,,,,
AE1B46,166809,,F18S,F18S,Mil,tar1090-db import,,,,
AE1B47,166810,,F18S,F18S,Mil,tar1090-db import,,,,
AE1B48,166811,,F18S,F18S,Mil,tar1090-db import,,,,
AE1B49,166812,,F18S,F18S,Mil,tar1090-db import,,,,
AE1B4C,166815,,F18S,F18S,Mil,tar1090-db import,,,,
AE1B4D,166816,,F18S,F18S,Mil,tar1090-db import,,,,
AE1B4F,166818,,BOEING FA-18 SUPER HORNET,F18S,Mil,tar1090-db import,,,,
AE1B50,166819,,F18S,F18S,Mil,tar1090-db import,,,,
AE1B51,166820,,BOEING FA-18 SUPER HORNET,F18S,Mil,tar1090-db import,,,,
AE1B52,166821,,F18S,F18S,Mil,tar1090-db import,,,,
AE1B53,166822,,F18S,F18S,Mil,tar1090-db import,,,,
AE1B54,166823,,BOEING FA-18 SUPER HORNET,F18S,Mil,tar1090-db import,,,,
AE1B55,166824,,F18S,F18S,Mil,tar1090-db import,,,,
AE1B56,166825,,F18S,F18S,Mil,tar1090-db import,,,,
AE1B57,166826,,F18S,F18S,Mil,tar1090-db import,,,,
AE1B58,166827,,F18S,F18S,Mil,tar1090-db import,,,,
AE1B59,166828,,F18S,F18S,Mil,tar1090-db import,,,,
AE1B5A,166829,,F18S,F18S,Mil,tar1090-db import,,,,
AE1B5B,166830,,F18S,F18S,Mil,tar1090-db import,,,,
AE1B5D,166832,,F18S,F18S,Mil,tar1090-db import,,,,
AE1B5E,166833,,F18S,F18S,Mil,tar1090-db import,,,,
AE1B5F,166834,,F18S,F18S,Mil,tar1090-db import,,,,
AE1B60,165925,,F18S,F18S,Mil,tar1090-db import,,,,
AE1B62,166837,,F18S,F18S,Mil,tar1090-db import,,,,
AE1B63,166838,,F18S,F18S,Mil,tar1090-db import,,,,
AE1B64,166839,,BOEING FA-18 SUPER HORNET,F18S,Mil,tar1090-db import,,,,
AE1B65,166840,,Boeing F/A-18E Super Hornet,F18S,Mil,tar1090-db import,,,,
AE1B66,166841,,F18S,F18S,Mil,tar1090-db import,,,,
AE1B67,166842,,Boeing F/A-18F Super Hornet,F18S,Mil,tar1090-db import,,,,
AE1B68,166843,,F18S,F18S,Mil,tar1090-db import,,,,
AE1B69,166844,,BOEING FA-18 SUPER HORNET,F18S,Mil,tar1090-db import,,,,
AE1B6A,166845,,F18S,F18S,Mil,tar1090-db import,,,,
AE1B6B,166846,,F18S,F18S,Mil,tar1090-db import,,,,
AE1B6C,166847,,F18S,F18S,Mil,tar1090-db import,,,,
AE1B6E,166849,,Boeing F/A-18F Super Hornet,F18S,Mil,tar1090-db import,,,,
AE1B6F,166850,,F18S,F18S,Mil,tar1090-db import,,,,
AE1B70,166851,,Boeing F/A-18F Super Hornet,F18S,Mil,tar1090-db import,,,,
AE1B71,166852,,F18S,F18S,Mil,tar1090-db import,,,,
AE1B72,166853,,F18S,F18S,Mil,tar1090-db import,,,,
AE1B73,166854,,F18S,F18S,Mil,tar1090-db import,,,,
AE1B75,166856,,F18S,F18S,Mil,tar1090-db import,,,,
AE1B76,166857,,F18S,F18S,Mil,tar1090-db import,,,,
AE1B77,166858,,Boeing F/A-18F Super Hornet,F18S,Mil,tar1090-db import,,,,
AE1B78,166859,,F18S,F18S,Mil,tar1090-db import,,,,
AE1B79,166860,,F18S,F18S,Mil,tar1090-db import,,,,
AE1B7A,166861,,F18S,F18S,Mil,tar1090-db import,,,,
AE1B7B,166862,,BOEING FA-18 SUPER HORNET,F18S,Mil,tar1090-db import,,,,
AE1B7C,166863,,F18S,F18S,Mil,tar1090-db import,,,,
AE1B7D,166864,,BOEING FA-18 SUPER HORNET,F18S,Mil,tar1090-db import,,,,
AE1B7E,166865,,F18S,F18S,Mil,tar1090-db import,,,,
AE1B7F,166866,,F18S,F18S,Mil,tar1090-db import,,,,
AE1B80,166867,,F18S,F18S,Mil,tar1090-db import,,,,
AE1B81,166868,,F18S,F18S,Mil,tar1090-db import,,,,
AE1B82,166869,,F18S,F18S,Mil,tar1090-db import,,,,
AE1B83,166870,,F18S,F18S,Mil,tar1090-db import,,,,
AE1B84,166871,,Boeing F/A-18E Super Hornet,F18S,Mil,tar1090-db import,,,,
AE1B85,166872,,F18S,F18S,Mil,tar1090-db import,,,,
AE1B87,166874,,F18S,F18S,Mil,tar1090-db import,,,,
AE1B88,166875,,Boeing F/A-18F Super Hornet,F18S,Mil,tar1090-db import,,,,
AE1B89,166876,,Boeing F/A-18F Super Hornet,F18S,Mil,tar1090-db import,,,,
AE1B8A,166877,,F18S,F18S,Mil,tar1090-db import,,,,
AE1B8B,166878,,F18S,F18S,Mil,tar1090-db import,,,,
AE1B8C,166879,,BOEING FA-18 SUPER HORNET,F18S,Mil,tar1090-db import,,,,
AE1B8D,166880,,F18S,F18S,Mil,tar1090-db import,,,,
AE1B92,166885,,Boeing F/A-18F Super Hornet,F18S,Mil,tar1090-db import,,,,
AE1B93,166886,,F18S,F18S,Mil,tar1090-db import,,,,
AE1B94,166887,,F18S,F18S,Mil,tar1090-db import,,,,
AE1B96,166889,,F18S,F18S,Mil,tar1090-db import,,,,
AE1B97,166890,,F18S,F18S,Mil,tar1090-db import,,,,
AE1B98,166891,,F18S,F18S,Mil,tar1090-db import,,,,
AE1B99,166892,,F18S,F18S,Mil,tar1090-db import,,,,
AE1B9A,166893,,Boeing EA-18G Growler,F18S,Mil,tar1090-db import,,,,
AE1B9B,166894,,F18S,F18S,Mil,tar1090-db import,,,,
AE1B9C,166895,,Boeing EA-18G Growler,F18S,Mil,tar1090-db import,,,,
AE1B9D,166898,,Boeing EA-18G Growler,F18S,Mil,tar1090-db import,,,,
AE1B9E,166897,,F18S,F18S,Mil,tar1090-db import,,,,
AE1B9F,166898,,F18S,F18S,Mil,tar1090-db import,,,,
AE1BA0,166899,,F18S,F18S,Mil,tar1090-db import,,,,
AE1BA1,166900,,F18S,F18S,Mil,tar1090-db import,,,,
AE1BF8,63-7823,,LOCKHEED C-130 Hercules,C130,Mil,tar1090-db import,,,,
AE1BFB,04-08702,,Boeing CH-47F Chinook,H47,Mil,tar1090-db import,,,,
AE1BFC,04-08703,,BOEING-VERTOL CH-47 Chinook,H47,Mil,tar1090-db import,,,,
AE1BFD,04-08704,,BOEING-VERTOL CH-47 Chinook,H47,Mil,tar1090-db import,,,,
AE1BFE,04-08705,,H47,H47,Mil,tar1090-db import,,,,
AE1C01,04-08708,,H47,H47,Mil,tar1090-db import,,,,
AE1C02,04-08709,,BOEING-VERTOL CH-47 Chinook,H47,Mil,tar1090-db import,,,,
AE1C05,04-08712,,BOEING-VERTOL CH-47 Chinook,H47,Mil,tar1090-db import,,,,
AE1C06,04-08713,,BOEING-VERTOL CH-47 Chinook,H47,Mil,tar1090-db import,,,,
AE1C07,04-08714,,BOEING-VERTOL CH-47 Chinook,H47,Mil,tar1090-db import,,,,
AE1C09,04-08716,,BOEING-VERTOL CH-47 Chinook,H47,Mil,tar1090-db import,,,,
AE1C0A,04-08717,,BOEING-VERTOL CH-47 Chinook,H47,Mil,tar1090-db import,,,,
AE1C0B,05-08010,,BOEING-VERTOL CH-47 Chinook,H47,Mil,tar1090-db import,,,,
AE1C0C,05-08011,,BOEING-VERTOL CH-47 Chinook,H47,Mil,tar1090-db import,,,,
AE1C0E,05-08014,,BOEING-VERTOL CH-47 Chinook,H47,Mil,tar1090-db import,,,,
AE1C0F,05-08015,,BOEING-VERTOL CH-47 Chinook,H47,Mil,tar1090-db import,,,,
AE1C10,05-08016,,BOEING-VERTOL CH-47 Chinook,H47,Mil,tar1090-db import,,,,
AE1C12,06-08018,,BOEING-VERTOL CH-47 Chinook,H47,Mil,tar1090-db import,,,,
AE1C13,06-08019,,BOEING-VERTOL CH-47 Chinook,H47,Mil,tar1090-db import,,,,
AE1C15,06-08021,,BOEING-VERTOL CH-47 Chinook,H47,Mil,tar1090-db import,,,,
AE1C17,06-08023,,BOEING-VERTOL CH-47 Chinook,H47,Mil,tar1090-db import,,,,
AE1C18,06-08024,,BOEING-VERTOL CH-47 Chinook,H47,Mil,tar1090-db import,,,,
AE1C19,06-08025,,BOEING-VERTOL CH-47 Chinook,H47,Mil,tar1090-db import,,,,
AE1C1D,06-08029,,BOEING-VERTOL CH-47 Chinook,H47,Mil,tar1090-db import,,,,
AE1C1E,06-08030,,Boeing CH-47F Chinook,H47,Mil,tar1090-db import,,,,
AE1C1F,06-08031,,BOEING-VERTOL CH-47 Chinook,H47,Mil,tar1090-db import,,,,
AE1C20,06-08032,,BOEING-VERTOL CH-47 Chinook,H47,Mil,tar1090-db import,,,,
AE1C21,06-08718,,BOEING-VERTOL CH-47 Chinook,H47,Mil,tar1090-db import,,,,
AE1C22,06-08719,,BOEING-VERTOL CH-47 Chinook,H47,Mil,tar1090-db import,,,,
AE1C23,06-08720,,BOEING-VERTOL CH-47 Chinook,H47,Mil,tar1090-db import,,,,
AE1C24,06-27078,,SIKORSKY UH-60 Black Hawk,H60,Mil,tar1090-db import,,,,
AE1C25,06-27080,,SIKORSKY UH-60 Black Hawk,H60,Mil,tar1090-db import,,,,
AE1C26,06-27081,,SIKORSKY UH-60 Black Hawk,H60,Mil,tar1090-db import,,,,
AE1C27,06-27082,,SIKORSKY UH-60 Black Hawk,H60,Mil,tar1090-db import,,,,
AE1C28,06-27083,,SIKORSKY UH-60 Black Hawk,H60,Mil,tar1090-db import,,,,
AE1C31,07-72009,,Airbus Helicopters UH-72A Lakota,EC45,Mil,tar1090-db import,,,,
AE1DA9,167813,,SIKORSKY UH-60 Black Hawk,H60,Mil,tar1090-db import,,,,
AE1DAA,167814,,SIKORSKY UH-60 Black Hawk,H60,Mil,tar1090-db import,,,,
AE1DAB,167815,,SIKORSKY UH-60 Black Hawk,H60,Mil,tar1090-db import,,,,
AE1DAC,167816,,SIKORSKY UH-60 Black Hawk,H60,Mil,tar1090-db import,,,,
AE1DAD,167817,,SIKORSKY UH-60 Black Hawk,H60,Mil,tar1090-db import,,,,
AE1DAF,167819,,SIKORSKY UH-60 Black Hawk,H60,Mil,tar1090-db import,,,,
AE1DB0,167820,,SIKORSKY UH-60 Black Hawk,H60,Mil,tar1090-db import,,,,
AE1DB1,167821,,SIKORSKY UH-60 Black Hawk,H60,Mil,tar1090-db import,,,,
AE1DB2,167822,,SIKORSKY UH-60 Black Hawk,H60,Mil,tar1090-db import,,,,
AE1DB3,167823,,SIKORSKY UH-60 Black Hawk,H60,Mil,tar1090-db import,,,,
AE1DB4,167824,,SIKORSKY UH-60 Black Hawk,H60,Mil,tar1090-db import,,,,
AE1DB5,167825,,SIKORSKY UH-60 Black Hawk,H60,Mil,tar1090-db import,,,,
AE1DB7,167827,,SIKORSKY UH-60 Black Hawk,H60,Mil,tar1090-db import,,,,
AE1DB8,167828,,SIKORSKY UH-60 Black Hawk,H60,Mil,tar1090-db import,,,,
AE1DBB,167831,,SIKORSKY UH-60 Black Hawk,H60,Mil,tar1090-db import,,,,
AE1DBD,167833,,SIKORSKY UH-60 Black Hawk,H60,Mil,tar1090-db import,,,,
AE1DBE,167834,,SIKORSKY UH-60 Black Hawk,H60,Mil,tar1090-db import,,,,
AE1DBF,167835,,SIKORSKY UH-60 Black Hawk,H60,Mil,tar1090-db import,,,,
AE1DC0,167836,,SIKORSKY UH-60 Black Hawk,H60,Mil,tar1090-db import,,,,
AE1DC1,167837,,SIKORSKY UH-60 Black Hawk,H60,Mil,tar1090-db import,,,,
AE1DC2,167838,,SIKORSKY UH-60 Black Hawk,H60,Mil,tar1090-db import,,,,
AE1DC3,167839,,SIKORSKY UH-60 Black Hawk,H60,Mil,tar1090-db import,,,,
AE1DC4,167840,,SIKORSKY UH-60 Black Hawk,H60,Mil,tar1090-db import,,,,
AE1DC6,167842,,SIKORSKY UH-60 Black Hawk,H60,Mil,tar1090-db import,,,,
AE1DC7,167843,,SIKORSKY UH-60 Black Hawk,H60,Mil,tar1090-db import,,,,
AE1DC8,167844,,SIKORSKY UH-60 Black Hawk,H60,Mil,tar1090-db import,,,,
AE1DC9,167845,,SIKORSKY UH-60 Black Hawk,H60,Mil,tar1090-db import,,,,
AE1DCA,167846,,SIKORSKY UH-60 Black Hawk,H60,Mil,tar1090-db import,,,,
AE1DCB,167847,,SIKORSKY UH-60 Black Hawk,H60,Mil,tar1090-db import,,,,
AE1DCC,166537,,H60,H60,Mil,tar1090-db import,,,,
AE1DCE,166539,,H60,H60,Mil,tar1090-db import,,,,
AE1DCF,166540,,H60,H60,Mil,tar1090-db import,,,,
AE1DD0,166541,,SIKORSKY UH-60 Black Hawk,H60,Mil,tar1090-db import,,,,
AE1DD1,166542,,H60,H60,Mil,tar1090-db import,,,,
AE1DD2,166543,,SIKORSKY UH-60 Black Hawk,H60,Mil,tar1090-db import,,,,
AE1DD3,166544,,SIKORSKY UH-60 Black Hawk,H60,Mil,tar1090-db import,,,,
AE1DD4,166545,,H60,H60,Mil,tar1090-db import,,,,
AE1DD5,166546,,SIKORSKY UH-60 Black Hawk,H60,Mil,tar1090-db import,,,,
AE1DD6,166547,,SIKORSKY UH-60 Black Hawk,H60,Mil,tar1090-db import,,,,
AE1DD7,166548,,H60,H60,Mil,tar1090-db import,,,,
AE1DD8,166549,,H60,H60,Mil,tar1090-db import,,,,
AE1DD9,166550,,H60,H60,Mil,tar1090-db import,,,,
AE1DDA,166551,,H60,H60,Mil,tar1090-db import,,,,
AE1DDB,166552,,SIKORSKY UH-60 Black Hawk,H60,Mil,tar1090-db import,,,,
AE1DDC,166553,,H60,H60,Mil,tar1090-db import,,,,
AE1DDD,166554,,SIKORSKY UH-60 Black Hawk,H60,Mil,tar1090-db import,,,,
AE1DDE,166555,,SIKORSKY UH-60 Black Hawk,H60,Mil,tar1090-db import,,,,
AE1DDF,166556,,H60,H60,Mil,tar1090-db import,,,,
AE1DE0,166557,,SIKORSKY UH-60 Black Hawk,H60,Mil,tar1090-db import,,,,
AE1DE1,166558,,SIKORSKY UH-60 Black Hawk,H60,Mil,tar1090-db import,,,,
AE1DE2,166559,,SIKORSKY UH-60 Black Hawk,H60,Mil,tar1090-db import,,,,
AE1DE3,166560,,H60,H60,Mil,tar1090-db import,,,,
AE1DE4,166561,,Sikorsky MH-60R Seahawk,H60,Mil,tar1090-db import,,,,
AE1DEF,11-72205,,EC45,EC45,Mil,tar1090-db import,,,,
AE1E00,166034,,TEX2,TEX2,Mil,tar1090-db import,,,,
AE1E10,86-0238,,F16,F16,Mil,tar1090-db import,,,,
AE1E16,86-0215,,F16,F16,Mil,tar1090-db import,,,,
AE1E34,86-0214,,F16,F16,Mil,tar1090-db import,,,,
AE1E6C,166014,,Raytheon T-6B Texan II,TEX2,Mil,tar1090-db import,,,,
AE1E6D,166015,,Raytheon T-6B Texan II,TEX2,Mil,tar1090-db import,,,,
AE1E6E,166016,,Raytheon T-6B Texan II,TEX2,Mil,tar1090-db import,,,,
AE1E70,166018,,Raytheon T-6B Texan II,TEX2,Mil,tar1090-db import,,,,
AE1E71,166019,,Raytheon T-6B Texan II,TEX2,Mil,tar1090-db import,,,,
AE1E72,166020,,Raytheon T-6B Texan II,TEX2,Mil,tar1090-db import,,,,
AE1E74,166022,,Raytheon T-6B Texan II,TEX2,Mil,tar1090-db import,,,,
AE1E75,166023,,Raytheon T-6B Texan II,TEX2,Mil,tar1090-db import,,,,
AE1E76,166024,,Raytheon T-6B Texan II,TEX2,Mil,tar1090-db import,,,,
AE1E77,166025,,Raytheon T-6B Texan II,TEX2,Mil,tar1090-db import,,,,
AE1E7A,166028,,Raytheon T-6B Texan II,TEX2,Mil,tar1090-db import,,,,
AE1E7C,166030,,Raytheon T-6B Texan II,TEX2,Mil,tar1090-db import,,,,
AE1E7D,166031,,Raytheon T-6B Texan II,TEX2,Mil,tar1090-db import,,,,
AE1E7E,166032,,Raytheon T-6B Texan II,TEX2,Mil,tar1090-db import,,,,
AE1E7F,166033,,Raytheon T-6B Texan II,TEX2,Mil,tar1090-db import,,,,
AE1E81,166035,,Raytheon T-6B Texan II,TEX2,Mil,tar1090-db import,,,,
AE1E82,166036,,Raytheon T-6B Texan II,TEX2,Mil,tar1090-db import,,,,
AE1E83,166037,,Raytheon T-6B Texan II,TEX2,Mil,tar1090-db import,,,,
AE1E84,166038,,Raytheon T-6B Texan II,TEX2,Mil,tar1090-db import,,,,
AE1E85,166039,,Raytheon T-6B Texan II,TEX2,Mil,tar1090-db import,,,,
AE1EAB,08-3942,,BEECHCRAFT T-6 Texan 2,TEX2,Mil,tar1090-db import,,,,
AE1EAC,08-3943,,BEECHCRAFT T-6 Texan 2,TEX2,Mil,tar1090-db import,,,,
AE1EAD,08-3944,,BEECHCRAFT T-6 Texan 2,TEX2,Mil,tar1090-db import,,,,
AE1EAF,166042,,Raytheon T-6B Texan II,TEX2,Mil,tar1090-db import,,,,
AE1EB0,166043,,Raytheon T-6B Texan II,TEX2,Mil,tar1090-db import,,,,
AE1EB3,166046,,Raytheon T-6B Texan II,TEX2,Mil,tar1090-db import,,,,
AE1EB4,166047,,Raytheon T-6B Texan II,TEX2,Mil,tar1090-db import,,,,
AE1EB5,166048,,Raytheon T-6B Texan II,TEX2,Mil,tar1090-db import,,,,
AE1EB6,166049,,Raytheon T-6B Texan II,TEX2,Mil,tar1090-db import,,,,
AE1EB7,166050,,Raytheon T-6B Texan II,TEX2,Mil,tar1090-db import,,,,
AE1EB8,166051,,Raytheon T-6B Texan II,TEX2,Mil,tar1090-db import,,,,
AE1EB9,166052,,Raytheon T-6B Texan II,TEX2,Mil,tar1090-db import,,,,
AE1EBA,166053,,Raytheon T-6B Texan II,TEX2,Mil,tar1090-db import,,,,
AE1EBB,166054,,Raytheon T-6B Texan II,TEX2,Mil,tar1090-db import,,,,
AE1EBC,166055,,Raytheon T-6B Texan II,TEX2,Mil,tar1090-db import,,,,
AE1EBF,166058,,Raytheon T-6B Texan II,TEX2,Mil,tar1090-db import,,,,
AE1EC0,166059,,Raytheon T-6B Texan II,TEX2,Mil,tar1090-db import,,,,
AE1EC1,166060,,Raytheon T-6B Texan II,TEX2,Mil,tar1090-db import,,,,
AE1EC2,166061,,Raytheon T-6B Texan II,TEX2,Mil,tar1090-db import,,,,
AE1EC4,166063,,Raytheon T-6B Texan II,TEX2,Mil,tar1090-db import,,,,
AE1EC6,166065,,Raytheon T-6B Texan II,TEX2,Mil,tar1090-db import,,,,
AE1EC7,166066,,Raytheon T-6B Texan II,TEX2,Mil,tar1090-db import,,,,
AE1EC8,166067,,Raytheon T-6B Texan II,TEX2,Mil,tar1090-db import,,,,
AE1ECA,166069,,Raytheon T-6B Texan II,TEX2,Mil,tar1090-db import,,,,
AE1ECD,166072,,Raytheon T-6B Texan II,TEX2,Mil,tar1090-db import,,,,
AE1ECE,166073,,Raytheon T-6B Texan II,TEX2,Mil,tar1090-db import,,,,
AE1ECF,166074,,Raytheon T-6B Texan II,TEX2,Mil,tar1090-db import,,,,
AE1ED0,166075,,Raytheon T-6B Texan II,TEX2,Mil,tar1090-db import,,,,
AE1ED1,166076,,Raytheon T-6B Texan II,TEX2,Mil,tar1090-db import,,,,
AE1ED3,166078,,Raytheon T-6B Texan II,TEX2,Mil,tar1090-db import,,,,
AE1ED4,166079,,Raytheon T-6B Texan II,TEX2,Mil,tar1090-db import,,,,
AE1ED7,166082,,Raytheon T-6B Texan II,TEX2,Mil,tar1090-db import,,,,
AE1ED8,166083,,Raytheon T-6B Texan II,TEX2,Mil,tar1090-db import,,,,
AE1F1B,07-03770,,BOEING-VERTOL CH-47 Chinook,H47,Mil,tar1090-db import,,,,
AE1F1C,07-03771,,BOEING-VERTOL CH-47 Chinook,H47,Mil,tar1090-db import,,,,
AE1F1D,07-03772,,BOEING-VERTOL CH-47 Chinook,H47,Mil,tar1090-db import,,,,
AE1F1E,07-03773,,BOEING-VERTOL CH-47 Chinook,H47,Mil,tar1090-db import,,,,
AE1F1F,07-03774,,BOEING-VERTOL CH-47 Chinook,H47,Mil,tar1090-db import,,,,
AE1F54,08-72069,,Airbus Helicopters UH-72A Lakota,EC45,Mil,tar1090-db import,,,,
AE1FAC,10-72157,,Airbus Helicopters UH-72A Lakota,EC45,Mil,tar1090-db import,,,,
AE1FFE,12-72239,,Airbus Helicopters UH-72A Lakota,EC45,Mil,tar1090-db import,,,,
AE1FFF,12-72240,,Airbus Helicopters UH-72A Lakota,EC45,Mil,tar1090-db import,,,,
AE2000,12-72241,,Airbus Helicopters UH-72A Lakota,EC45,Mil,tar1090-db import,,,,
AE2001,12-72242,,Airbus Helicopters UH-72A Lakota,EC45,Mil,tar1090-db import,,,,
AE2002,12-72243,,Airbus Helicopters UH-72A Lakota,EC45,Mil,tar1090-db import,,,,
AE2003,12-72244,,Airbus Helicopters UH-72A Lakota,EC45,Mil,tar1090-db import,,,,
AE204A,14-72315,,Airbus Helicopters UH-72A Lakota,EC45,Mil,tar1090-db import,,,,
AE204B,14-72316,,Airbus Helicopters UH-72A Lakota,EC45,Mil,tar1090-db import,,,,
AE204C,14-72317,,Airbus Helicopters UH-72A Lakota,EC45,Mil,tar1090-db import,,,,
AE204D,14-72318,,Airbus Helicopters UH-72A Lakota,EC45,Mil,tar1090-db import,,,,
AE204E,14-72319,,Airbus Helicopters UH-72A Lakota,EC45,Mil,tar1090-db import,,,,
AE2050,14-72321,,Airbus Helicopters UH-72A Lakota,EC45,Mil,tar1090-db import,,,,
AE2052,14-72323,,Airbus Helicopters UH-72A Lakota,EC45,Mil,tar1090-db import,,,,
AE2053,14-72324,,Airbus Helicopters UH-72A Lakota,EC45,Mil,tar1090-db import,,,,
AE2054,14-72325,,Airbus Helicopters UH-72A Lakota,EC45,Mil,tar1090-db import,,,,
AE2057,14-72328,,Airbus Helicopters UH-72A Lakota,EC45,Mil,tar1090-db import,,,,
AE2058,14-72329,,Airbus Helicopters UH-72A Lakota,EC45,Mil,tar1090-db import,,,,
AE2059,14-72330,,Airbus Helicopters UH-72A Lakota,EC45,Mil,tar1090-db import,,,,
AE205D,14-72334,,Airbus Helicopters UH-72A Lakota,EC45,Mil,tar1090-db import,,,,
AE205E,14-72335,,Airbus Helicopters UH-72A Lakota,EC45,Mil,tar1090-db import,,,,
AE205F,14-72336,,Airbus Helicopters UH-72A Lakota,EC45,Mil,tar1090-db import,,,,
AE2060,14-72337,,Airbus Helicopters UH-72A Lakota,EC45,Mil,tar1090-db import,,,,
AE2061,14-72338,,Airbus Helicopters UH-72A Lakota,EC45,Mil,tar1090-db import,,,,
AE2062,14-72339,,Airbus Helicopters UH-72A Lakota,EC45,Mil,tar1090-db import,,,,
AE2063,14-72340,,Airbus Helicopters UH-72A Lakota,EC45,Mil,tar1090-db import,,,,
AE2064,14-72341,,Airbus Helicopters UH-72A Lakota,EC45,Mil,tar1090-db import,,,,
AE2065,14-72342,,Airbus Helicopters UH-72A Lakota,EC45,Mil,tar1090-db import,,,,
AE2066,14-72343,,Airbus Helicopters UH-72A Lakota,EC45,Mil,tar1090-db import,,,,
AE2067,14-72344,,Airbus Helicopters UH-72A Lakota,EC45,Mil,tar1090-db import,,,,
AE2068,14-72345,,Airbus Helicopters UH-72A Lakota,EC45,Mil,tar1090-db import,,,,
AE206F,06-27079,,SIKORSKY UH-60 Black Hawk,H60,Mil,tar1090-db import,,,,
AE2071,06-27085,,SIKORSKY UH-60 Black Hawk,H60,Mil,tar1090-db import,,,,
AE2076,06-27090,,SIKORSKY UH-60 Black Hawk,H60,Mil,tar1090-db import,,,,
AE2080,05-07010,,H64,H64,Mil,tar1090-db import,,,,
AE20BB,74-22352,,BELL UH-1 Huey,UH1,Mil,tar1090-db import,,,,
AE20C0,74-22401,,BELL UH-1 Huey,UH1,Mil,tar1090-db import,,,,
AE20C1,6027,,Sikorsky MH-60T Jayhawk,H60,Mil,tar1090-db import,,,,
AE20D0,166905,,Boeing F/A-18E Super Hornet,F18S,Mil,tar1090-db import,,,,
AE20D1,166906,,F18S,F18S,Mil,tar1090-db import,,,,
AE20D2,166907,,F18S,F18S,Mil,tar1090-db import,,,,
AE20D3,166908,,F18S,F18S,Mil,tar1090-db import,,,,
AE20D4,166909,,F18S,F18S,Mil,tar1090-db import,,,,
AE20D5,166910,,F18S,F18S,Mil,tar1090-db import,,,,
AE20D6,166911,,F18S,F18S,Mil,tar1090-db import,,,,
AE20D7,166912,,F18S,F18S,Mil,tar1090-db import,,,,
AE20D8,166913,,F18S,F18S,Mil,tar1090-db import,,,,
AE20D9,166914,,Boeing F/A-18E Super Hornet,F18S,Mil,tar1090-db import,,,,
AE20DA,166915,,F18S,F18S,Mil,tar1090-db import,,,,
AE20DB,166916,,F18S,F18S,Mil,tar1090-db import,,,,
AE20DC,166917,,F18S,F18S,Mil,tar1090-db import,,,,
AE20DD,166918,,F18S,F18S,Mil,tar1090-db import,,,,
AE20DE,166919,,BOEING FA-18 SUPER HORNET,F18S,Mil,tar1090-db import,,,,
AE20DF,166920,,F18S,F18S,Mil,tar1090-db import,,,,
AE20E0,166921,,F18S,F18S,Mil,tar1090-db import,,,,
AE20E1,166922,,BOEING FA-18 SUPER HORNET,F18S,Mil,tar1090-db import,,,,
AE20E2,166923,,F18S,F18S,Mil,tar1090-db import,,,,
AE20E3,166924,,Boeing F/A-18F Super Hornet,F18S,Mil,tar1090-db import,,,,
AE20E4,166925,,Boeing F/A-18F Super Hornet,F18S,Mil,tar1090-db import,,,,
AE20E5,166926,,F18S,F18S,Mil,tar1090-db import,,,,
AE20E6,166927,,Boeing F/A-18F Super Hornet,F18S,Mil,tar1090-db import,,,,
AE20E7,166928,,F18S,F18S,Mil,tar1090-db import,,,,
AE20E8,166929,,F18S,F18S,Mil,tar1090-db import,,,,
AE20E9,166930,,BOEING FA-18 SUPER HORNET,F18S,Mil,tar1090-db import,,,,
AE20EA,166931,,F18S,F18S,Mil,tar1090-db import,,,,
AE20EB,166932,,F18S,F18S,Mil,tar1090-db import,,,,
AE20EC,166933,,F18S,F18S,Mil,tar1090-db import,,,,
AE20ED,166934,,F18S,F18S,Mil,tar1090-db import,,,,
AE20EE,166935,,Boeing EA-18G Growler,F18S,Mil,tar1090-db import,,,,
AE20EF,166936,,F18S,F18S,Mil,tar1090-db import,,,,
AE20F0,166937,,F18S,F18S,Mil,tar1090-db import,,,,
AE20F1,166938,,F18S,F18S,Mil,tar1090-db import,,,,
AE20F2,166939,,F18S,F18S,Mil,tar1090-db import,,,,
AE20F3,166940,,F18S,F18S,Mil,tar1090-db import,,,,
AE20F4,166941,,F18S,F18S,Mil,tar1090-db import,,,,
AE20F5,166942,,BOEING FA-18 SUPER HORNET,F18S,Mil,tar1090-db import,,,,
AE20FA,166943,,F18S,F18S,Mil,tar1090-db import,,,,
AE20FB,166944,,Boeing EA-18G Growler,F18S,Mil,tar1090-db import,,,,
AE20FC,166945,,F18S,F18S,Mil,tar1090-db import,,,,
AE20FE,166947,,F18S,F18S,Mil,tar1090-db import,,,,
AE20FF,166948,,F18S,F18S,Mil,tar1090-db import,,,,
AE2100,166949,,F18S,F18S,Mil,tar1090-db import,,,,
AE2101,166950,,F18S,F18S,Mil,tar1090-db import,,,,
AE2102,166951,,F18S,F18S,Mil,tar1090-db import,,,,
AE2103,166952,,F18S,F18S,Mil,tar1090-db import,,,,
AE2104,166953,,F18S,F18S,Mil,tar1090-db import,,,,
AE2105,166954,,F18S,F18S,Mil,tar1090-db import,,,,
AE2106,166955,,F18S,F18S,Mil,tar1090-db import,,,,
AE2107,166956,,Boeing F/A-18E Super Hornet,F18S,Mil,tar1090-db import,,,,
AE2108,166957,,BOEING FA-18 SUPER HORNET,F18S,Mil,tar1090-db import,,,,
AE2109,166958,,F18S,F18S,Mil,tar1090-db import,,,,
AE210A,166959,,F18S,F18S,Mil,tar1090-db import,,,,
AE210B,166960,,F18S,F18S,Mil,tar1090-db import,,,,
AE210C,166961,,BOEING FA-18 SUPER HORNET,F18S,Mil,tar1090-db import,,,,
AE210D,166962,,F18S,F18S,Mil,tar1090-db import,,,,
AE210E,166963,,F18S,F18S,Mil,tar1090-db import,,,,
AE2110,166964,,F18S,F18S,Mil,tar1090-db import,,,,
AE2111,166965,,F18S,F18S,Mil,tar1090-db import,,,,
AE2112,166966,,F18S,F18S,Mil,tar1090-db import,,,,
AE2113,166967,,F18S,F18S,Mil,tar1090-db import,,,,
AE2114,166968,,Boeing F/A-18F Super Hornet,F18S,Mil,tar1090-db import,,,,
AE2115,166969,,BOEING FA-18 SUPER HORNET,F18S,Mil,tar1090-db import,,,,
AE2117,166971,,F18S,F18S,Mil,tar1090-db import,,,,
AE2118,166972,,F18S,F18S,Mil,tar1090-db import,,,,
AE211A,166974,,F18S,F18S,Mil,tar1090-db import,,,,
AE211B,166975,,Boeing F/A-18F Super Hornet,F18S,Mil,tar1090-db import,,,,
AE211C,166976,,F18S,F18S,Mil,tar1090-db import,,,,
AE211D,166977,,F18S,F18S,Mil,tar1090-db import,,,,
AE211F,166979,,F18S,F18S,Mil,tar1090-db import,,,,
AE2120,166980,,F18S,F18S,Mil,tar1090-db import,,,,
AE2121,166981,,F18S,F18S,Mil,tar1090-db import,,,,
AE2122,166982,,F18S,F18S,Mil,tar1090-db import,,,,
AE2123,168250,,F18S,F18S,Mil,tar1090-db import,,,,
AE2125,07-27010,,Alenia C-27J Spartan,C27J,Mil,tar1090-db import,,,,
AE2129,03-26986,,SIKORSKY UH-60 Black Hawk,H60,Mil,tar1090-db import,,,,
AE212B,85-24479,,SIKORSKY UH-60 Black Hawk,H60,Mil,tar1090-db import,,,,
AE212E,02-26966,,SIKORSKY UH-60 Black Hawk,H60,Mil,tar1090-db import,,,,
AE2131,03-26991,,SIKORSKY UH-60 Black Hawk,H60,Mil,tar1090-db import,,,,
AE2132,85-24747,,SIKORSKY UH-60 Black Hawk,H60,Mil,tar1090-db import,,,,
AE2134,06-27084,,SIKORSKY UH-60 Black Hawk,H60,Mil,tar1090-db import,,,,
AE2136,06-27086,,SIKORSKY UH-60 Black Hawk,H60,Mil,tar1090-db import,,,,
AE2137,06-27087,,SIKORSKY UH-60 Black Hawk,H60,Mil,tar1090-db import,,,,
AE2138,06-27088,,SIKORSKY UH-60 Black Hawk,H60,Mil,tar1090-db import,,,,
AE213C,00-26857,,SIKORSKY UH-60 Black Hawk,H60,Mil,tar1090-db import,,,,
AE213D,00-26860,,SIKORSKY UH-60 Black Hawk,H60,Mil,tar1090-db import,,,,
AE213E,00-26861,,SIKORSKY UH-60 Black Hawk,H60,Mil,tar1090-db import,,,,
AE2140,89-26148,,SIKORSKY UH-60 Black Hawk,H60,Mil,tar1090-db import,,,,
AE2141,02-26972,,SIKORSKY UH-60 Black Hawk,H60,Mil,tar1090-db import,,,,
AE2144,01-26879,,SIKORSKY UH-60 Black Hawk,H60,Mil,tar1090-db import,,,,
AE2145,01-26880,,SIKORSKY UH-60 Black Hawk,H60,Mil,tar1090-db import,,,,
AE2146,06-27097,,SIKORSKY UH-60 Black Hawk,H60,Mil,tar1090-db import,,,,
AE214C,06-27093,,SIKORSKY UH-60 Black Hawk,H60,Mil,tar1090-db import,,,,
AE214D,94-26569,,H60,H60,Mil,tar1090-db import,,,,
AE2151,04-27011,,SIKORSKY UH-60 Black Hawk,H60,Mil,tar1090-db import,,,,
AE215B,04-27007,,SIKORSKY UH-60 Black Hawk,H60,Mil,tar1090-db import,,,,
AE215D,93-26488,,SIKORSKY UH-60 Black Hawk,H60,Mil,tar1090-db import,,,,
AE215E,04-27010,,SIKORSKY UH-60 Black Hawk,H60,Mil,tar1090-db import,,,,
AE2160,04-27017,,SIKORSKY UH-60 Black Hawk,H60,Mil,tar1090-db import,,,,
AE216A,86-24539,,SIKORSKY UH-60 Black Hawk,H60,Mil,tar1090-db import,,,,
AE216E,01-26878,,SIKORSKY UH-60 Black Hawk,H60,Mil,tar1090-db import,,,,
AE216F,88-26015,,SIKORSKY UH-60 Black Hawk,H60,Mil,tar1090-db import,,,,
AE2170,85-24431,,H60,H60,Mil,tar1090-db import,,,,
AE2178,91-26348,,SIKORSKY UH-60 Black Hawk,H60,Mil,tar1090-db import,,,,
AE21A1,86-24557,,SIKORSKY UH-60 Black Hawk,H60,Mil,tar1090-db import,,,,
AE21B3,05-27041,,H60,H60,Mil,tar1090-db import,,,,
AE21B9,95-26629,,SIKORSKY UH-60 Black Hawk,H60,Mil,tar1090-db import,,,,
AE21BC,85-24481,,SIKORSKY UH-60 Black Hawk,H60,Mil,tar1090-db import,,,,
AE21BD,05-27070,,SIKORSKY UH-60 Black Hawk,H60,Mil,tar1090-db import,,,,
AE21BE,06-27108,,SIKORSKY UH-60 Black Hawk,H60,Mil,tar1090-db import,,,,
AE21C1,78-23013,,SIKORSKY UH-60 Black Hawk,H60,Mil,tar1090-db import,,,,
AE21C5,01-26893,,SIKORSKY UH-60 Black Hawk,H60,Mil,tar1090-db import,,,,
AE21C6,02-26973,,SIKORSKY UH-60 Black Hawk,H60,Mil,tar1090-db import,,,,
AE21C7,02-26974,,SIKORSKY UH-60 Black Hawk,H60,Mil,tar1090-db import,,,,
AE21C8,04-27014,,H60,H60,Mil,tar1090-db import,,,,
AE21C9,05-27043,,SIKORSKY UH-60 Black Hawk,H60,Mil,tar1090-db import,,,,
AE21CA,00-26865,,H60,H60,Mil,tar1090-db import,,,,
AE21CB,06-27074,,SIKORSKY UH-60 Black Hawk,H60,Mil,tar1090-db import,,,,
AE21CC,85-24447,,SIKORSKY UH-60 Black Hawk,H60,Mil,tar1090-db import,,,,
AE21CD,05-27069,,SIKORSKY UH-60 Black Hawk,H60,Mil,tar1090-db import,,,,
AE21CE,88-26023,,SIKORSKY UH-60 Black Hawk,H60,Mil,tar1090-db import,,,,
AE21CF,00-26863,,SIKORSKY UH-60 Black Hawk,H60,Mil,tar1090-db import,,,,
AE21D6,87-24657,,SIKORSKY UH-60 Black Hawk,H60,Mil,tar1090-db import,,,,
AE21D7,03-26993,,SIKORSKY UH-60 Black Hawk,H60,Mil,tar1090-db import,,,,
AE21D8,05-27042,,SIKORSKY UH-60 Black Hawk,H60,Mil,tar1090-db import,,,,
AE21DA,04-27013,,SIKORSKY UH-60 Black Hawk,H60,Mil,tar1090-db import,,,,
AE21DC,83-23662,,SIKORSKY UH-60 Black Hawk,H60,Mil,tar1090-db import,,,,
AE21DD,24473,,SIKORSKY UH-60 Black Hawk,H60,Mil,tar1090-db import,,,,
AE21DE,24662,,SIKORSKY UH-60 Black Hawk,H60,Mil,tar1090-db import,,,,
AE21DF,24670,,SIKORSKY UH-60 Black Hawk,H60,Mil,tar1090-db import,,,,
AE21E0,03-26994,,SIKORSKY UH-60 Black Hawk,H60,Mil,tar1090-db import,,,,
AE21E1,05-27044,,SIKORSKY UH-60 Black Hawk,H60,Mil,tar1090-db import,,,,
AE21E4,89-26125,,H60,H60,Mil,tar1090-db import,,,,
AE21E6,02-26963,,SIKORSKY UH-60 Black Hawk,H60,Mil,tar1090-db import,,,,
AE21E7,84-24022,,SIKORSKY UH-60 Black Hawk,H60,Mil,tar1090-db import,,,,
AE21E8,02-26955,,SIKORSKY UH-60 Black Hawk,H60,Mil,tar1090-db import,,,,
AE21E9,02-26956,,SIKORSKY UH-60 Black Hawk,H60,Mil,tar1090-db import,,,,
AE21EA,02-26957,,SIKORSKY UH-60 Black Hawk,H60,Mil,tar1090-db import,,,,
AE21EB,02-26958,,SIKORSKY UH-60 Black Hawk,H60,Mil,tar1090-db import,,,,
AE21EE,02-26962,,SIKORSKY UH-60 Black Hawk,H60,Mil,tar1090-db import,,,,
AE21EF,03-26980,,SIKORSKY UH-60 Black Hawk,H60,Mil,tar1090-db import,,,,
AE21F0,03-26981,,SIKORSKY UH-60 Black Hawk,H60,Mil,tar1090-db import,,,,
AE21F1,03-26984,,SIKORSKY UH-60 Black Hawk,H60,Mil,tar1090-db import,,,,
AE21F2,03-26985,,SIKORSKY UH-60 Black Hawk,H60,Mil,tar1090-db import,,,,
AE21F3,04-27006,,SIKORSKY UH-60 Black Hawk,H60,Mil,tar1090-db import,,,,
AE21F7,84-24022,,H60,H60,Mil,tar1090-db import,,,,
AE21FC,01-26889,,SIKORSKY UH-60 Black Hawk,H60,Mil,tar1090-db import,,,,
AE2207,04-27012,,SIKORSKY UH-60 Black Hawk,H60,Mil,tar1090-db import,,,,
AE234E,10-09003,,MCDONNELL DOUGLAS AH-64 Apache,H64,Mil,tar1090-db import,,,,
AE2350,11-09023,,MCDONNELL DOUGLAS AH-64 Apache,H64,Mil,tar1090-db import,,,,
AE2353,12-09029,,MCDONNELL DOUGLAS AH-64 Apache,H64,Mil,tar1090-db import,,,,
AE2364,12-09039,,MCDONNELL DOUGLAS AH-64 Apache,H64,Mil,tar1090-db import,,,,
AE2387,12-09031,,MCDONNELL DOUGLAS AH-64 Apache,H64,Mil,tar1090-db import,,,,
AE238C,10-09005,,MCDONNELL DOUGLAS AH-64 Apache,H64,Mil,tar1090-db import,,,,
AE2391,12-09028,,MCDONNELL DOUGLAS AH-64 Apache,H64,Mil,tar1090-db import,,,,
AE2398,11-09009,,MCDONNELL DOUGLAS AH-64 Apache,H64,Mil,tar1090-db import,,,,
AE2399,10-09007,,MCDONNELL DOUGLAS AH-64 Apache,H64,Mil,tar1090-db import,,,,
AE239D,12-09041,,MCDONNELL DOUGLAS AH-64 Apache,H64,Mil,tar1090-db import,,,,
AE239F,17-03118,,H64,H64,Mil,tar1090-db import,,,,
AE23A0,10-09001,,MCDONNELL DOUGLAS AH-64 Apache,H64,Mil,tar1090-db import,,,,
AE23A2,10-09003,,H64,H64,Mil,tar1090-db import,,,,
AE23A3,10-09002,,MCDONNELL DOUGLAS AH-64 Apache,H64,Mil,tar1090-db import,,,,
AE23A4,12-09030,,MCDONNELL DOUGLAS AH-64 Apache,H64,Mil,tar1090-db import,,,,
AE23A5,10-09006,,H64,H64,Mil,tar1090-db import,,,,
AE23A6,10-09007,,H64,H64,Mil,tar1090-db import,,,,
AE23A7,10-09008,,H64,H64,Mil,tar1090-db import,,,,
AE23A8,11-09009,,H64,H64,Mil,tar1090-db import,,,,
AE23A9,11-09010,,H64,H64,Mil,tar1090-db import,,,,
AE23AA,10-09006,,MCDONNELL DOUGLAS AH-64 Apache,H64,Mil,tar1090-db import,,,,
AE23AB,11-09012,,MCDONNELL DOUGLAS AH-64 Apache,H64,Mil,tar1090-db import,,,,
AE23AC,11-09013,,H64,H64,Mil,tar1090-db import,,,,
AE23AD,11-09014,,H64,H64,Mil,tar1090-db import,,,,
AE23AE,11-09015,,H64,H64,Mil,tar1090-db import,,,,
AE23AF,11-09016,,H64,H64,Mil,tar1090-db import,,,,
AE23BD,05-07003,,MCDONNELL DOUGLAS AH-64 Apache,H64,Mil,tar1090-db import,,,,
AE23E1,07-05528,,MCDONNELL DOUGLAS AH-64 Apache,H64,Mil,tar1090-db import,,,,
AE23F0,08-05542,,H64,H64,Mil,tar1090-db import,,,,
AE2480,08-05555,,H64,H64,Mil,tar1090-db import,,,,
AE2481,06-07020,,H64,H64,Mil,tar1090-db import,,,,
AE2483,08-05557,,H64,H64,Mil,tar1090-db import,,,,
AE2484,08-05558,,H64,H64,Mil,tar1090-db import,,,,
AE2485,06-07021,,H64,H64,Mil,tar1090-db import,,,,
AE2486,08-05559,,MCDONNELL DOUGLAS AH-64 Apache,H64,Mil,tar1090-db import,,,,
AE24A5,07-07035,,MCDONNELL DOUGLAS AH-64 Apache,H64,Mil,tar1090-db import,,,,
AE24A8,09-05609,,MCDONNELL DOUGLAS AH-64 Apache,H64,Mil,tar1090-db import,,,,
AE24C5,09-05596,,Boeing AH-64D Apache,H64,Mil,tar1090-db import,,,,
AE24C6,09-05597,,H64,H64,Mil,tar1090-db import,,,,
AE24C7,09-05598,,Boeing AH-64D Apache,H64,Mil,tar1090-db import,,,,
AE24E0,10-05620,,H64,H64,Mil,tar1090-db import,,,,
AE2541,10-0109,,SR20,SR20,Mil,tar1090-db import,,,,
AE2600,166307,,SIKORSKY UH-60 Black Hawk,H60,Mil,tar1090-db import,,,,
AE2602,166353,,H60,H60,Mil,tar1090-db import,,,,
AE2604,166361,,SIKORSKY UH-60 Black Hawk,H60,Mil,tar1090-db import,,,,
AE2605,166366,,SIKORSKY UH-60 Black Hawk,H60,Mil,tar1090-db import,,,,
AE2606,166341,,SIKORSKY UH-60 Black Hawk,H60,Mil,tar1090-db import,,,,
AE264B,73-1215,,BE20,BE20,Mil,tar1090-db import,,,,
AE264F,73-1215,,BEECH 200 Super King Air,BE20,Mil,tar1090-db import,,,,
AE2650,76-0158,,BEECH 200 Super King Air,BE20,Mil,tar1090-db import,,,,
AE2655,08-03776,,BOEING-VERTOL CH-47 Chinook,H47,Mil,tar1090-db import,,,,
AE2656,08-03777,,BOEING-VERTOL CH-47 Chinook,H47,Mil,tar1090-db import,,,,
AE2657,08-03778,,BOEING-VERTOL CH-47 Chinook,H47,Mil,tar1090-db import,,,,
AE2658,08-03779,,BOEING-VERTOL CH-47 Chinook,H47,Mil,tar1090-db import,,,,
AE2659,08-03780,,BOEING-VERTOL CH-47 Chinook,H47,Mil,tar1090-db import,,,,
AE26C4,88-0413,,General Dynamics F-16C Fighting Falcon,F16,Mil,tar1090-db import,,,,
AE26C7,88-0541,,General Dynamics F-16C Fighting Falcon,F16,Mil,tar1090-db import,,,,
AE26C9,89-2011,,General Dynamics F-16C Fighting Falcon,F16,Mil,tar1090-db import,,,,
AE26CA,89-2026,,General Dynamics F-16C Fighting Falcon,F16,Mil,tar1090-db import,,,,
AE26CB,89-2047,,GENERAL DYNAMICS F-16 Fighting Falcon,F16,Mil,tar1090-db import,,,,
AE26CC,89-2046,,GENERAL DYNAMICS F-16 Fighting Falcon,F16,Mil,tar1090-db import,,,,
AE26D1,88-0443,,General Dynamics F-16C Fighting Falcon,F16,Mil,tar1090-db import,,,,
AE26D6,89-2018,,General Dynamics F-16C Fighting Falcon,F16,Mil,tar1090-db import,,,,
AE26D8,89-2030,,General Dynamics F-16C Fighting Falcon,F16,Mil,tar1090-db import,,,,
AE26D9,89-2057,,General Dynamics F-16C Fighting Falcon,F16,Mil,tar1090-db import,,,,
AE26DA,89-2102,,General Dynamics F-16C Fighting Falcon,F16,Mil,tar1090-db import,,,,
AE26DB,89-2137,,GENERAL DYNAMICS F-16 Fighting Falcon,F16,Mil,tar1090-db import,,,,
AE26E0,88-0435,,GENERAL DYNAMICS F-16 Fighting Falcon,F16,Mil,tar1090-db import,,,,
AE26E2,90-0773,,GENERAL DYNAMICS F-16 Fighting Falcon,F16,Mil,tar1090-db import,,,,
AE26E3,89-2001,,GENERAL DYNAMICS F-16 Fighting Falcon,F16,Mil,tar1090-db import,,,,
AE26EC,88-0532,,F16,F16,Mil,tar1090-db import,,,,
AE26ED,90-0772,,GENERAL DYNAMICS F-16 Fighting Falcon,F16,Mil,tar1090-db import,,,,
AE26EE,88-0532,,GENERAL DYNAMICS F-16 Fighting Falcon,F16,Mil,tar1090-db import,,,,
AE26F1,89-2044,,GENERAL DYNAMICS F-16 Fighting Falcon,F16,Mil,tar1090-db import,,,,
AE26F3,88-0446,,GENERAL DYNAMICS F-16 Fighting Falcon,F16,Mil,tar1090-db import,,,,
AE2735,KC-3801,,C30J,C30J,Mil,tar1090-db import,,,,
AE2736,KC-3802,,C30J,C30J,Mil,tar1090-db import,,,,
AE2738,KC-3804,,C30J,C30J,Mil,tar1090-db import,,,,
AE2739,KC-3805,,C30J,C30J,Mil,tar1090-db import,,,,
AE273A,KC-3806,,C30J,C30J,Mil,tar1090-db import,,,,
AE273B,165742,,H60,H60,Mil,tar1090-db import,,,,
AE273E,165745,,H60,H60,Mil,tar1090-db import,,,,
AE2740,165747,,H60,H60,Mil,tar1090-db import,,,,
AE2741,165748,,Sikorsky MH-60S Seahawk,H60,Mil,tar1090-db import,,,,
AE2742,165749,,Sikorsky MH-60S Seahawk,H60,Mil,tar1090-db import,,,,
AE2744,165751,,H60,H60,Mil,tar1090-db import,,,,
AE2745,165752,,H60,H60,Mil,tar1090-db import,,,,
AE2746,165753,,SIKORSKY UH-60 Black Hawk,H60,Mil,tar1090-db import,,,,
AE2748,165755,,H60,H60,Mil,tar1090-db import,,,,
AE2749,165756,,H60,H60,Mil,tar1090-db import,,,,
AE274A,165757,,H60,H60,Mil,tar1090-db import,,,,
AE274B,165759,,SIKORSKY UH-60 Black Hawk,H60,Mil,tar1090-db import,,,,
AE274C,165759,,H60,H60,Mil,tar1090-db import,,,,
AE274D,165761,,H60,H60,Mil,tar1090-db import,,,,
AE274E,165762,,SIKORSKY UH-60 Black Hawk,H60,Mil,tar1090-db import,,,,
AE274F,165763,,SIKORSKY UH-60 Black Hawk,H60,Mil,tar1090-db import,,,,
AE2750,165764,,SIKORSKY UH-60 Black Hawk,H60,Mil,tar1090-db import,,,,
AE2751,165765,,SIKORSKY UH-60 Black Hawk,H60,Mil,tar1090-db import,,,,
AE2752,165766,,H60,H60,Mil,tar1090-db import,,,,
AE2753,165767,,SIKORSKY UH-60 Black Hawk,H60,Mil,tar1090-db import,,,,
AE2754,165768,,H60,H60,Mil,tar1090-db import,,,,
AE2755,165769,,H60,H60,Mil,tar1090-db import,,,,
AE2756,165770,,SIKORSKY UH-60 Black Hawk,H60,Mil,tar1090-db import,,,,
AE2757,165771,,H60,H60,Mil,tar1090-db import,,,,
AE2758,165772,,H60,H60,Mil,tar1090-db import,,,,
AE2759,165774,,H60,H60,Mil,tar1090-db import,,,,
AE275A,165775,,SIKORSKY UH-60 Black Hawk,H60,Mil,tar1090-db import,,,,
AE275B,165776,,SIKORSKY UH-60 Black Hawk,H60,Mil,tar1090-db import,,,,
AE275C,165777,,SIKORSKY UH-60 Black Hawk,H60,Mil,tar1090-db import,,,,
AE275D,165778,,SIKORSKY UH-60 Black Hawk,H60,Mil,tar1090-db import,,,,
AE275E,166289,,SIKORSKY UH-60 Black Hawk,H60,Mil,tar1090-db import,,,,
AE275F,166290,,SIKORSKY UH-60 Black Hawk,H60,Mil,tar1090-db import,,,,
AE2760,166291,,SIKORSKY UH-60 Black Hawk,H60,Mil,tar1090-db import,,,,
AE2761,166292,,SIKORSKY UH-60 Black Hawk,H60,Mil,tar1090-db import,,,,
AE2762,166293,,SIKORSKY UH-60 Black Hawk,H60,Mil,tar1090-db import,,,,
AE2763,166294,,SIKORSKY UH-60 Black Hawk,H60,Mil,tar1090-db import,,,,
AE2764,166295,,SIKORSKY UH-60 Black Hawk,H60,Mil,tar1090-db import,,,,
AE2765,166296,,H60,H60,Mil,tar1090-db import,,,,
AE2766,166297,,H60,H60,Mil,tar1090-db import,,,,
AE2767,166298,,SIKORSKY UH-60 Black Hawk,H60,Mil,tar1090-db import,,,,
AE2768,166299,,Sikorsky MH-60S Seahawk,H60,Mil,tar1090-db import,,,,
AE2769,166300,,H60,H60,Mil,tar1090-db import,,,,
AE276D,166304,,H60,H60,Mil,tar1090-db import,,,,
AE276E,166305,,H60,H60,Mil,tar1090-db import,,,,
AE276F,166306,,SIKORSKY UH-60 Black Hawk,H60,Mil,tar1090-db import,,,,
AE2770,166308,,SIKORSKY UH-60 Black Hawk,H60,Mil,tar1090-db import,,,,
AE2771,166309,,SIKORSKY UH-60 Black Hawk,H60,Mil,tar1090-db import,,,,
AE2772,166311,,SIKORSKY UH-60 Black Hawk,H60,Mil,tar1090-db import,,,,
AE2773,166312,,H60,H60,Mil,tar1090-db import,,,,
AE2774,166313,,SIKORSKY UH-60 Black Hawk,H60,Mil,tar1090-db import,,,,
AE2775,166314,,SIKORSKY UH-60 Black Hawk,H60,Mil,tar1090-db import,,,,
AE2776,166315,,SIKORSKY UH-60 Black Hawk,H60,Mil,tar1090-db import,,,,
AE2777,166316,,SIKORSKY UH-60 Black Hawk,H60,Mil,tar1090-db import,,,,
AE2778,166317,,Sikorsky MH-60S Seahawk,H60,Mil,tar1090-db import,,,,
AE2779,166318,,SIKORSKY UH-60 Black Hawk,H60,Mil,tar1090-db import,,,,
AE277A,166319,,SIKORSKY UH-60 Black Hawk,H60,Mil,tar1090-db import,,,,
AE277B,166320,,H60,H60,Mil,tar1090-db import,,,,
AE277C,166321,,H60,H60,Mil,tar1090-db import,,,,
AE277D,166322,,SIKORSKY UH-60 Black Hawk,H60,Mil,tar1090-db import,,,,
AE277E,166323,,SIKORSKY UH-60 Black Hawk,H60,Mil,tar1090-db import,,,,
AE277F,166324,,H60,H60,Mil,tar1090-db import,,,,
AE2780,166325,,H60,H60,Mil,tar1090-db import,,,,
AE2781,166326,,H60,H60,Mil,tar1090-db import,,,,
AE2782,166327,,H60,H60,Mil,tar1090-db import,,,,
AE2783,166328,,SIKORSKY UH-60 Black Hawk,H60,Mil,tar1090-db import,,,,
AE2784,166329,,SIKORSKY UH-60 Black Hawk,H60,Mil,tar1090-db import,,,,
AE2785,166330,,H60,H60,Mil,tar1090-db import,,,,
AE2786,166331,,SIKORSKY UH-60 Black Hawk,H60,Mil,tar1090-db import,,,,
AE2787,166332,,SIKORSKY UH-60 Black Hawk,H60,Mil,tar1090-db import,,,,
AE2788,166333,,H60,H60,Mil,tar1090-db import,,,,
AE2789,166334,,H60,H60,Mil,tar1090-db import,,,,
AE278A,166338,,H60,H60,Mil,tar1090-db import,,,,
AE278B,166339,,SIKORSKY UH-60 Black Hawk,H60,Mil,tar1090-db import,,,,
AE278C,166340,,SIKORSKY UH-60 Black Hawk,H60,Mil,tar1090-db import,,,,
AE278D,166342,,H60,H60,Mil,tar1090-db import,,,,
AE278E,166343,,SIKORSKY UH-60 Black Hawk,H60,Mil,tar1090-db import,,,,
AE278F,166344,,H60,H60,Mil,tar1090-db import,,,,
AE2790,166345,,H60,H60,Mil,tar1090-db import,,,,
AE2791,166346,,SIKORSKY UH-60 Black Hawk,H60,Mil,tar1090-db import,,,,
AE2792,166347,,SIKORSKY UH-60 Black Hawk,H60,Mil,tar1090-db import,,,,
AE2793,166348,,SIKORSKY UH-60 Black Hawk,H60,Mil,tar1090-db import,,,,
AE2794,166349,,SIKORSKY UH-60 Black Hawk,H60,Mil,tar1090-db import,,,,
AE2795,166351,,SIKORSKY UH-60 Black Hawk,H60,Mil,tar1090-db import,,,,
AE2796,166352,,SIKORSKY UH-60 Black Hawk,H60,Mil,tar1090-db import,,,,
AE2797,166354,,SIKORSKY UH-60 Black Hawk,H60,Mil,tar1090-db import,,,,
AE2798,166355,,SIKORSKY UH-60 Black Hawk,H60,Mil,tar1090-db import,,,,
AE2799,166356,,H60,H60,Mil,tar1090-db import,,,,
AE279A,166357,,H60,H60,Mil,tar1090-db import,,,,
AE279B,166358,,H60,H60,Mil,tar1090-db import,,,,
AE279C,166359,,SIKORSKY UH-60 Black Hawk,H60,Mil,tar1090-db import,,,,
AE279D,166360,,H60,H60,Mil,tar1090-db import,,,,
AE279E,167878,,H60,H60,Mil,tar1090-db import,,,,
AE27A0,166364,,SIKORSKY UH-60 Black Hawk,H60,Mil,tar1090-db import,,,,
AE27A1,166365,,H60,H60,Mil,tar1090-db import,,,,
AE27A2,166367,,SIKORSKY UH-60 Black Hawk,H60,Mil,tar1090-db import,,,,
AE27A3,166368,,H60,H60,Mil,tar1090-db import,,,,
AE27A4,166369,,SIKORSKY UH-60 Black Hawk,H60,Mil,tar1090-db import,,,,
AE27A5,166370,,SIKORSKY UH-60 Black Hawk,H60,Mil,tar1090-db import,,,,
AE2904,6020,,Sikorsky MH-60T Jayhawk,H60,Mil,tar1090-db import,,,,
AE291F,08-0336,,BEECH 200 Super King Air,BE20,Mil,tar1090-db import,,,,
AE2BC0,166718,,V22,V22,Mil,tar1090-db import,,,,
AE2BC1,166719,,V22,V22,Mil,tar1090-db import,,,,
AE2BC2,166720,,V22,V22,Mil,tar1090-db import,,,,
AE2BC3,166721,,V22,V22,Mil,tar1090-db import,,,,
AE2BC4,166722,,V22,V22,Mil,tar1090-db import,,,,
AE2BC6,166724,,V22,V22,Mil,tar1090-db import,,,,
AE2BC7,166725,,V22,V22,Mil,tar1090-db import,,,,
AE2BC8,166726,,V22,V22,Mil,tar1090-db import,,,,
AE2BC9,166731,,V22,V22,Mil,tar1090-db import,,,,
AE2BCA,166732,,V22,V22,Mil,tar1090-db import,,,,
AE2BCB,166733,,V22,V22,Mil,tar1090-db import,,,,
AE2BCC,166734,,V22,V22,Mil,tar1090-db import,,,,
AE2BCE,166736,,BELL-BOEING V-22 Osprey,V22,Mil,tar1090-db import,,,,
AE2BCF,166737,,V22,V22,Mil,tar1090-db import,,,,
AE2BD0,166738,,V22,V22,Mil,tar1090-db import,,,,
AE2BD1,166739,,V22,V22,Mil,tar1090-db import,,,,
AE2BD3,167848,,SIKORSKY UH-60 Black Hawk,H60,Mil,tar1090-db import,,,,
AE2BD4,167849,,SIKORSKY UH-60 Black Hawk,H60,Mil,tar1090-db import,,,,
AE2BD5,167850,,H60,H60,Mil,tar1090-db import,,,,
AE2BD6,167851,,SIKORSKY UH-60 Black Hawk,H60,Mil,tar1090-db import,,,,
AE2BD7,167852,,SIKORSKY UH-60 Black Hawk,H60,Mil,tar1090-db import,,,,
AE2BD8,167853,,SIKORSKY UH-60 Black Hawk,H60,Mil,tar1090-db import,,,,
AE2BD9,167854,,SIKORSKY UH-60 Black Hawk,H60,Mil,tar1090-db import,,,,
AE2BDA,167855,,SIKORSKY UH-60 Black Hawk,H60,Mil,tar1090-db import,,,,
AE2BDB,167856,,H60,H60,Mil,tar1090-db import,,,,
AE2BDC,167857,,SIKORSKY UH-60 Black Hawk,H60,Mil,tar1090-db import,,,,
AE2BDD,167858,,H60,H60,Mil,tar1090-db import,,,,
AE2BDE,167859,,H60,H60,Mil,tar1090-db import,,,,
AE2BDF,167860,,H60,H60,Mil,tar1090-db import,,,,
AE2BE0,167861,,SIKORSKY UH-60 Black Hawk,H60,Mil,tar1090-db import,,,,
AE2BE1,167862,,SIKORSKY UH-60 Black Hawk,H60,Mil,tar1090-db import,,,,
AE2BE3,167864,,SIKORSKY UH-60 Black Hawk,H60,Mil,tar1090-db import,,,,
AE2BE4,167865,,SIKORSKY UH-60 Black Hawk,H60,Mil,tar1090-db import,,,,
AE2BE5,166562,,SIKORSKY UH-60 Black Hawk,H60,Mil,tar1090-db import,,,,
AE2BE6,166563,,SIKORSKY UH-60 Black Hawk,H60,Mil,tar1090-db import,,,,
AE2BE7,166564,,SIKORSKY UH-60 Black Hawk,H60,Mil,tar1090-db import,,,,
AE2BE8,166565,,SIKORSKY UH-60 Black Hawk,H60,Mil,tar1090-db import,,,,
AE2BE9,166566,,SIKORSKY UH-60 Black Hawk,H60,Mil,tar1090-db import,,,,
AE2BEA,166567,,SIKORSKY UH-60 Black Hawk,H60,Mil,tar1090-db import,,,,
AE2BEB,166568,,SIKORSKY UH-60 Black Hawk,H60,Mil,tar1090-db import,,,,
AE2BEC,166569,,SIKORSKY UH-60 Black Hawk,H60,Mil,tar1090-db import,,,,
AE2BED,166570,,SIKORSKY UH-60 Black Hawk,H60,Mil,tar1090-db import,,,,
AE2BEE,166571,,SIKORSKY UH-60 Black Hawk,H60,Mil,tar1090-db import,,,,
AE2BF0,166573,,SIKORSKY UH-60 Black Hawk,H60,Mil,tar1090-db import,,,,
AE2BF1,166574,,SIKORSKY UH-60 Black Hawk,H60,Mil,tar1090-db import,,,,
AE2BF3,166576,,SIKORSKY UH-60 Black Hawk,H60,Mil,tar1090-db import,,,,
AE2BF4,166577,,SIKORSKY UH-60 Black Hawk,H60,Mil,tar1090-db import,,,,
AE2BF6,166579,,SIKORSKY UH-60 Black Hawk,H60,Mil,tar1090-db import,,,,
AE2BF8,166581,,SIKORSKY UH-60 Black Hawk,H60,Mil,tar1090-db import,,,,
AE2BF9,166582,,SIKORSKY UH-60 Black Hawk,H60,Mil,tar1090-db import,,,,
AE2BFA,166583,,SIKORSKY UH-60 Black Hawk,H60,Mil,tar1090-db import,,,,
AE2BFB,166584,,SIKORSKY UH-60 Black Hawk,H60,Mil,tar1090-db import,,,,
AE2BFC,166585,,SIKORSKY UH-60 Black Hawk,H60,Mil,tar1090-db import,,,,
AE2BFD,166586,,SIKORSKY UH-60 Black Hawk,H60,Mil,tar1090-db import,,,,
AE2BFF,166588,,SIKORSKY UH-60 Black Hawk,H60,Mil,tar1090-db import,,,,
AE2C00,166589,,SIKORSKY UH-60 Black Hawk,H60,Mil,tar1090-db import,,,,
AE2C3B,168247,,Airbus Helicopters UH-72A Lakota,EC45,Mil,tar1090-db import,,,,
AE2C3C,168248,,Airbus Helicopters UH-72A Lakota,EC45,Mil,tar1090-db import,,,,
AE2C3D,168249,,Airbus Helicopters UH-72A Lakota,EC45,Mil,tar1090-db import,,,,
AE2ED2,166085,,Raytheon T-6B Texan II,TEX2,Mil,tar1090-db import,,,,
AE2ED3,166086,,Raytheon T-6B Texan II,TEX2,Mil,tar1090-db import,,,,
AE2ED4,166087,,Raytheon T-6B Texan II,TEX2,Mil,tar1090-db import,,,,
AE2ED5,166088,,Raytheon T-6B Texan II,TEX2,Mil,tar1090-db import,,,,
AE2ED6,166089,,Raytheon T-6B Texan II,TEX2,Mil,tar1090-db import,,,,
AE2ED7,166090,,Raytheon T-6B Texan II,TEX2,Mil,tar1090-db import,,,,
AE2ED9,166092,,Raytheon T-6B Texan II,TEX2,Mil,tar1090-db import,,,,
AE2EDA,166093,,Raytheon T-6B Texan II,TEX2,Mil,tar1090-db import,,,,
AE2EDE,166097,,Raytheon T-6B Texan II,TEX2,Mil,tar1090-db import,,,,
AE2EDF,166098,,Raytheon T-6B Texan II,TEX2,Mil,tar1090-db import,,,,
AE2EE1,166100,,Raytheon T-6B Texan II,TEX2,Mil,tar1090-db import,,,,
AE2EE3,166102,,Raytheon T-6B Texan II,TEX2,Mil,tar1090-db import,,,,
AE2EE4,166103,,Raytheon T-6B Texan II,TEX2,Mil,tar1090-db import,,,,
AE2EE6,166105,,Raytheon T-6B Texan II,TEX2,Mil,tar1090-db import,,,,
AE2EE8,166107,,Raytheon T-6B Texan II,TEX2,Mil,tar1090-db import,,,,
AE2EEA,166109,,Raytheon T-6B Texan II,TEX2,Mil,tar1090-db import,,,,
AE2EEB,166110,,Raytheon T-6B Texan II,TEX2,Mil,tar1090-db import,,,,
AE2EEC,166111,,Raytheon T-6B Texan II,TEX2,Mil,tar1090-db import,,,,
AE2EED,166112,,Raytheon T-6B Texan II,TEX2,Mil,tar1090-db import,,,,
AE2EEE,166113,,Raytheon T-6B Texan II,TEX2,Mil,tar1090-db import,,,,
AE2EF0,166115,,Raytheon T-6B Texan II,TEX2,Mil,tar1090-db import,,,,
AE2EF1,166116,,Raytheon T-6B Texan II,TEX2,Mil,tar1090-db import,,,,
AE2EF2,166117,,Raytheon T-6B Texan II,TEX2,Mil,tar1090-db import,,,,
AE2EF3,166118,,Raytheon T-6B Texan II,TEX2,Mil,tar1090-db import,,,,
AE2EF4,166119,,Raytheon T-6B Texan II,TEX2,Mil,tar1090-db import,,,,
AE2EF5,166120,,Raytheon T-6B Texan II,TEX2,Mil,tar1090-db import,,,,
AE2EF6,166121,,Raytheon T-6B Texan II,TEX2,Mil,tar1090-db import,,,,
AE2EF7,166122,,Raytheon T-6B Texan II,TEX2,Mil,tar1090-db import,,,,
AE2EF8,166123,,Raytheon T-6B Texan II,TEX2,Mil,tar1090-db import,,,,
AE2EF9,166124,,Raytheon T-6B Texan II,TEX2,Mil,tar1090-db import,,,,
AE2EFB,166126,,Raytheon T-6B Texan II,TEX2,Mil,tar1090-db import,,,,
AE2EFC,166127,,Raytheon T-6B Texan II,TEX2,Mil,tar1090-db import,,,,
AE2F0C,168251,,F18S,F18S,Mil,tar1090-db import,,,,
AE2F0D,168252,,F18S,F18S,Mil,tar1090-db import,,,,
AE2F0E,168253,,F18S,F18S,Mil,tar1090-db import,,,,
AE2F0F,168254,,F18S,F18S,Mil,tar1090-db import,,,,
AE2F10,168255,,BOEING FA-18 SUPER HORNET,F18S,Mil,tar1090-db import,,,,
AE2F11,168256,,BOEING FA-18 SUPER HORNET,F18S,Mil,tar1090-db import,,,,
AE2F12,168257,,F18S,F18S,Mil,tar1090-db import,,,,
AE2F13,168258,,Boeing EA-18G Growler,F18S,Mil,tar1090-db import,,,,
AE2F14,168259,,F18S,F18S,Mil,tar1090-db import,,,,
AE2F15,168260,,F18S,F18S,Mil,tar1090-db import,,,,
AE2F16,168261,,F18S,F18S,Mil,tar1090-db import,,,,
AE2F17,168262,,F18S,F18S,Mil,tar1090-db import,,,,
AE2F1A,168265,,Boeing EA-18G Growler,F18S,Mil,tar1090-db import,,,,
AE2F1B,168266,,F18S,F18S,Mil,tar1090-db import,,,,
AE2F1C,168267,,F18S,F18S,Mil,tar1090-db import,,,,
AE2F1D,168268,,F18S,F18S,Mil,tar1090-db import,,,,
AE2F1E,168269,,F18S,F18S,Mil,tar1090-db import,,,,
AE2F1F,168270,,F18S,F18S,Mil,tar1090-db import,,,,
AE2F20,168271,,F18S,F18S,Mil,tar1090-db import,,,,
AE2F21,168272,,F18S,F18S,Mil,tar1090-db import,,,,
AE2F22,168273,,F18S,F18S,Mil,tar1090-db import,,,,
AE2F23,168274,,Boeing EA-18G Growler,F18S,Mil,tar1090-db import,,,,
AE2FD9,98-02000,,H47,H47,Mil,tar1090-db import,,,,
AE313D,00-26860,,H60,H60,Mil,tar1090-db import,,,,
AE32FF,23-14558,,SIKORSKY UH-60 Black Hawk,H60,Mil,tar1090-db import,,,,
AE3300,25-21320,,SIKORSKY UH-60 Black Hawk,H60,Mil,tar1090-db import,,,,
AE3305,170780,,BEECH 200 Super King Air,BE20,Mil,tar1090-db import,,,,
AE3306,24-03537,,MCDONNELL DOUGLAS AH-64 Apache,H64,Mil,tar1090-db import,,,,
AE330A,22-46105,,BOEING 767-200,B762,Mil,tar1090-db import,,,,
AE3333,23-14548,,SIKORSKY UH-60 Black Hawk,H60,Mil,tar1090-db import,,,,
AE3334,170768,,BE20,BE20,Mil,tar1090-db import,,,,
AE3338,21-0015,,F15,F15,Mil,tar1090-db import,,,,
AE33DF,05-27071,,H60,H60,Mil,tar1090-db import,,,,
AE3403,24-21294,,SIKORSKY UH-60 Black Hawk,H60,Mil,tar1090-db import,,,,
AE3404,169879,,E2,E2,Mil,tar1090-db import,,,,
AE3406,18-20978,,SIKORSKY UH-60 Black Hawk,H60,Mil,tar1090-db import,,,,
AE3408,22-03466,,MCDONNELL DOUGLAS AH-64 Apache,H64,Mil,tar1090-db import,,,,
AE3409,21-14522,,SIKORSKY UH-60 Black Hawk,H60,Mil,tar1090-db import,,,,
AE340A,22-14532,,SIKORSKY UH-60 Black Hawk,H60,Mil,tar1090-db import,,,,
AE34BD,90-26302,,SIKORSKY UH-60 Black Hawk,H60,Mil,tar1090-db import,,,,
AE34BF,22-03467,,MCDONNELL DOUGLAS AH-64 Apache,H64,Mil,tar1090-db import,,,,
AE36F6,19-02914,,H47,H47,Mil,tar1090-db import,,,,
AE3939,74-22311,,UH1,UH1,Mil,tar1090-db import,,,,
AE3C3C,168248,,EC45,EC45,Mil,tar1090-db import,,,,
AE3FDF,05-27071,,SIKORSKY UH-60 Black Hawk,H60,Mil,tar1090-db import,,,,
AE4039,23-14562,,SIKORSKY UH-60 Black Hawk,H60,Mil,tar1090-db import,,,,
AE403D,25-21324,,SIKORSKY UH-60 Black Hawk,H60,Mil,tar1090-db import,,,,
AE403E,23-0012,,AIR TRACTOR AT-802,AT8T,Mil,tar1090-db import,,,,
AE4043,24-03541,,MCDONNELL DOUGLAS AH-64 Apache,H64,Mil,tar1090-db import,,,,
AE4066,24-03531,,MCDONNELL DOUGLAS AH-64 Apache,H64,Mil,tar1090-db import,,,,
AE406C,170331,,BOEING FA-18 SUPER HORNET,F18S,Mil,tar1090-db import,,,,
AE4071,22-1017,,A139,A139,Mil,tar1090-db import,,,,
AE40BC,98-26815,,H60,H60,Mil,tar1090-db import,,,,
AE412A,24-21295,,SIKORSKY UH-60 Black Hawk,H60,Mil,tar1090-db import,,,,
AE412B,18-20979,,SIKORSKY UH-60 Black Hawk,H60,Mil,tar1090-db import,,,,
AE412C,95-26646,,SIKORSKY UH-60 Black Hawk,H60,Mil,tar1090-db import,,,,
AE412E,22-03468,,MCDONNELL DOUGLAS AH-64 Apache,H64,Mil,tar1090-db import,,,,
AE4130,24-21285,,SIKORSKY UH-60 Black Hawk,H60,Mil,tar1090-db import,,,,
AE414F,22-03469,,MCDONNELL DOUGLAS AH-64 Apache,H64,Mil,tar1090-db import,,,,
AE43C2,24-03553,,MCDONNELL DOUGLAS AH-64 Apache,H64,Mil,tar1090-db import,,,,
AE43C9,23-46121,,B762,B762,Mil,tar1090-db import,,,,
AE43DE,170343,,BOEING FA-18 SUPER HORNET,F18S,Mil,tar1090-db import,,,,
AE4405,08-0049,,BELL-BOEING V-22 Osprey,V22,Mil,tar1090-db import,,,,
AE4499,00-26871,,SIKORSKY UH-60 Black Hawk,H60,Mil,tar1090-db import,,,,
AE449B,22-03470,,MCDONNELL DOUGLAS AH-64 Apache,H64,Mil,tar1090-db import,,,,
AE44E8,24-0019,,AT8T,AT8T,Mil,tar1090-db import,,,,
AE44ED,25-21331,,SIKORSKY UH-60 Black Hawk,H60,Mil,tar1090-db import,,,,
AE44F2,24-03548,,MCDONNELL DOUGLAS AH-64 Apache,H64,Mil,tar1090-db import,,,,
AE44F7,19-02915,,H47,H47,Mil,tar1090-db import,,,,
AE44FF,23-46116,,B762,B762,Mil,tar1090-db import,,,,
AE454A,6069,,SIKORSKY UH-60 Black Hawk,H60,Mil,tar1090-db import,,,,
AE45C3,22-03471,,MCDONNELL DOUGLAS AH-64 Apache,H64,Mil,tar1090-db import,,,,
AE472F,07-20050,,H60,H60,Mil,tar1090-db import,,,,
AE4789,07-20037,,SIKORSKY UH-60 Black Hawk,H60,Mil,tar1090-db import,,,,
AE478B,07-20039,,SIKORSKY UH-60 Black Hawk,H60,Mil,tar1090-db import,,,,
AE478C,07-20040,,SIKORSKY UH-60 Black Hawk,H60,Mil,tar1090-db import,,,,
AE478E,08-20128,,SIKORSKY UH-60 Black Hawk,H60,Mil,tar1090-db import,,,,
AE478F,08-20129,,SIKORSKY UH-60 Black Hawk,H60,Mil,tar1090-db import,,,,
AE4790,08-20130,,SIKORSKY UH-60 Black Hawk,H60,Mil,tar1090-db import,,,,
AE4791,08-20131,,SIKORSKY UH-60 Black Hawk,H60,Mil,tar1090-db import,,,,
AE4792,08-20132,,SIKORSKY UH-60 Black Hawk,H60,Mil,tar1090-db import,,,,
AE4793,08-20133,,SIKORSKY UH-60 Black Hawk,H60,Mil,tar1090-db import,,,,
AE4794,08-20134,,SIKORSKY UH-60 Black Hawk,H60,Mil,tar1090-db import,,,,
AE4795,08-20135,,SIKORSKY UH-60 Black Hawk,H60,Mil,tar1090-db import,,,,
AE4796,08-20136,,SIKORSKY UH-60 Black Hawk,H60,Mil,tar1090-db import,,,,
AE4797,08-20137,,H60,H60,Mil,tar1090-db import,,,,
AE4799,08-20139,,SIKORSKY UH-60 Black Hawk,H60,Mil,tar1090-db import,,,,
AE479A,08-20140,,SIKORSKY UH-60 Black Hawk,H60,Mil,tar1090-db import,,,,
AE479B,08-20141,,SIKORSKY UH-60 Black Hawk,H60,Mil,tar1090-db import,,,,
AE479C,08-20142,,SIKORSKY UH-60 Black Hawk,H60,Mil,tar1090-db import,,,,
AE479D,08-20143,,SIKORSKY UH-60 Black Hawk,H60,Mil,tar1090-db import,,,,
AE479E,08-20144,,SIKORSKY UH-60 Black Hawk,H60,Mil,tar1090-db import,,,,
AE479F,08-20145,,SIKORSKY UH-60 Black Hawk,H60,Mil,tar1090-db import,,,,
AE47A0,08-20146,,SIKORSKY UH-60 Black Hawk,H60,Mil,tar1090-db import,,,,
AE47A1,08-20153,,SIKORSKY UH-60 Black Hawk,H60,Mil,tar1090-db import,,,,
AE47A2,08-20154,,SIKORSKY UH-60 Black Hawk,H60,Mil,tar1090-db import,,,,
AE47A3,08-20155,,SIKORSKY UH-60 Black Hawk,H60,Mil,tar1090-db import,,,,
AE47A4,08-20156,,SIKORSKY UH-60 Black Hawk,H60,Mil,tar1090-db import,,,,
AE47A5,08-20157,,SIKORSKY UH-60 Black Hawk,H60,Mil,tar1090-db import,,,,
AE47A6,08-20158,,SIKORSKY UH-60 Black Hawk,H60,Mil,tar1090-db import,,,,
AE47A7,08-20159,,SIKORSKY UH-60 Black Hawk,H60,Mil,tar1090-db import,,,,
AE47A8,08-20160,,SIKORSKY UH-60 Black Hawk,H60,Mil,tar1090-db import,,,,
AE47A9,08-20161,,SIKORSKY UH-60 Black Hawk,H60,Mil,tar1090-db import,,,,
AE47AA,08-20162,,SIKORSKY UH-60 Black Hawk,H60,Mil,tar1090-db import,,,,
AE47AB,08-20163,,SIKORSKY UH-60 Black Hawk,H60,Mil,tar1090-db import,,,,
AE47AC,08-20164,,SIKORSKY UH-60 Black Hawk,H60,Mil,tar1090-db import,,,,
AE47AD,08-20165,,SIKORSKY UH-60 Black Hawk,H60,Mil,tar1090-db import,,,,
AE47AE,08-20166,,SIKORSKY UH-60 Black Hawk,H60,Mil,tar1090-db import,,,,
AE47AF,08-20167,,SIKORSKY UH-60 Black Hawk,H60,Mil,tar1090-db import,,,,
AE47B0,08-20168,,SIKORSKY UH-60 Black Hawk,H60,Mil,tar1090-db import,,,,
AE47B1,08-20169,,SIKORSKY UH-60 Black Hawk,H60,Mil,tar1090-db import,,,,
AE47B2,08-20170,,SIKORSKY UH-60 Black Hawk,H60,Mil,tar1090-db import,,,,
AE47B3,08-20171,,SIKORSKY UH-60 Black Hawk,H60,Mil,tar1090-db import,,,,
AE47B4,08-20172,,SIKORSKY UH-60 Black Hawk,H60,Mil,tar1090-db import,,,,
AE47B6,09-20227,,SIKORSKY UH-60 Black Hawk,H60,Mil,tar1090-db import,,,,
AE47B7,09-20228,,SIKORSKY UH-60 Black Hawk,H60,Mil,tar1090-db import,,,,
AE47B8,09-20229,,SIKORSKY UH-60 Black Hawk,H60,Mil,tar1090-db import,,,,
AE47B9,09-20230,,SIKORSKY UH-60 Black Hawk,H60,Mil,tar1090-db import,,,,
AE47BA,09-20231,,SIKORSKY UH-60 Black Hawk,H60,Mil,tar1090-db import,,,,
AE47BB,09-20232,,SIKORSKY UH-60 Black Hawk,H60,Mil,tar1090-db import,,,,
AE47BC,09-20233,,SIKORSKY UH-60 Black Hawk,H60,Mil,tar1090-db import,,,,
AE47BD,09-20234,,SIKORSKY UH-60 Black Hawk,H60,Mil,tar1090-db import,,,,
AE47BE,09-20235,,SIKORSKY UH-60 Black Hawk,H60,Mil,tar1090-db import,,,,
AE47BF,09-20236,,SIKORSKY UH-60 Black Hawk,H60,Mil,tar1090-db import,,,,
AE47D8,09-20237,,SIKORSKY UH-60 Black Hawk,H60,Mil,tar1090-db import,,,,
AE47D9,07-20023,,SIKORSKY UH-60 Black Hawk,H60,Mil,tar1090-db import,,,,
AE47DA,07-20024,,SIKORSKY UH-60 Black Hawk,H60,Mil,tar1090-db import,,,,
AE47DB,07-20025,,SIKORSKY UH-60 Black Hawk,H60,Mil,tar1090-db import,,,,
AE47DC,07-20026,,SIKORSKY UH-60 Black Hawk,H60,Mil,tar1090-db import,,,,
AE47DD,07-20027,,SIKORSKY UH-60 Black Hawk,H60,Mil,tar1090-db import,,,,
AE47DE,07-20028,,SIKORSKY UH-60 Black Hawk,H60,Mil,tar1090-db import,,,,
AE47DF,07-20029,,SIKORSKY UH-60 Black Hawk,H60,Mil,tar1090-db import,,,,
AE47E1,07-20031,,SIKORSKY UH-60 Black Hawk,H60,Mil,tar1090-db import,,,,
AE47E2,07-20032,,SIKORSKY UH-60 Black Hawk,H60,Mil,tar1090-db import,,,,
AE47E3,07-20033,,SIKORSKY UH-60 Black Hawk,H60,Mil,tar1090-db import,,,,
AE47E4,07-20034,,SIKORSKY UH-60 Black Hawk,H60,Mil,tar1090-db import,,,,
AE47E5,07-20035,,SIKORSKY UH-60 Black Hawk,H60,Mil,tar1090-db import,,,,
AE47E6,07-20041,,SIKORSKY UH-60 Black Hawk,H60,Mil,tar1090-db import,,,,
AE47E7,07-20042,,SIKORSKY UH-60 Black Hawk,H60,Mil,tar1090-db import,,,,
AE47E8,07-20043,,SIKORSKY UH-60 Black Hawk,H60,Mil,tar1090-db import,,,,
AE47E9,07-20044,,SIKORSKY UH-60 Black Hawk,H60,Mil,tar1090-db import,,,,
AE47EA,07-20045,,SIKORSKY UH-60 Black Hawk,H60,Mil,tar1090-db import,,,,
AE47EB,07-20046,,SIKORSKY UH-60 Black Hawk,H60,Mil,tar1090-db import,,,,
AE47EC,07-20047,,SIKORSKY UH-60 Black Hawk,H60,Mil,tar1090-db import,,,,
AE47ED,07-20048,,SIKORSKY UH-60 Black Hawk,H60,Mil,tar1090-db import,,,,
AE47F1,07-20052,,SIKORSKY UH-60 Black Hawk,H60,Mil,tar1090-db import,,,,
AE47F2,07-20053,,SIKORSKY UH-60 Black Hawk,H60,Mil,tar1090-db import,,,,
AE47F3,07-20054,,SIKORSKY UH-60 Black Hawk,H60,Mil,tar1090-db import,,,,
AE47F5,07-20056,,SIKORSKY UH-60 Black Hawk,H60,Mil,tar1090-db import,,,,
AE47F6,07-20057,,SIKORSKY UH-60 Black Hawk,H60,Mil,tar1090-db import,,,,
AE47F7,07-20058,,SIKORSKY UH-60 Black Hawk,H60,Mil,tar1090-db import,,,,
AE47F8,07-20059,,SIKORSKY UH-60 Black Hawk,H60,Mil,tar1090-db import,,,,
AE47F9,07-20060,,SIKORSKY UH-60 Black Hawk,H60,Mil,tar1090-db import,,,,
AE47FA,07-20061,,SIKORSKY UH-60 Black Hawk,H60,Mil,tar1090-db import,,,,
AE47FD,07-20064,,SIKORSKY UH-60 Black Hawk,H60,Mil,tar1090-db import,,,,
AE47FE,07-20065,,SIKORSKY UH-60 Black Hawk,H60,Mil,tar1090-db import,,,,
AE47FF,07-20066,,SIKORSKY UH-60 Black Hawk,H60,Mil,tar1090-db import,,,,
AE4810,07-20067,,SIKORSKY UH-60 Black Hawk,H60,Mil,tar1090-db import,,,,
AE4813,07-20070,,SIKORSKY UH-60 Black Hawk,H60,Mil,tar1090-db import,,,,
AE4814,07-20071,,SIKORSKY UH-60 Black Hawk,H60,Mil,tar1090-db import,,,,
AE4815,07-20072,,SIKORSKY UH-60 Black Hawk,H60,Mil,tar1090-db import,,,,
AE4816,07-20073,,SIKORSKY UH-60 Black Hawk,H60,Mil,tar1090-db import,,,,
AE4817,07-20074,,SIKORSKY UH-60 Black Hawk,H60,Mil,tar1090-db import,,,,
AE4818,07-20075,,SIKORSKY UH-60 Black Hawk,H60,Mil,tar1090-db import,,,,
AE481A,07-20077,,SIKORSKY UH-60 Black Hawk,H60,Mil,tar1090-db import,,,,
AE481D,07-20080,,SIKORSKY UH-60 Black Hawk,H60,Mil,tar1090-db import,,,,
AE481E,07-20081,,SIKORSKY UH-60 Black Hawk,H60,Mil,tar1090-db import,,,,
AE4820,07-20083,,SIKORSKY UH-60 Black Hawk,H60,Mil,tar1090-db import,,,,
AE4822,07-20085,,SIKORSKY UH-60 Black Hawk,H60,Mil,tar1090-db import,,,,
AE4823,07-20086,,SIKORSKY UH-60 Black Hawk,H60,Mil,tar1090-db import,,,,
AE4824,07-20087,,SIKORSKY UH-60 Black Hawk,H60,Mil,tar1090-db import,,,,
AE4825,07-20088,,SIKORSKY UH-60 Black Hawk,H60,Mil,tar1090-db import,,,,
AE4826,07-20089,,SIKORSKY UH-60 Black Hawk,H60,Mil,tar1090-db import,,,,
AE4827,07-20090,,SIKORSKY UH-60 Black Hawk,H60,Mil,tar1090-db import,,,,
AE4828,07-20091,,SIKORSKY UH-60 Black Hawk,H60,Mil,tar1090-db import,,,,
AE4829,07-20092,,SIKORSKY UH-60 Black Hawk,H60,Mil,tar1090-db import,,,,
AE482A,07-20093,,SIKORSKY UH-60 Black Hawk,H60,Mil,tar1090-db import,,,,
AE482B,07-20094,,SIKORSKY UH-60 Black Hawk,H60,Mil,tar1090-db import,,,,
AE4830,07-20095,,SIKORSKY UH-60 Black Hawk,H60,Mil,tar1090-db import,,,,
AE4831,08-20096,,SIKORSKY UH-60 Black Hawk,H60,Mil,tar1090-db import,,,,
AE4832,08-20097,,SIKORSKY UH-60 Black Hawk,H60,Mil,tar1090-db import,,,,
AE4833,08-20098,,SIKORSKY UH-60 Black Hawk,H60,Mil,tar1090-db import,,,,
AE4834,08-20099,,SIKORSKY UH-60 Black Hawk,H60,Mil,tar1090-db import,,,,
AE4837,08-20102,,SIKORSKY UH-60 Black Hawk,H60,Mil,tar1090-db import,,,,
AE4838,08-20103,,SIKORSKY UH-60 Black Hawk,H60,Mil,tar1090-db import,,,,
AE4839,08-20104,,SIKORSKY UH-60 Black Hawk,H60,Mil,tar1090-db import,,,,
AE483C,08-20107,,SIKORSKY UH-60 Black Hawk,H60,Mil,tar1090-db import,,,,
AE483D,08-20108,,SIKORSKY UH-60 Black Hawk,H60,Mil,tar1090-db import,,,,
AE483E,08-20109,,SIKORSKY UH-60 Black Hawk,H60,Mil,tar1090-db import,,,,
AE483F,08-20110,,SIKORSKY UH-60 Black Hawk,H60,Mil,tar1090-db import,,,,
AE4840,08-20111,,SIKORSKY UH-60 Black Hawk,H60,Mil,tar1090-db import,,,,
AE4841,08-20112,,Sikorsky UH-60M Black Hawk,H60,Mil,tar1090-db import,,,,
AE4842,08-20113,,SIKORSKY UH-60 Black Hawk,H60,Mil,tar1090-db import,,,,
AE4843,08-20114,,SIKORSKY UH-60 Black Hawk,H60,Mil,tar1090-db import,,,,
AE4844,08-20115,,SIKORSKY UH-60 Black Hawk,H60,Mil,tar1090-db import,,,,
AE4845,08-20116,,SIKORSKY UH-60 Black Hawk,H60,Mil,tar1090-db import,,,,
AE4846,08-20117,,SIKORSKY UH-60 Black Hawk,H60,Mil,tar1090-db import,,,,
AE4847,08-20118,,SIKORSKY UH-60 Black Hawk,H60,Mil,tar1090-db import,,,,
AE4848,08-20119,,SIKORSKY UH-60 Black Hawk,H60,Mil,tar1090-db import,,,,
AE4849,08-20120,,SIKORSKY UH-60 Black Hawk,H60,Mil,tar1090-db import,,,,
AE484A,08-20121,,SIKORSKY UH-60 Black Hawk,H60,Mil,tar1090-db import,,,,
AE484B,08-20122,,SIKORSKY UH-60 Black Hawk,H60,Mil,tar1090-db import,,,,
AE484D,08-20124,,SIKORSKY UH-60 Black Hawk,H60,Mil,tar1090-db import,,,,
AE4859,08-20147,,SIKORSKY UH-60 Black Hawk,H60,Mil,tar1090-db import,,,,
AE485A,08-20148,,SIKORSKY UH-60 Black Hawk,H60,Mil,tar1090-db import,,,,
AE485B,08-20149,,SIKORSKY UH-60 Black Hawk,H60,Mil,tar1090-db import,,,,
AE485E,08-20152,,SIKORSKY UH-60 Black Hawk,H60,Mil,tar1090-db import,,,,
AE485F,09-20175,,SIKORSKY UH-60 Black Hawk,H60,Mil,tar1090-db import,,,,
AE4860,09-20178,,SIKORSKY UH-60 Black Hawk,H60,Mil,tar1090-db import,,,,
AE4861,09-20179,,SIKORSKY UH-60 Black Hawk,H60,Mil,tar1090-db import,,,,
AE4862,09-20180,,SIKORSKY UH-60 Black Hawk,H60,Mil,tar1090-db import,,,,
AE4863,09-20181,,SIKORSKY UH-60 Black Hawk,H60,Mil,tar1090-db import,,,,
AE4865,09-20183,,SIKORSKY UH-60 Black Hawk,H60,Mil,tar1090-db import,,,,
AE4866,09-20184,,SIKORSKY UH-60 Black Hawk,H60,Mil,tar1090-db import,,,,
AE4867,09-20185,,SIKORSKY UH-60 Black Hawk,H60,Mil,tar1090-db import,,,,
AE4869,09-20187,,SIKORSKY UH-60 Black Hawk,H60,Mil,tar1090-db import,,,,
AE486B,09-20189,,SIKORSKY UH-60 Black Hawk,H60,Mil,tar1090-db import,,,,
AE486D,09-20191,,SIKORSKY UH-60 Black Hawk,H60,Mil,tar1090-db import,,,,
AE486F,09-20193,,SIKORSKY UH-60 Black Hawk,H60,Mil,tar1090-db import,,,,
AE4870,09-20194,,SIKORSKY UH-60 Black Hawk,H60,Mil,tar1090-db import,,,,
AE4871,09-20195,,SIKORSKY UH-60 Black Hawk,H60,Mil,tar1090-db import,,,,
AE4872,09-20196,,SIKORSKY UH-60 Black Hawk,H60,Mil,tar1090-db import,,,,
AE4873,09-20197,,SIKORSKY UH-60 Black Hawk,H60,Mil,tar1090-db import,,,,
AE4878,09-20201,,SIKORSKY UH-60 Black Hawk,H60,Mil,tar1090-db import,,,,
AE4879,09-20202,,SIKORSKY UH-60 Black Hawk,H60,Mil,tar1090-db import,,,,
AE487A,09-20203,,SIKORSKY UH-60 Black Hawk,H60,Mil,tar1090-db import,,,,
AE487B,09-20204,,SIKORSKY UH-60 Black Hawk,H60,Mil,tar1090-db import,,,,
AE487D,09-20206,,SIKORSKY UH-60 Black Hawk,H60,Mil,tar1090-db import,,,,
AE487E,09-20207,,SIKORSKY UH-60 Black Hawk,H60,Mil,tar1090-db import,,,,
AE487F,09-20208,,SIKORSKY UH-60 Black Hawk,H60,Mil,tar1090-db import,,,,
AE4880,09-20209,,SIKORSKY UH-60 Black Hawk,H60,Mil,tar1090-db import,,,,
AE4881,09-20210,,SIKORSKY UH-60 Black Hawk,H60,Mil,tar1090-db import,,,,
AE4882,09-20211,,SIKORSKY UH-60 Black Hawk,H60,Mil,tar1090-db import,,,,
AE4886,09-20215,,SIKORSKY UH-60 Black Hawk,H60,Mil,tar1090-db import,,,,
AE4887,09-20216,,SIKORSKY UH-60 Black Hawk,H60,Mil,tar1090-db import,,,,
AE4888,09-20217,,SIKORSKY UH-60 Black Hawk,H60,Mil,tar1090-db import,,,,
AE488A,09-20219,,SIKORSKY UH-60 Black Hawk,H60,Mil,tar1090-db import,,,,
AE488B,09-20220,,SIKORSKY UH-60 Black Hawk,H60,Mil,tar1090-db import,,,,
AE488C,09-20221,,SIKORSKY UH-60 Black Hawk,H60,Mil,tar1090-db import,,,,
AE488E,09-20223,,SIKORSKY UH-60 Black Hawk,H60,Mil,tar1090-db import,,,,
AE4903,11-20373,,H60,H60,Mil,tar1090-db import,,,,
AE499F,164456,,SIKORSKY UH-60 Black Hawk,H60,Mil,tar1090-db import,,,,
AE49CB,168355,,F18S,F18S,Mil,tar1090-db import,,,,
AE49CC,168356,,F18S,F18S,Mil,tar1090-db import,,,,
AE49CD,168357,,F18S,F18S,Mil,tar1090-db import,,,,
AE49CE,168358,,F18S,F18S,Mil,tar1090-db import,,,,
AE49CF,168359,,F18S,F18S,Mil,tar1090-db import,,,,
AE49D0,168360,,F18S,F18S,Mil,tar1090-db import,,,,
AE49D1,168361,,F18S,F18S,Mil,tar1090-db import,,,,
AE49D2,168362,,F18S,F18S,Mil,tar1090-db import,,,,
AE49D3,168363,,F18S,F18S,Mil,tar1090-db import,,,,
AE49D4,168364,,F18S,F18S,Mil,tar1090-db import,,,,
AE49D5,168365,,F18S,F18S,Mil,tar1090-db import,,,,
AE49D6,168366,,F18S,F18S,Mil,tar1090-db import,,,,
AE49D7,168367,,F18S,F18S,Mil,tar1090-db import,,,,
AE49D8,168368,,BOEING FA-18 SUPER HORNET,F18S,Mil,tar1090-db import,,,,
AE49D9,168369,,F18S,F18S,Mil,tar1090-db import,,,,
AE49DA,168370,,Boeing F/A-18E Super Hornet,F18S,Mil,tar1090-db import,,,,
AE49DD,168373,,BOEING FA-18 SUPER HORNET,F18S,Mil,tar1090-db import,,,,
AE49DE,168374,,Boeing EA-18G Growler,F18S,Mil,tar1090-db import,,,,
AE49DF,168375,,Boeing EA-18G Growler,F18S,Mil,tar1090-db import,,,,
AE49E2,168378,,F18S,F18S,Mil,tar1090-db import,,,,
AE49E3,168379,,F18S,F18S,Mil,tar1090-db import,,,,
AE49E4,168380,,BOEING FA-18 SUPER HORNET,F18S,Mil,tar1090-db import,,,,
AE49E5,168381,,Boeing EA-18G Growler,F18S,Mil,tar1090-db import,,,,
AE49E7,168383,,Boeing EA-18G Growler,F18S,Mil,tar1090-db import,,,,
AE49E8,168384,,F18S,F18S,Mil,tar1090-db import,,,,
AE49E9,168385,,Boeing EA-18G Growler,F18S,Mil,tar1090-db import,,,,
AE49EA,168386,,F18S,F18S,Mil,tar1090-db import,,,,
AE49EB,168387,,F18S,F18S,Mil,tar1090-db import,,,,
AE49EC,168388,,Boeing EA-18G Growler,F18S,Mil,tar1090-db import,,,,
AE49ED,168389,,Boeing EA-18G Growler,F18S,Mil,tar1090-db import,,,,
AE49EE,168390,,BOEING FA-18 SUPER HORNET,F18S,Mil,tar1090-db import,,,,
AE49EF,168391,,F18S,F18S,Mil,tar1090-db import,,,,
AE49F0,168392,,BOEING FA-18 SUPER HORNET,F18S,Mil,tar1090-db import,,,,
AE49F2,88-0527,,GENERAL DYNAMICS F-16 Fighting Falcon,F16,Mil,tar1090-db import,,,,
AE49F6,90-0704,,F16,F16,Mil,tar1090-db import,,,,
AE49FB,89-2082,,GENERAL DYNAMICS F-16 Fighting Falcon,F16,Mil,tar1090-db import,,,,
AE4A01,90-0700,,F16,F16,Mil,tar1090-db import,,,,
AE4A04,89-2132,,F16,F16,Mil,tar1090-db import,,,,
AE4A08,09-20242,,SIKORSKY UH-60 Black Hawk,H60,Mil,tar1090-db import,,,,
AE4A0A,166129,,Raytheon T-6B Texan II,TEX2,Mil,tar1090-db import,,,,
AE4A0B,166130,,Raytheon T-6B Texan II,TEX2,Mil,tar1090-db import,,,,
AE4A0C,166131,,Raytheon T-6B Texan II,TEX2,Mil,tar1090-db import,,,,
AE4A0D,166132,,Raytheon T-6B Texan II,TEX2,Mil,tar1090-db import,,,,
AE4A0F,166134,,Raytheon T-6B Texan II,TEX2,Mil,tar1090-db import,,,,
AE4A10,166135,,Raytheon T-6B Texan II,TEX2,Mil,tar1090-db import,,,,
AE4A11,166136,,Raytheon T-6B Texan II,TEX2,Mil,tar1090-db import,,,,
AE4A12,166137,,Raytheon T-6B Texan II,TEX2,Mil,tar1090-db import,,,,
AE4A13,166138,,Raytheon T-6B Texan II,TEX2,Mil,tar1090-db import,,,,
AE4A14,166139,,Raytheon T-6B Texan II,TEX2,Mil,tar1090-db import,,,,
AE4A15,166140,,Raytheon T-6B Texan II,TEX2,Mil,tar1090-db import,,,,
AE4A19,166144,,Raytheon T-6B Texan II,TEX2,Mil,tar1090-db import,,,,
AE4A1A,166145,,Raytheon T-6B Texan II,TEX2,Mil,tar1090-db import,,,,
AE4A1C,166147,,Raytheon T-6B Texan II,TEX2,Mil,tar1090-db import,,,,
AE4A1E,166149,,Raytheon T-6B Texan II,TEX2,Mil,tar1090-db import,,,,
AE4A20,166151,,Raytheon T-6B Texan II,TEX2,Mil,tar1090-db import,,,,
AE4A24,166155,,Raytheon T-6B Texan II,TEX2,Mil,tar1090-db import,,,,
AE4A25,166156,,Raytheon T-6B Texan II,TEX2,Mil,tar1090-db import,,,,
AE4A27,166158,,Raytheon T-6B Texan II,TEX2,Mil,tar1090-db import,,,,
AE4A28,166159,,Raytheon T-6B Texan II,TEX2,Mil,tar1090-db import,,,,
AE4A29,166160,,Raytheon T-6B Texan II,TEX2,Mil,tar1090-db import,,,,
AE4A2A,166161,,Raytheon T-6B Texan II,TEX2,Mil,tar1090-db import,,,,
AE4A4D,08-03781,,BOEING-VERTOL CH-47 Chinook,H47,Mil,tar1090-db import,,,,
AE4A4E,09-03782,,BOEING-VERTOL CH-47 Chinook,H47,Mil,tar1090-db import,,,,
AE4A51,09-03785,,BOEING-VERTOL CH-47 Chinook,H47,Mil,tar1090-db import,,,,
AE4A52,09-03786,,BOEING-VERTOL CH-47 Chinook,H47,Mil,tar1090-db import,,,,
AE4A53,09-03787,,BOEING-VERTOL CH-47 Chinook,H47,Mil,tar1090-db import,,,,
AE4A79,168206,,BEECH 200 Super King Air,BE20,Mil,tar1090-db import,,,,
AE4A88,08-20173,,H60,H60,Mil,tar1090-db import,,,,
AE4A89,08-27171,,H60,H60,Mil,tar1090-db import,,,,
AE4A8F,88-0460,,GENERAL DYNAMICS F-16 Fighting Falcon,F16,Mil,tar1090-db import,,,,
AE4A94,88-0506,,GENERAL DYNAMICS F-16 Fighting Falcon,F16,Mil,tar1090-db import,,,,
AE4ABF,88-0521,,General Dynamics F-16C Fighting Falcon,F16,Mil,tar1090-db import,,,,
AE4B24,161179,,H53S,H53S,Mil,tar1090-db import,,,,
AE4B26,161181,,H53S,H53S,Mil,tar1090-db import,,,,
AE4B27,161182,,SIKORSKY CH-53 Super Stallion,H53S,Mil,tar1090-db import,,,,
AE4B28,161183,,H53S,H53S,Mil,tar1090-db import,,,,
AE4B29,161184,,SIKORSKY CH-53 Super Stallion,H53S,Mil,tar1090-db import,,,,
AE4B2B,161254,,H53S,H53S,Mil,tar1090-db import,,,,
AE4B2D,161257,,SIKORSKY CH-53 Super Stallion,H53S,Mil,tar1090-db import,,,,
AE4B2E,161258,,H53S,H53S,Mil,tar1090-db import,,,,
AE4B2F,161259,,SIKORSKY CH-53 Super Stallion,H53S,Mil,tar1090-db import,,,,
AE4B30,161260,,SIKORSKY CH-53 Super Stallion,H53S,Mil,tar1090-db import,,,,
AE4B31,161261,,SIKORSKY CH-53 Super Stallion,H53S,Mil,tar1090-db import,,,,
AE4B32,161262,,H53S,H53S,Mil,tar1090-db import,,,,
AE4B33,161263,,SIKORSKY CH-53 Super Stallion,H53S,Mil,tar1090-db import,,,,
AE4B34,161265,,SIKORSKY CH-53 Super Stallion,H53S,Mil,tar1090-db import,,,,
AE4B40,161394,,SIKORSKY CH-53 Super Stallion,H53S,Mil,tar1090-db import,,,,
AE4B41,161532,,SIKORSKY CH-53 Super Stallion,H53S,Mil,tar1090-db import,,,,
AE4B42,161533,,H53S,H53S,Mil,tar1090-db import,,,,
AE4B43,161534,,H53S,H53S,Mil,tar1090-db import,,,,
AE4B45,161540,,SIKORSKY CH-53 Super Stallion,H53S,Mil,tar1090-db import,,,,
AE4B46,161541,,SIKORSKY CH-53 Super Stallion,H53S,Mil,tar1090-db import,,,,
AE4B47,161542,,SIKORSKY CH-53 Super Stallion,H53S,Mil,tar1090-db import,,,,
AE4B48,161543,,H53S,H53S,Mil,tar1090-db import,,,,
AE4B68,162491,,H53S,H53S,Mil,tar1090-db import,,,,
AE4B69,162493,,SIKORSKY CH-53 Super Stallion,H53S,Mil,tar1090-db import,,,,
AE4B6A,162494,,H53S,H53S,Mil,tar1090-db import,,,,
AE4B6B,162496,,SIKORSKY CH-53 Super Stallion,H53S,Mil,tar1090-db import,,,,
AE4B6C,162499,,SIKORSKY CH-53 Super Stallion,H53S,Mil,tar1090-db import,,,,
AE4B6D,162500,,SIKORSKY CH-53 Super Stallion,H53S,Mil,tar1090-db import,,,,
AE4B6E,162501,,SIKORSKY CH-53 Super Stallion,H53S,Mil,tar1090-db import,,,,
AE4B6F,162502,,SIKORSKY CH-53 Super Stallion,H53S,Mil,tar1090-db import,,,,
AE4B70,162517,,H53S,H53S,Mil,tar1090-db import,,,,
AE4B76,162524,,SIKORSKY CH-53 Super Stallion,H53S,Mil,tar1090-db import,,,,
AE4B77,162525,,SIKORSKY CH-53 Super Stallion,H53S,Mil,tar1090-db import,,,,
AE4B7C,163062,,H53S,H53S,Mil,tar1090-db import,,,,
AE4B7E,163072,,SIKORSKY CH-53 Super Stallion,H53S,Mil,tar1090-db import,,,,
AE4B8B,163086,,SIKORSKY CH-53 Super Stallion,H53S,Mil,tar1090-db import,,,,
AE4B94,164365,,SIKORSKY CH-53 Super Stallion,H53S,Mil,tar1090-db import,,,,
AE4B95,164366,,SIKORSKY CH-53 Super Stallion,H53S,Mil,tar1090-db import,,,,
AE4B97,164537,,H53S,H53S,Mil,tar1090-db import,,,,
AE4B99,164539,,H53S,H53S,Mil,tar1090-db import,,,,
AE4BA1,164784,,H53S,H53S,Mil,tar1090-db import,,,,
AE4BA2,164786,,SIKORSKY CH-53 Super Stallion,H53S,Mil,tar1090-db import,,,,
AE4BA3,164787,,SIKORSKY CH-53 Super Stallion,H53S,Mil,tar1090-db import,,,,
AE4BA5,164789,,SIKORSKY CH-53 Super Stallion,H53S,Mil,tar1090-db import,,,,
AE4BA6,164790,,H53S,H53S,Mil,tar1090-db import,,,,
AE4BAA,165243,,SIKORSKY CH-53 Super Stallion,H53S,Mil,tar1090-db import,,,,
AE4BAB,165244,,SIKORSKY CH-53 Super Stallion,H53S,Mil,tar1090-db import,,,,
AE4BAD,165246,,H53S,H53S,Mil,tar1090-db import,,,,
AE4BAE,165247,,H53S,H53S,Mil,tar1090-db import,,,,
AE4BAF,165248,,H53S,H53S,Mil,tar1090-db import,,,,
AE4BB0,165249,,SIKORSKY CH-53 Super Stallion,H53S,Mil,tar1090-db import,,,,
AE4BB1,165251,,H53S,H53S,Mil,tar1090-db import,,,,
AE4BB2,165252,,H53S,H53S,Mil,tar1090-db import,,,,
AE4BB4,165254,,H53S,H53S,Mil,tar1090-db import,,,,
AE4BB5,165344,,SIKORSKY CH-53 Super Stallion,H53S,Mil,tar1090-db import,,,,
AE4BB7,165346,,SIKORSKY CH-53 Super Stallion,H53S,Mil,tar1090-db import,,,,
AE4BB8,165347,,SIKORSKY CH-53 Super Stallion,H53S,Mil,tar1090-db import,,,,
AE4BBA,165504,,SIKORSKY CH-53 Super Stallion,H53S,Mil,tar1090-db import,,,,
AE4BBB,165651,,SIKORSKY CH-53 Super Stallion,H53S,Mil,tar1090-db import,,,,
AE4C07,167919,,V22,V22,Mil,tar1090-db import,,,,
AE4C08,167914,,V22,V22,Mil,tar1090-db import,,,,
AE4C0A,168016,,V22,V22,Mil,tar1090-db import,,,,
AE4C63,11-00289,,BEECHCRAFT Super King Air 350,B350,Mil,tar1090-db import,,,,
AE4CAA,05-20007,,SIKORSKY UH-60 Black Hawk,H60,Mil,tar1090-db import,,,,
AE4CAB,05-20012,,SIKORSKY UH-60 Black Hawk,H60,Mil,tar1090-db import,,,,
AE4CAC,06-20021,,SIKORSKY UH-60 Black Hawk,H60,Mil,tar1090-db import,,,,
AE4CAD,05-20010,,SIKORSKY UH-60 Black Hawk,H60,Mil,tar1090-db import,,,,
AE4CAE,05-20003,,SIKORSKY UH-60 Black Hawk,H60,Mil,tar1090-db import,,,,
AE4CB0,05-20009,,SIKORSKY UH-60 Black Hawk,H60,Mil,tar1090-db import,,,,
AE4CB1,06-20020,,SIKORSKY UH-60 Black Hawk,H60,Mil,tar1090-db import,,,,
AE4CEC,09-08071,,BOEING-VERTOL CH-47 Chinook,H47,Mil,tar1090-db import,,,,
AE4CED,09-08072,,BOEING-VERTOL CH-47 Chinook,H47,Mil,tar1090-db import,,,,
AE4CEE,09-08073,,BOEING-VERTOL CH-47 Chinook,H47,Mil,tar1090-db import,,,,
AE4CEF,07-08744,,BOEING-VERTOL CH-47 Chinook,H47,Mil,tar1090-db import,,,,
AE4CF0,07-08745,,BOEING-VERTOL CH-47 Chinook,H47,Mil,tar1090-db import,,,,
AE4CF1,07-08746,,BOEING-VERTOL CH-47 Chinook,H47,Mil,tar1090-db import,,,,
AE4CF2,0708747,,BOEING-VERTOL CH-47 Chinook,H47,Mil,tar1090-db import,,,,
AE4CF3,07-08748,,BOEING-VERTOL CH-47 Chinook,H47,Mil,tar1090-db import,,,,
AE4CF4,08-08749,,BOEING-VERTOL CH-47 Chinook,H47,Mil,tar1090-db import,,,,
AE4CF5,08-08750,,BOEING-VERTOL CH-47 Chinook,H47,Mil,tar1090-db import,,,,
AE4CF6,08-08751,,BOEING-VERTOL CH-47 Chinook,H47,Mil,tar1090-db import,,,,
AE4CF9,10-27025,,Alenia C-27J Spartan,C27J,Mil,tar1090-db import,,,,
AE4CFA,10-27026,,Alenia C-27J Spartan,C27J,Mil,tar1090-db import,,,,
AE4CFE,10-27030,,Alenia C-27J Spartan,C27J,Mil,tar1090-db import,,,,
AE4D28,168530,,H60,H60,Mil,tar1090-db import,,,,
AE4D29,168531,,SIKORSKY UH-60 Black Hawk,H60,Mil,tar1090-db import,,,,
AE4D2A,168532,,SIKORSKY UH-60 Black Hawk,H60,Mil,tar1090-db import,,,,
AE4D2B,168533,,SIKORSKY UH-60 Black Hawk,H60,Mil,tar1090-db import,,,,
AE4D2C,168534,,SIKORSKY UH-60 Black Hawk,H60,Mil,tar1090-db import,,,,
AE4D2D,168535,,SIKORSKY UH-60 Black Hawk,H60,Mil,tar1090-db import,,,,
AE4D2E,168536,,H60,H60,Mil,tar1090-db import,,,,
AE4D2F,168537,,Sikorsky MH-60S Seahawk,H60,Mil,tar1090-db import,,,,
AE4D30,168538,,SIKORSKY UH-60 Black Hawk,H60,Mil,tar1090-db import,,,,
AE4D31,168530,,SIKORSKY UH-60 Black Hawk,H60,Mil,tar1090-db import,,,,
AE4D32,168540,,Sikorsky MH-60S Seahawk,H60,Mil,tar1090-db import,,,,
AE4D33,168541,,SIKORSKY UH-60 Black Hawk,H60,Mil,tar1090-db import,,,,
AE4D34,168542,,SIKORSKY UH-60 Black Hawk,H60,Mil,tar1090-db import,,,,
AE4D35,168543,,SIKORSKY UH-60 Black Hawk,H60,Mil,tar1090-db import,,,,
AE4D36,168544,,SIKORSKY UH-60 Black Hawk,H60,Mil,tar1090-db import,,,,
AE4D37,168545,,SIKORSKY UH-60 Black Hawk,H60,Mil,tar1090-db import,,,,
AE4D38,168546,,SIKORSKY UH-60 Black Hawk,H60,Mil,tar1090-db import,,,,
AE4D39,168547,,H60,H60,Mil,tar1090-db import,,,,
AE4D3A,168548,,SIKORSKY UH-60 Black Hawk,H60,Mil,tar1090-db import,,,,
AE4D3B,168549,,SIKORSKY UH-60 Black Hawk,H60,Mil,tar1090-db import,,,,
AE4D3C,168550,,H60,H60,Mil,tar1090-db import,,,,
AE4D3D,168551,,H60,H60,Mil,tar1090-db import,,,,
AE4D3E,168552,,SIKORSKY UH-60 Black Hawk,H60,Mil,tar1090-db import,,,,
AE4D3F,168553,,SIKORSKY UH-60 Black Hawk,H60,Mil,tar1090-db import,,,,
AE4D40,168554,,H60,H60,Mil,tar1090-db import,,,,
AE4D41,168555,,SIKORSKY UH-60 Black Hawk,H60,Mil,tar1090-db import,,,,
AE4D42,168556,,SIKORSKY UH-60 Black Hawk,H60,Mil,tar1090-db import,,,,
AE4D43,168557,,SIKORSKY UH-60 Black Hawk,H60,Mil,tar1090-db import,,,,
AE4D44,168558,,H60,H60,Mil,tar1090-db import,,,,
AE4D45,168559,,SIKORSKY UH-60 Black Hawk,H60,Mil,tar1090-db import,,,,
AE4D46,168560,,H60,H60,Mil,tar1090-db import,,,,
AE4D47,168561,,SIKORSKY UH-60 Black Hawk,H60,Mil,tar1090-db import,,,,
AE4D48,168562,,SIKORSKY UH-60 Black Hawk,H60,Mil,tar1090-db import,,,,
AE4D49,168563,,H60,H60,Mil,tar1090-db import,,,,
AE4D4A,168564,,SIKORSKY UH-60 Black Hawk,H60,Mil,tar1090-db import,,,,
AE4D4B,168565,,SIKORSKY UH-60 Black Hawk,H60,Mil,tar1090-db import,,,,
AE4D4D,168567,,SIKORSKY UH-60 Black Hawk,H60,Mil,tar1090-db import,,,,
AE4D4E,168568,,Sikorsky MH-60S Seahawk,H60,Mil,tar1090-db import,,,,
AE4D4F,168569,,H60,H60,Mil,tar1090-db import,,,,
AE4D50,168570,,SIKORSKY UH-60 Black Hawk,H60,Mil,tar1090-db import,,,,
AE4D51,168571,,SIKORSKY UH-60 Black Hawk,H60,Mil,tar1090-db import,,,,
AE4D52,168572,,SIKORSKY UH-60 Black Hawk,H60,Mil,tar1090-db import,,,,
AE4D54,168574,,Sikorsky MH-60S Seahawk,H60,Mil,tar1090-db import,,,,
AE4D55,168575,,H60,H60,Mil,tar1090-db import,,,,
AE4D56,168576,,SIKORSKY UH-60 Black Hawk,H60,Mil,tar1090-db import,,,,
AE4D57,168577,,SIKORSKY UH-60 Black Hawk,H60,Mil,tar1090-db import,,,,
AE4D58,168578,,SIKORSKY UH-60 Black Hawk,H60,Mil,tar1090-db import,,,,
AE4D5A,168580,,SIKORSKY UH-60 Black Hawk,H60,Mil,tar1090-db import,,,,
AE4D5B,168581,,SIKORSKY UH-60 Black Hawk,H60,Mil,tar1090-db import,,,,
AE4D5C,168582,,SIKORSKY UH-60 Black Hawk,H60,Mil,tar1090-db import,,,,
AE4D5D,168583,,H60,H60,Mil,tar1090-db import,,,,
AE4D5E,168584,,H60,H60,Mil,tar1090-db import,,,,
AE4D5F,168585,,SIKORSKY UH-60 Black Hawk,H60,Mil,tar1090-db import,,,,
AE4D60,168586,,SIKORSKY UH-60 Black Hawk,H60,Mil,tar1090-db import,,,,
AE4D61,168587,,H60,H60,Mil,tar1090-db import,,,,
AE4D62,168588,,H60,H60,Mil,tar1090-db import,,,,
AE4D63,168589,,SIKORSKY UH-60 Black Hawk,H60,Mil,tar1090-db import,,,,
AE4D64,168590,,SIKORSKY UH-60 Black Hawk,H60,Mil,tar1090-db import,,,,
AE4D65,168591,,SIKORSKY UH-60 Black Hawk,H60,Mil,tar1090-db import,,,,
AE4DDC,09-0540,,B737,B737,Mil,tar1090-db import,,,,
AE4E04,6052,,SIKORSKY UH-60 Black Hawk,H60,Mil,tar1090-db import,,,,
AE4E1E,10-03788,,BOEING-VERTOL CH-47 Chinook,H47,Mil,tar1090-db import,,,,
AE4E1F,10-03789,,BOEING-VERTOL CH-47 Chinook,H47,Mil,tar1090-db import,,,,
AE4E20,12-03790,,BOEING-VERTOL CH-47 Chinook,H47,Mil,tar1090-db import,,,,
AE4E21,74-22313,,Bell TH-1H Iroquois,UH1,Mil,tar1090-db import,,,,
AE4E45,167918,,V22,V22,Mil,tar1090-db import,,,,
AE4E46,165841,,V22,V22,Mil,tar1090-db import,,,,
AE4E48,168028,,V22,V22,Mil,tar1090-db import,,,,
AE4E4A,168031,,V22,V22,Mil,tar1090-db import,,,,
AE4E4B,168032,,V22,V22,Mil,tar1090-db import,,,,
AE4E4C,168033,,V22,V22,Mil,tar1090-db import,,,,
AE4E8B,165210,,F18H,F18H,Mil,tar1090-db import,,,,
AE4E8C,163989,,F18H,F18H,Mil,tar1090-db import,,,,
AE4E8F,166166,,Raytheon T-6B Texan II,TEX2,Mil,tar1090-db import,,,,
AE4E90,166167,,Raytheon T-6B Texan II,TEX2,Mil,tar1090-db import,,,,
AE4E91,166168,,Raytheon T-6B Texan II,TEX2,Mil,tar1090-db import,,,,
AE4E92,166169,,Raytheon T-6B Texan II,TEX2,Mil,tar1090-db import,,,,
AE4E93,166170,,Raytheon T-6B Texan II,TEX2,Mil,tar1090-db import,,,,
AE4E94,166171,,Raytheon T-6B Texan II,TEX2,Mil,tar1090-db import,,,,
AE4E95,166199,,Raytheon T-6B Texan II,TEX2,Mil,tar1090-db import,,,,
AE4E96,166172,,Raytheon T-6B Texan II,TEX2,Mil,tar1090-db import,,,,
AE4E98,166174,,Raytheon T-6B Texan II,TEX2,Mil,tar1090-db import,,,,
AE4E99,166175,,Raytheon T-6B Texan II,TEX2,Mil,tar1090-db import,,,,
AE4E9A,166176,,Raytheon T-6B Texan II,TEX2,Mil,tar1090-db import,,,,
AE4E9B,166177,,Raytheon T-6B Texan II,TEX2,Mil,tar1090-db import,,,,
AE4E9C,166178,,Raytheon T-6B Texan II,TEX2,Mil,tar1090-db import,,,,
AE4E9D,166179,,Raytheon T-6B Texan II,TEX2,Mil,tar1090-db import,,,,
AE4E9E,166180,,Raytheon T-6B Texan II,TEX2,Mil,tar1090-db import,,,,
AE4E9F,166181,,Raytheon T-6B Texan II,TEX2,Mil,tar1090-db import,,,,
AE4EA0,166182,,Raytheon T-6B Texan II,TEX2,Mil,tar1090-db import,,,,
AE4EA1,166183,,Raytheon T-6B Texan II,TEX2,Mil,tar1090-db import,,,,
AE4EA2,166184,,Raytheon T-6B Texan II,TEX2,Mil,tar1090-db import,,,,
AE4EA3,166185,,Raytheon T-6B Texan II,TEX2,Mil,tar1090-db import,,,,
AE4EA4,166186,,Raytheon T-6B Texan II,TEX2,Mil,tar1090-db import,,,,
AE4EA6,166188,,Raytheon T-6B Texan II,TEX2,Mil,tar1090-db import,,,,
AE4EA7,166189,,Raytheon T-6B Texan II,TEX2,Mil,tar1090-db import,,,,
AE4EA8,166190,,Raytheon T-6B Texan II,TEX2,Mil,tar1090-db import,,,,
AE4EA9,166191,,Raytheon T-6B Texan II,TEX2,Mil,tar1090-db import,,,,
AE4EAA,166192,,Raytheon T-6B Texan II,TEX2,Mil,tar1090-db import,,,,
AE4EAC,166194,,Raytheon T-6B Texan II,TEX2,Mil,tar1090-db import,,,,
AE4EAD,166195,,Raytheon T-6B Texan II,TEX2,Mil,tar1090-db import,,,,
AE4EAE,166196,,Raytheon T-6B Texan II,TEX2,Mil,tar1090-db import,,,,
AE4EAF,166197,,Raytheon T-6B Texan II,TEX2,Mil,tar1090-db import,,,,
AE4EB0,166198,,Raytheon T-6B Texan II,TEX2,Mil,tar1090-db import,,,,
AE4EFE,89-2005,,GENERAL DYNAMICS F-16 Fighting Falcon,F16,Mil,tar1090-db import,,,,
AE4F1D,167866,,SIKORSKY UH-60 Black Hawk,H60,Mil,tar1090-db import,,,,
AE4F1E,167867,,Sikorsky MH-60S Seahawk,H60,Mil,tar1090-db import,,,,
AE4F1F,167868,,H60,H60,Mil,tar1090-db import,,,,
AE4F20,167869,,SIKORSKY UH-60 Black Hawk,H60,Mil,tar1090-db import,,,,
AE4F21,167870,,SIKORSKY UH-60 Black Hawk,H60,Mil,tar1090-db import,,,,
AE4F22,167871,,SIKORSKY UH-60 Black Hawk,H60,Mil,tar1090-db import,,,,
AE4F23,167872,,Sikorsky MH-60S Seahawk,H60,Mil,tar1090-db import,,,,
AE4F24,167873,,H60,H60,Mil,tar1090-db import,,,,
AE4F25,167874,,SIKORSKY UH-60 Black Hawk,H60,Mil,tar1090-db import,,,,
AE4F26,167875,,Sikorsky MH-60S Seahawk,H60,Mil,tar1090-db import,,,,
AE4F27,167876,,Sikorsky MH-60S Seahawk,H60,Mil,tar1090-db import,,,,
AE4F28,167877,,SIKORSKY UH-60 Black Hawk,H60,Mil,tar1090-db import,,,,
AE4F29,167878,,SIKORSKY UH-60 Black Hawk,H60,Mil,tar1090-db import,,,,
AE4F2B,167880,,H60,H60,Mil,tar1090-db import,,,,
AE4F2C,167881,,SIKORSKY UH-60 Black Hawk,H60,Mil,tar1090-db import,,,,
AE4F2D,167882,,SIKORSKY UH-60 Black Hawk,H60,Mil,tar1090-db import,,,,
AE4F2E,167883,,H60,H60,Mil,tar1090-db import,,,,
AE4F2F,167884,,SIKORSKY UH-60 Black Hawk,H60,Mil,tar1090-db import,,,,
AE4F30,167885,,H60,H60,Mil,tar1090-db import,,,,
AE4F31,167886,,Sikorsky MH-60S Seahawk,H60,Mil,tar1090-db import,,,,
AE4F32,167887,,SIKORSKY UH-60 Black Hawk,H60,Mil,tar1090-db import,,,,
AE4F33,167888,,Sikorsky MH-60S Seahawk,H60,Mil,tar1090-db import,,,,
AE4F36,167891,,SIKORSKY UH-60 Black Hawk,H60,Mil,tar1090-db import,,,,
AE4F37,167892,,H60,H60,Mil,tar1090-db import,,,,
AE4F38,167893,,H60,H60,Mil,tar1090-db import,,,,
AE4F3B,167896,,H60,H60,Mil,tar1090-db import,,,,
AE4F3C,167897,,Sikorsky MH-60S Seahawk,H60,Mil,tar1090-db import,,,,
AE4F3D,167898,,H60,H60,Mil,tar1090-db import,,,,
AE4F3E,167899,,H60,H60,Mil,tar1090-db import,,,,
AE4F3F,167900,,SIKORSKY UH-60 Black Hawk,H60,Mil,tar1090-db import,,,,
AE4F40,167901,,SIKORSKY UH-60 Black Hawk,H60,Mil,tar1090-db import,,,,
AE4F41,168394,,SIKORSKY UH-60 Black Hawk,H60,Mil,tar1090-db import,,,,
AE4F42,168395,,SIKORSKY UH-60 Black Hawk,H60,Mil,tar1090-db import,,,,
AE4F44,168397,,SIKORSKY UH-60 Black Hawk,H60,Mil,tar1090-db import,,,,
AE4F45,166590,,H60,H60,Mil,tar1090-db import,,,,
AE4F47,166592,,SIKORSKY UH-60 Black Hawk,H60,Mil,tar1090-db import,,,,
AE4F48,166593,,SIKORSKY UH-60 Black Hawk,H60,Mil,tar1090-db import,,,,
AE4F49,166594,,H60,H60,Mil,tar1090-db import,,,,
AE4F4B,166596,,SIKORSKY UH-60 Black Hawk,H60,Mil,tar1090-db import,,,,
AE4F4C,166597,,SIKORSKY UH-60 Black Hawk,H60,Mil,tar1090-db import,,,,
AE4F4D,166996,,H60,H60,Mil,tar1090-db import,,,,
AE4F4E,166994,,H60,H60,Mil,tar1090-db import,,,,
AE4F4F,166995,,Sikorsky MH-60R Seahawk,H60,Mil,tar1090-db import,,,,
AE4F50,166996,,H60,H60,Mil,tar1090-db import,,,,
AE4F51,166997,,SIKORSKY UH-60 Black Hawk,H60,Mil,tar1090-db import,,,,
AE4F52,166998,,H60,H60,Mil,tar1090-db import,,,,
AE4F53,166999,,SIKORSKY UH-60 Black Hawk,H60,Mil,tar1090-db import,,,,
AE4F54,167000,,SIKORSKY UH-60 Black Hawk,H60,Mil,tar1090-db import,,,,
AE4F55,167001,,SIKORSKY UH-60 Black Hawk,H60,Mil,tar1090-db import,,,,
AE4F56,167002,,SIKORSKY UH-60 Black Hawk,H60,Mil,tar1090-db import,,,,
AE4F57,167003,,H60,H60,Mil,tar1090-db import,,,,
AE4F5A,167006,,SIKORSKY UH-60 Black Hawk,H60,Mil,tar1090-db import,,,,
AE4F5B,167007,,H60,H60,Mil,tar1090-db import,,,,
AE4F5C,167008,,SIKORSKY UH-60 Black Hawk,H60,Mil,tar1090-db import,,,,
AE4F5D,167009,,H60,H60,Mil,tar1090-db import,,,,
AE4F5E,167010,,SIKORSKY UH-60 Black Hawk,H60,Mil,tar1090-db import,,,,
AE4F5F,167013,,SIKORSKY UH-60 Black Hawk,H60,Mil,tar1090-db import,,,,
AE4F60,167012,,H60,H60,Mil,tar1090-db import,,,,
AE4F61,167013,,H60,H60,Mil,tar1090-db import,,,,
AE4F62,167014,,H60,H60,Mil,tar1090-db import,,,,
AE4F63,167015,,H60,H60,Mil,tar1090-db import,,,,
AE4F64,167016,,SIKORSKY UH-60 Black Hawk,H60,Mil,tar1090-db import,,,,
AE4F65,167017,,SIKORSKY UH-60 Black Hawk,H60,Mil,tar1090-db import,,,,
AE4F66,167018,,H60,H60,Mil,tar1090-db import,,,,
AE4F67,167019,,H60,H60,Mil,tar1090-db import,,,,
AE4F68,167020,,SIKORSKY UH-60 Black Hawk,H60,Mil,tar1090-db import,,,,
AE4F69,167021,,SIKORSKY UH-60 Black Hawk,H60,Mil,tar1090-db import,,,,
AE4F6A,167022,,SIKORSKY UH-60 Black Hawk,H60,Mil,tar1090-db import,,,,
AE4F6B,167023,,H60,H60,Mil,tar1090-db import,,,,
AE4F6C,167024,,SIKORSKY UH-60 Black Hawk,H60,Mil,tar1090-db import,,,,
AE4F6D,167025,,H60,H60,Mil,tar1090-db import,,,,
AE4F6E,167026,,SIKORSKY UH-60 Black Hawk,H60,Mil,tar1090-db import,,,,
AE4F6F,167029,,SIKORSKY UH-60 Black Hawk,H60,Mil,tar1090-db import,,,,
AE4F70,167028,,H60,H60,Mil,tar1090-db import,,,,
AE4F71,167029,,H60,H60,Mil,tar1090-db import,,,,
AE4F72,167030,,H60,H60,Mil,tar1090-db import,,,,
AE4F73,167031,,H60,H60,Mil,tar1090-db import,,,,
AE4F74,167033,,SIKORSKY UH-60 Black Hawk,H60,Mil,tar1090-db import,,,,
AE4F75,167033,,H60,H60,Mil,tar1090-db import,,,,
AE4F76,167034,,SIKORSKY UH-60 Black Hawk,H60,Mil,tar1090-db import,,,,
AE4F77,167035,,SIKORSKY UH-60 Black Hawk,H60,Mil,tar1090-db import,,,,
AE4F78,168037,,SIKORSKY UH-60 Black Hawk,H60,Mil,tar1090-db import,,,,
AE4F79,167038,,H60,H60,Mil,tar1090-db import,,,,
AE4F7A,167039,,H60,H60,Mil,tar1090-db import,,,,
AE4F7B,167040,,SIKORSKY UH-60 Black Hawk,H60,Mil,tar1090-db import,,,,
AE4F7C,167041,,H60,H60,Mil,tar1090-db import,,,,
AE4F7D,167042,,H60,H60,Mil,tar1090-db import,,,,
AE4F7E,167043,,H60,H60,Mil,tar1090-db import,,,,
AE4F7F,167044,,SIKORSKY UH-60 Black Hawk,H60,Mil,tar1090-db import,,,,
AE4F80,167045,,SIKORSKY UH-60 Black Hawk,H60,Mil,tar1090-db import,,,,
AE4F81,167047,,SIKORSKY UH-60 Black Hawk,H60,Mil,tar1090-db import,,,,
AE4F82,167048,,SIKORSKY UH-60 Black Hawk,H60,Mil,tar1090-db import,,,,
AE4F83,167049,,SIKORSKY UH-60 Black Hawk,H60,Mil,tar1090-db import,,,,
AE4F84,167050,,SIKORSKY UH-60 Black Hawk,H60,Mil,tar1090-db import,,,,
AE4F85,167051,,SIKORSKY UH-60 Black Hawk,H60,Mil,tar1090-db import,,,,
AE4F86,167052,,H60,H60,Mil,tar1090-db import,,,,
AE4F87,167053,,SIKORSKY UH-60 Black Hawk,H60,Mil,tar1090-db import,,,,
AE4F88,167054,,SIKORSKY UH-60 Black Hawk,H60,Mil,tar1090-db import,,,,
AE4F89,167055,,H60,H60,Mil,tar1090-db import,,,,
AE4F8A,167056,,SIKORSKY UH-60 Black Hawk,H60,Mil,tar1090-db import,,,,
AE4F8B,167057,,SIKORSKY UH-60 Black Hawk,H60,Mil,tar1090-db import,,,,
AE4F8C,167058,,SIKORSKY UH-60 Black Hawk,H60,Mil,tar1090-db import,,,,
AE4F8D,167059,,H60,H60,Mil,tar1090-db import,,,,
AE4F8E,167060,,SIKORSKY UH-60 Black Hawk,H60,Mil,tar1090-db import,,,,
AE4F8F,167061,,SIKORSKY UH-60 Black Hawk,H60,Mil,tar1090-db import,,,,
AE4F90,167062,,SIKORSKY UH-60 Black Hawk,H60,Mil,tar1090-db import,,,,
AE4F92,167064,,SIKORSKY UH-60 Black Hawk,H60,Mil,tar1090-db import,,,,
AE4F93,167065,,SIKORSKY UH-60 Black Hawk,H60,Mil,tar1090-db import,,,,
AE4F94,167066,,SIKORSKY UH-60 Black Hawk,H60,Mil,tar1090-db import,,,,
AE4F95,167067,,SIKORSKY UH-60 Black Hawk,H60,Mil,tar1090-db import,,,,
AE4F96,167068,,SIKORSKY UH-60 Black Hawk,H60,Mil,tar1090-db import,,,,
AE4F97,167069,,SIKORSKY UH-60 Black Hawk,H60,Mil,tar1090-db import,,,,
AE4F98,167070,,SIKORSKY UH-60 Black Hawk,H60,Mil,tar1090-db import,,,,
AE4F99,167071,,SIKORSKY UH-60 Black Hawk,H60,Mil,tar1090-db import,,,,
AE4F9A,167072,,SIKORSKY UH-60 Black Hawk,H60,Mil,tar1090-db import,,,,
AE4F9B,167779,,SIKORSKY UH-60 Black Hawk,H60,Mil,tar1090-db import,,,,
AE4F9C,167780,,SIKORSKY UH-60 Black Hawk,H60,Mil,tar1090-db import,,,,
AE4F9D,167781,,SIKORSKY UH-60 Black Hawk,H60,Mil,tar1090-db import,,,,
AE4F9E,168078,,SIKORSKY UH-60 Black Hawk,H60,Mil,tar1090-db import,,,,
AE4F9F,168079,,SIKORSKY UH-60 Black Hawk,H60,Mil,tar1090-db import,,,,
AE4FA0,168080,,SIKORSKY UH-60 Black Hawk,H60,Mil,tar1090-db import,,,,
AE4FA1,168081,,SIKORSKY UH-60 Black Hawk,H60,Mil,tar1090-db import,,,,
AE4FA2,168082,,SIKORSKY UH-60 Black Hawk,H60,Mil,tar1090-db import,,,,
AE4FA3,168083,,SIKORSKY UH-60 Black Hawk,H60,Mil,tar1090-db import,,,,
AE4FA6,168086,,SIKORSKY UH-60 Black Hawk,H60,Mil,tar1090-db import,,,,
AE4FA8,168088,,SIKORSKY UH-60 Black Hawk,H60,Mil,tar1090-db import,,,,
AE4FA9,168089,,SIKORSKY UH-60 Black Hawk,H60,Mil,tar1090-db import,,,,
AE4FAB,168091,,SIKORSKY UH-60 Black Hawk,H60,Mil,tar1090-db import,,,,
AE4FAC,168092,,SIKORSKY UH-60 Black Hawk,H60,Mil,tar1090-db import,,,,
AE4FAD,168093,,SIKORSKY UH-60 Black Hawk,H60,Mil,tar1090-db import,,,,
AE4FAE,168094,,SIKORSKY UH-60 Black Hawk,H60,Mil,tar1090-db import,,,,
AE4FAF,168095,,SIKORSKY UH-60 Black Hawk,H60,Mil,tar1090-db import,,,,
AE4FB0,168096,,SIKORSKY UH-60 Black Hawk,H60,Mil,tar1090-db import,,,,
AE4FB2,168098,,SIKORSKY UH-60 Black Hawk,H60,Mil,tar1090-db import,,,,
AE4FB3,168099,,SIKORSKY UH-60 Black Hawk,H60,Mil,tar1090-db import,,,,
AE4FB4,168100,,SIKORSKY UH-60 Black Hawk,H60,Mil,tar1090-db import,,,,
AE4FB5,168101,,SIKORSKY UH-60 Black Hawk,H60,Mil,tar1090-db import,,,,
AE4FB6,168102,,SIKORSKY UH-60 Black Hawk,H60,Mil,tar1090-db import,,,,
AE4FB8,168104,,SIKORSKY UH-60 Black Hawk,H60,Mil,tar1090-db import,,,,
AE4FB9,168105,,SIKORSKY UH-60 Black Hawk,H60,Mil,tar1090-db import,,,,
AE4FBA,168106,,SIKORSKY UH-60 Black Hawk,H60,Mil,tar1090-db import,,,,
AE4FBB,168107,,SIKORSKY UH-60 Black Hawk,H60,Mil,tar1090-db import,,,,
AE4FBC,168108,,SIKORSKY UH-60 Black Hawk,H60,Mil,tar1090-db import,,,,
AE4FBE,168110,,SIKORSKY UH-60 Black Hawk,H60,Mil,tar1090-db import,,,,
AE4FBF,168111,,SIKORSKY UH-60 Black Hawk,H60,Mil,tar1090-db import,,,,
AE4FC1,168113,,SIKORSKY UH-60 Black Hawk,H60,Mil,tar1090-db import,,,,
AE4FC2,168114,,SIKORSKY UH-60 Black Hawk,H60,Mil,tar1090-db import,,,,
AE4FC4,168116,,SIKORSKY UH-60 Black Hawk,H60,Mil,tar1090-db import,,,,
AE4FC5,168117,,SIKORSKY UH-60 Black Hawk,H60,Mil,tar1090-db import,,,,
AE4FC6,168118,,SIKORSKY UH-60 Black Hawk,H60,Mil,tar1090-db import,,,,
AE4FC7,168119,,SIKORSKY UH-60 Black Hawk,H60,Mil,tar1090-db import,,,,
AE4FC8,168120,,SIKORSKY UH-60 Black Hawk,H60,Mil,tar1090-db import,,,,
AE4FC9,168121,,SIKORSKY UH-60 Black Hawk,H60,Mil,tar1090-db import,,,,
AE4FCA,168122,,SIKORSKY UH-60 Black Hawk,H60,Mil,tar1090-db import,,,,
AE4FCB,168123,,SIKORSKY UH-60 Black Hawk,H60,Mil,tar1090-db import,,,,
AE4FCD,168125,,SIKORSKY UH-60 Black Hawk,H60,Mil,tar1090-db import,,,,
AE4FCE,168126,,SIKORSKY UH-60 Black Hawk,H60,Mil,tar1090-db import,,,,
AE4FCF,168127,,SIKORSKY UH-60 Black Hawk,H60,Mil,tar1090-db import,,,,
AE4FD1,168129,,SIKORSKY UH-60 Black Hawk,H60,Mil,tar1090-db import,,,,
AE4FD2,168130,,SIKORSKY UH-60 Black Hawk,H60,Mil,tar1090-db import,,,,
AE4FD3,168131,,SIKORSKY UH-60 Black Hawk,H60,Mil,tar1090-db import,,,,
AE4FD4,168132,,SIKORSKY UH-60 Black Hawk,H60,Mil,tar1090-db import,,,,
AE4FD5,168133,,SIKORSKY UH-60 Black Hawk,H60,Mil,tar1090-db import,,,,
AE4FD6,168134,,SIKORSKY UH-60 Black Hawk,H60,Mil,tar1090-db import,,,,
AE4FD7,168135,,SIKORSKY UH-60 Black Hawk,H60,Mil,tar1090-db import,,,,
AE4FD8,168136,,SIKORSKY UH-60 Black Hawk,H60,Mil,tar1090-db import,,,,
AE4FD9,168137,,SIKORSKY UH-60 Black Hawk,H60,Mil,tar1090-db import,,,,
AE4FDA,168138,,SIKORSKY UH-60 Black Hawk,H60,Mil,tar1090-db import,,,,
AE4FDB,168139,,SIKORSKY UH-60 Black Hawk,H60,Mil,tar1090-db import,,,,
AE4FDC,168140,,SIKORSKY UH-60 Black Hawk,H60,Mil,tar1090-db import,,,,
AE4FDD,168141,,SIKORSKY UH-60 Black Hawk,H60,Mil,tar1090-db import,,,,
AE4FDE,168142,,SIKORSKY UH-60 Black Hawk,H60,Mil,tar1090-db import,,,,
AE4FDF,168143,,SIKORSKY UH-60 Black Hawk,H60,Mil,tar1090-db import,,,,
AE4FE0,168144,,SIKORSKY UH-60 Black Hawk,H60,Mil,tar1090-db import,,,,
AE4FE1,168145,,SIKORSKY UH-60 Black Hawk,H60,Mil,tar1090-db import,,,,
AE4FE2,168146,,SIKORSKY UH-60 Black Hawk,H60,Mil,tar1090-db import,,,,
AE4FE4,168148,,SIKORSKY UH-60 Black Hawk,H60,Mil,tar1090-db import,,,,
AE4FE5,168149,,SIKORSKY UH-60 Black Hawk,H60,Mil,tar1090-db import,,,,
AE4FE6,168150,,SIKORSKY UH-60 Black Hawk,H60,Mil,tar1090-db import,,,,
AE4FE7,168151,,SIKORSKY UH-60 Black Hawk,H60,Mil,tar1090-db import,,,,
AE4FEA,168154,,SIKORSKY UH-60 Black Hawk,H60,Mil,tar1090-db import,,,,
AE4FEB,168155,,SIKORSKY UH-60 Black Hawk,H60,Mil,tar1090-db import,,,,
AE4FEC,168156,,SIKORSKY UH-60 Black Hawk,H60,Mil,tar1090-db import,,,,
AE4FED,168157,,SIKORSKY UH-60 Black Hawk,H60,Mil,tar1090-db import,,,,
AE4FEE,168158,,SIKORSKY UH-60 Black Hawk,H60,Mil,tar1090-db import,,,,
AE4FEF,168159,,SIKORSKY UH-60 Black Hawk,H60,Mil,tar1090-db import,,,,
AE4FF0,168160,,SIKORSKY UH-60 Black Hawk,H60,Mil,tar1090-db import,,,,
AE4FF2,168162,,SIKORSKY UH-60 Black Hawk,H60,Mil,tar1090-db import,,,,
AE4FF3,168163,,SIKORSKY UH-60 Black Hawk,H60,Mil,tar1090-db import,,,,
AE4FF4,168164,,SIKORSKY UH-60 Black Hawk,H60,Mil,tar1090-db import,,,,
AE4FF5,168165,,SIKORSKY UH-60 Black Hawk,H60,Mil,tar1090-db import,,,,
AE4FF6,168166,,SIKORSKY UH-60 Black Hawk,H60,Mil,tar1090-db import,,,,
AE4FF8,168168,,SIKORSKY UH-60 Black Hawk,H60,Mil,tar1090-db import,,,,
AE4FF9,168169,,SIKORSKY UH-60 Black Hawk,H60,Mil,tar1090-db import,,,,
AE4FFA,168170,,SIKORSKY UH-60 Black Hawk,H60,Mil,tar1090-db import,,,,
AE4FFB,168171,,SIKORSKY UH-60 Black Hawk,H60,Mil,tar1090-db import,,,,
AE4FFD,168173,,SIKORSKY UH-60 Black Hawk,H60,Mil,tar1090-db import,,,,
AE4FFE,168174,,SIKORSKY UH-60 Black Hawk,H60,Mil,tar1090-db import,,,,
AE4FFF,168175,,H60,H60,Mil,tar1090-db import,,,,
AE5000,168176,,H60,H60,Mil,tar1090-db import,,,,
AE5001,168177,,SIKORSKY UH-60 Black Hawk,H60,Mil,tar1090-db import,,,,
AE5002,168178,,H60,H60,Mil,tar1090-db import,,,,
AE5004,168180,,SIKORSKY UH-60 Black Hawk,H60,Mil,tar1090-db import,,,,
AE5005,168181,,H60,H60,Mil,tar1090-db import,,,,
AE5006,168182,,SIKORSKY UH-60 Black Hawk,H60,Mil,tar1090-db import,,,,
AE5007,168183,,H60,H60,Mil,tar1090-db import,,,,
AE5008,168184,,H60,H60,Mil,tar1090-db import,,,,
AE5009,168185,,H60,H60,Mil,tar1090-db import,,,,
AE500A,168186,,H60,H60,Mil,tar1090-db import,,,,
AE500B,168187,,H60,H60,Mil,tar1090-db import,,,,
AE500C,168188,,H60,H60,Mil,tar1090-db import,,,,
AE500D,168190,,H60,H60,Mil,tar1090-db import,,,,
AE500E,168191,,H60,H60,Mil,tar1090-db import,,,,
AE500F,168192,,H60,H60,Mil,tar1090-db import,,,,
AE5010,168193,,H60,H60,Mil,tar1090-db import,,,,
AE5011,168194,,H60,H60,Mil,tar1090-db import,,,,
AE5012,168195,,H60,H60,Mil,tar1090-db import,,,,
AE501E,167047,,H60,H60,Mil,tar1090-db import,,,,
AE509F,6544,,AEROSPATIALE AS-365 Dauphin 2,AS65,Mil,tar1090-db import,,,,
AE50AD,09-20176,,SIKORSKY UH-60 Black Hawk,H60,Mil,tar1090-db import,,,,
AE50AE,09-20177,,SIKORSKY UH-60 Black Hawk,H60,Mil,tar1090-db import,,,,
AE50B0,09-20224,,SIKORSKY UH-60 Black Hawk,H60,Mil,tar1090-db import,,,,
AE50B1,09-20225,,SIKORSKY UH-60 Black Hawk,H60,Mil,tar1090-db import,,,,
AE50B2,10-20238,,SIKORSKY UH-60 Black Hawk,H60,Mil,tar1090-db import,,,,
AE50B3,10-20239,,SIKORSKY UH-60 Black Hawk,H60,Mil,tar1090-db import,,,,
AE50B5,10-20245,,SIKORSKY UH-60 Black Hawk,H60,Mil,tar1090-db import,,,,
AE50B6,10-20246,,SIKORSKY UH-60 Black Hawk,H60,Mil,tar1090-db import,,,,
AE50B7,10-20247,,SIKORSKY UH-60 Black Hawk,H60,Mil,tar1090-db import,,,,
AE50B8,10-20248,,SIKORSKY UH-60 Black Hawk,H60,Mil,tar1090-db import,,,,
AE50B9,10-20249,,SIKORSKY UH-60 Black Hawk,H60,Mil,tar1090-db import,,,,
AE50BA,10-20250,,SIKORSKY UH-60 Black Hawk,H60,Mil,tar1090-db import,,,,
AE50BB,10-20251,,SIKORSKY UH-60 Black Hawk,H60,Mil,tar1090-db import,,,,
AE50BD,10-20253,,H60,H60,Mil,tar1090-db import,,,,
AE50BE,10-20254,,SIKORSKY UH-60 Black Hawk,H60,Mil,tar1090-db import,,,,
AE50BF,10-20255,,SIKORSKY UH-60 Black Hawk,H60,Mil,tar1090-db import,,,,
AE50C0,10-20256,,SIKORSKY UH-60 Black Hawk,H60,Mil,tar1090-db import,,,,
AE50C2,10-20258,,SIKORSKY UH-60 Black Hawk,H60,Mil,tar1090-db import,,,,
AE50C3,10-20259,,SIKORSKY UH-60 Black Hawk,H60,Mil,tar1090-db import,,,,
AE50C4,10-20260,,SIKORSKY UH-60 Black Hawk,H60,Mil,tar1090-db import,,,,
AE50C5,10-20261,,SIKORSKY UH-60 Black Hawk,H60,Mil,tar1090-db import,,,,
AE50C8,10-20264,,SIKORSKY UH-60 Black Hawk,H60,Mil,tar1090-db import,,,,
AE50C9,10-20265,,SIKORSKY UH-60 Black Hawk,H60,Mil,tar1090-db import,,,,
AE50CC,10-20268,,SIKORSKY UH-60 Black Hawk,H60,Mil,tar1090-db import,,,,
AE50CD,10-20269,,SIKORSKY UH-60 Black Hawk,H60,Mil,tar1090-db import,,,,
AE50CE,10-20270,,SIKORSKY UH-60 Black Hawk,H60,Mil,tar1090-db import,,,,
AE50CF,10-20271,,SIKORSKY UH-60 Black Hawk,H60,Mil,tar1090-db import,,,,
AE50D0,10-20272,,SIKORSKY UH-60 Black Hawk,H60,Mil,tar1090-db import,,,,
AE50D1,10-20273,,SIKORSKY UH-60 Black Hawk,H60,Mil,tar1090-db import,,,,
AE50D3,10-20275,,SIKORSKY UH-60 Black Hawk,H60,Mil,tar1090-db import,,,,
AE50D4,10-20276,,SIKORSKY UH-60 Black Hawk,H60,Mil,tar1090-db import,,,,
AE50D5,10-20277,,SIKORSKY UH-60 Black Hawk,H60,Mil,tar1090-db import,,,,
AE50D6,10-20278,,SIKORSKY UH-60 Black Hawk,H60,Mil,tar1090-db import,,,,
AE50D7,10-20279,,SIKORSKY UH-60 Black Hawk,H60,Mil,tar1090-db import,,,,
AE50D8,10-20280,,SIKORSKY UH-60 Black Hawk,H60,Mil,tar1090-db import,,,,
AE50D9,10-20281,,SIKORSKY UH-60 Black Hawk,H60,Mil,tar1090-db import,,,,
AE50DB,10-20283,,SIKORSKY UH-60 Black Hawk,H60,Mil,tar1090-db import,,,,
AE50DD,10-20285,,SIKORSKY UH-60 Black Hawk,H60,Mil,tar1090-db import,,,,
AE50DE,10-20286,,SIKORSKY UH-60 Black Hawk,H60,Mil,tar1090-db import,,,,
AE50DF,10-20287,,SIKORSKY UH-60 Black Hawk,H60,Mil,tar1090-db import,,,,
AE50E1,10-20289,,SIKORSKY UH-60 Black Hawk,H60,Mil,tar1090-db import,,,,
AE50E3,10-20312,,SIKORSKY UH-60 Black Hawk,H60,Mil,tar1090-db import,,,,
AE50E4,10-20313,,SIKORSKY UH-60 Black Hawk,H60,Mil,tar1090-db import,,,,
AE50E6,10-20315,,SIKORSKY UH-60 Black Hawk,H60,Mil,tar1090-db import,,,,
AE50E8,10-20317,,SIKORSKY UH-60 Black Hawk,H60,Mil,tar1090-db import,,,,
AE50E9,10-20318,,SIKORSKY UH-60 Black Hawk,H60,Mil,tar1090-db import,,,,
AE50EA,10-20319,,SIKORSKY UH-60 Black Hawk,H60,Mil,tar1090-db import,,,,
AE510B,10-20240,,SIKORSKY UH-60 Black Hawk,H60,Mil,tar1090-db import,,,,
AE510C,10-20290,,SIKORSKY UH-60 Black Hawk,H60,Mil,tar1090-db import,,,,
AE510D,10-20291,,SIKORSKY UH-60 Black Hawk,H60,Mil,tar1090-db import,,,,
AE510E,10-20292,,SIKORSKY UH-60 Black Hawk,H60,Mil,tar1090-db import,,,,
AE510F,10-20293,,SIKORSKY UH-60 Black Hawk,H60,Mil,tar1090-db import,,,,
AE5110,10-20294,,SIKORSKY UH-60 Black Hawk,H60,Mil,tar1090-db import,,,,
AE5111,10-20295,,SIKORSKY UH-60 Black Hawk,H60,Mil,tar1090-db import,,,,
AE5112,10-20296,,SIKORSKY UH-60 Black Hawk,H60,Mil,tar1090-db import,,,,
AE5113,10-20297,,SIKORSKY UH-60 Black Hawk,H60,Mil,tar1090-db import,,,,
AE5114,10-20298,,SIKORSKY UH-60 Black Hawk,H60,Mil,tar1090-db import,,,,
AE5115,10-20299,,SIKORSKY UH-60 Black Hawk,H60,Mil,tar1090-db import,,,,
AE5116,10-20300,,SIKORSKY UH-60 Black Hawk,H60,Mil,tar1090-db import,,,,
AE5117,10-20301,,SIKORSKY UH-60 Black Hawk,H60,Mil,tar1090-db import,,,,
AE5118,10-20302,,SIKORSKY UH-60 Black Hawk,H60,Mil,tar1090-db import,,,,
AE5119,10-20303,,SIKORSKY UH-60 Black Hawk,H60,Mil,tar1090-db import,,,,
AE511A,10-20304,,SIKORSKY UH-60 Black Hawk,H60,Mil,tar1090-db import,,,,
AE511C,10-20306,,SIKORSKY UH-60 Black Hawk,H60,Mil,tar1090-db import,,,,
AE511D,10-20307,,SIKORSKY UH-60 Black Hawk,H60,Mil,tar1090-db import,,,,
AE511F,10-20309,,SIKORSKY UH-60 Black Hawk,H60,Mil,tar1090-db import,,,,
AE5120,10-20310,,SIKORSKY UH-60 Black Hawk,H60,Mil,tar1090-db import,,,,
AE5121,10-20326,,SIKORSKY UH-60 Black Hawk,H60,Mil,tar1090-db import,,,,
AE5122,09-05645,,MCDONNELL DOUGLAS AH-64 Apache,H64,Mil,tar1090-db import,,,,
AE5127,09-05650,,H64,H64,Mil,tar1090-db import,,,,
AE512A,09-05653,,H64,H64,Mil,tar1090-db import,,,,
AE5130,09-05659,,H64,H64,Mil,tar1090-db import,,,,
AE5133,09-05662,,H64,H64,Mil,tar1090-db import,,,,
AE5137,09-05666,,Boeing AH-64D Apache,H64,Mil,tar1090-db import,,,,
AE513B,09-05670,,Boeing AH-64D Apache,H64,Mil,tar1090-db import,,,,
AE513F,09-05675,,H64,H64,Mil,tar1090-db import,,,,
AE5140,09-05676,,MCDONNELL DOUGLAS AH-64 Apache,H64,Mil,tar1090-db import,,,,
AE5148,09-07058,,MCDONNELL DOUGLAS AH-64 Apache,H64,Mil,tar1090-db import,,,,
AE514E,09-07064,,MCDONNELL DOUGLAS AH-64 Apache,H64,Mil,tar1090-db import,,,,
AE5153,09-05680,,MCDONNELL DOUGLAS AH-64 Apache,H64,Mil,tar1090-db import,,,,
AE5156,09-05683,,MCDONNELL DOUGLAS AH-64 Apache,H64,Mil,tar1090-db import,,,,
AE515D,10-05619,,MCDONNELL DOUGLAS AH-64 Apache,H64,Mil,tar1090-db import,,,,
AE5165,168463,,F18S,F18S,Mil,tar1090-db import,,,,
AE5166,168464,,F18S,F18S,Mil,tar1090-db import,,,,
AE5167,168465,,F18S,F18S,Mil,tar1090-db import,,,,
AE5168,168466,,F18S,F18S,Mil,tar1090-db import,,,,
AE5169,168467,,F18S,F18S,Mil,tar1090-db import,,,,
AE516A,168468,,F18S,F18S,Mil,tar1090-db import,,,,
AE516B,168469,,F18S,F18S,Mil,tar1090-db import,,,,
AE516C,168470,,F18S,F18S,Mil,tar1090-db import,,,,
AE516D,168471,,F18S,F18S,Mil,tar1090-db import,,,,
AE516E,168472,,F18S,F18S,Mil,tar1090-db import,,,,
AE516F,168473,,BOEING FA-18 SUPER HORNET,F18S,Mil,tar1090-db import,,,,
AE5170,168474,,BOEING FA-18 SUPER HORNET,F18S,Mil,tar1090-db import,,,,
AE5172,168475,,F18S,F18S,Mil,tar1090-db import,,,,
AE5173,168476,,F18S,F18S,Mil,tar1090-db import,,,,
AE5174,168477,,F18S,F18S,Mil,tar1090-db import,,,,
AE5175,168478,,BOEING FA-18 SUPER HORNET,F18S,Mil,tar1090-db import,,,,
AE5176,168479,,F18S,F18S,Mil,tar1090-db import,,,,
AE5177,168480,,F18S,F18S,Mil,tar1090-db import,,,,
AE5178,168481,,F18S,F18S,Mil,tar1090-db import,,,,
AE5179,168482,,F18S,F18S,Mil,tar1090-db import,,,,
AE517A,168483,,F18S,F18S,Mil,tar1090-db import,,,,
AE517B,168484,,F18S,F18S,Mil,tar1090-db import,,,,
AE517C,168485,,F18S,F18S,Mil,tar1090-db import,,,,
AE517D,168486,,F18S,F18S,Mil,tar1090-db import,,,,
AE517E,168487,,BOEING FA-18 SUPER HORNET,F18S,Mil,tar1090-db import,,,,
AE517F,168488,,F18S,F18S,Mil,tar1090-db import,,,,
AE5180,168489,,Boeing F/A-18F Super Hornet,F18S,Mil,tar1090-db import,,,,
AE5181,168490,,Boeing F/A-18F Super Hornet,F18S,Mil,tar1090-db import,,,,
AE5182,168491,,F18S,F18S,Mil,tar1090-db import,,,,
AE5183,168492,,Boeing F/A-18F Super Hornet,F18S,Mil,tar1090-db import,,,,
AE5184,169181,,S92,S92,Mil,tar1090-db import,,,,
AE5185,168765,,F18S,F18S,Mil,tar1090-db import,,,,
AE5186,168766,,F18S,F18S,Mil,tar1090-db import,,,,
AE5187,168767,,BOEING FA-18 SUPER HORNET,F18S,Mil,tar1090-db import,,,,
AE5188,168768,,F18S,F18S,Mil,tar1090-db import,,,,
AE5189,168769,,F18S,F18S,Mil,tar1090-db import,,,,
AE518A,168770,,F18S,F18S,Mil,tar1090-db import,,,,
AE518B,168771,,BOEING FA-18 SUPER HORNET,F18S,Mil,tar1090-db import,,,,
AE518C,168772,,F18S,F18S,Mil,tar1090-db import,,,,
AE518D,168773,,BOEING FA-18 SUPER HORNET,F18S,Mil,tar1090-db import,,,,
AE518E,168774,,F18S,F18S,Mil,tar1090-db import,,,,
AE518F,168775,,F18S,F18S,Mil,tar1090-db import,,,,
AE5190,168776,,F18S,F18S,Mil,tar1090-db import,,,,
AE5195,10-20243,,SIKORSKY UH-60 Black Hawk,H60,Mil,tar1090-db import,,,,
AE5196,10-20324,,Sikorsky HH-60U Ghost Hawk,H60,Mil,tar1090-db import,,,,
AE5197,10-20325,,SIKORSKY UH-60 Black Hawk,H60,Mil,tar1090-db import,,,,
AE5198,10-20327,,SIKORSKY UH-60 Black Hawk,H60,Mil,tar1090-db import,,,,
AE519A,10-20331,,SIKORSKY UH-60 Black Hawk,H60,Mil,tar1090-db import,,,,
AE519B,10-20334,,SIKORSKY UH-60 Black Hawk,H60,Mil,tar1090-db import,,,,
AE519C,10-20335,,SIKORSKY UH-60 Black Hawk,H60,Mil,tar1090-db import,,,,
AE519E,10-20337,,SIKORSKY UH-60 Black Hawk,H60,Mil,tar1090-db import,,,,
AE51A2,11-20340,,SIKORSKY UH-60 Black Hawk,H60,Mil,tar1090-db import,,,,
AE51A3,11-20341,,SIKORSKY UH-60 Black Hawk,H60,Mil,tar1090-db import,,,,
AE51A4,11-20343,,SIKORSKY UH-60 Black Hawk,H60,Mil,tar1090-db import,,,,
AE51A5,11-20345,,SIKORSKY UH-60 Black Hawk,H60,Mil,tar1090-db import,,,,
AE51A6,11-20346,,SIKORSKY UH-60 Black Hawk,H60,Mil,tar1090-db import,,,,
AE51A7,11-20348,,SIKORSKY UH-60 Black Hawk,H60,Mil,tar1090-db import,,,,
AE51A8,11-20356,,SIKORSKY UH-60 Black Hawk,H60,Mil,tar1090-db import,,,,
AE51A9,11-20357,,SIKORSKY UH-60 Black Hawk,H60,Mil,tar1090-db import,,,,
AE51AA,11-20358,,SIKORSKY UH-60 Black Hawk,H60,Mil,tar1090-db import,,,,
AE51AD,11-20361,,SIKORSKY UH-60 Black Hawk,H60,Mil,tar1090-db import,,,,
AE51AE,11-20362,,SIKORSKY UH-60 Black Hawk,H60,Mil,tar1090-db import,,,,
AE51AF,11-20363,,SIKORSKY UH-60 Black Hawk,H60,Mil,tar1090-db import,,,,
AE51B0,11-20364,,SIKORSKY UH-60 Black Hawk,H60,Mil,tar1090-db import,,,,
AE51B1,11-20365,,SIKORSKY UH-60 Black Hawk,H60,Mil,tar1090-db import,,,,
AE51B2,11-20366,,SIKORSKY UH-60 Black Hawk,H60,Mil,tar1090-db import,,,,
AE51B4,11-20369,,SIKORSKY UH-60 Black Hawk,H60,Mil,tar1090-db import,,,,
AE51B5,11-20370,,SIKORSKY UH-60 Black Hawk,H60,Mil,tar1090-db import,,,,
AE51B6,11-20371,,SIKORSKY UH-60 Black Hawk,H60,Mil,tar1090-db import,,,,
AE51B7,11-20372,,SIKORSKY UH-60 Black Hawk,H60,Mil,tar1090-db import,,,,
AE51B9,11-20375,,SIKORSKY UH-60 Black Hawk,H60,Mil,tar1090-db import,,,,
AE51BA,11-20386,,SIKORSKY UH-60 Black Hawk,H60,Mil,tar1090-db import,,,,
AE51BB,11-20387,,SIKORSKY UH-60 Black Hawk,H60,Mil,tar1090-db import,,,,
AE51BC,11-20388,,SIKORSKY UH-60 Black Hawk,H60,Mil,tar1090-db import,,,,
AE51BD,11-20389,,SIKORSKY UH-60 Black Hawk,H60,Mil,tar1090-db import,,,,
AE51BE,11-20390,,SIKORSKY UH-60 Black Hawk,H60,Mil,tar1090-db import,,,,
AE51BF,11-20391,,SIKORSKY UH-60 Black Hawk,H60,Mil,tar1090-db import,,,,
AE51C2,11-20395,,SIKORSKY UH-60 Black Hawk,H60,Mil,tar1090-db import,,,,
AE51C3,11-20396,,SIKORSKY UH-60 Black Hawk,H60,Mil,tar1090-db import,,,,
AE51C4,11-20397,,SIKORSKY UH-60 Black Hawk,H60,Mil,tar1090-db import,,,,
AE51C5,11-20398,,SIKORSKY UH-60 Black Hawk,H60,Mil,tar1090-db import,,,,
AE51C6,11-20399,,SIKORSKY UH-60 Black Hawk,H60,Mil,tar1090-db import,,,,
AE51C7,11-20401,,SIKORSKY UH-60 Black Hawk,H60,Mil,tar1090-db import,,,,
AE51C8,11-20412,,SIKORSKY UH-60 Black Hawk,H60,Mil,tar1090-db import,,,,
AE51C9,11-20413,,SIKORSKY UH-60 Black Hawk,H60,Mil,tar1090-db import,,,,
AE51CA,11-20414,,SIKORSKY UH-60 Black Hawk,H60,Mil,tar1090-db import,,,,
AE51CB,11-20415,,SIKORSKY UH-60 Black Hawk,H60,Mil,tar1090-db import,,,,
AE51CC,11-20416,,SIKORSKY UH-60 Black Hawk,H60,Mil,tar1090-db import,,,,
AE51CD,11-20417,,SIKORSKY UH-60 Black Hawk,H60,Mil,tar1090-db import,,,,
AE51CE,11-20418,,SIKORSKY UH-60 Black Hawk,H60,Mil,tar1090-db import,,,,
AE51CF,11-20419,,SIKORSKY UH-60 Black Hawk,H60,Mil,tar1090-db import,,,,
AE51D0,11-20420,,SIKORSKY UH-60 Black Hawk,H60,Mil,tar1090-db import,,,,
AE51D2,11-20423,,SIKORSKY UH-60 Black Hawk,H60,Mil,tar1090-db import,,,,
AE51D3,10-20332,,SIKORSKY UH-60 Black Hawk,H60,Mil,tar1090-db import,,,,
AE51D4,11-20349,,SIKORSKY UH-60 Black Hawk,H60,Mil,tar1090-db import,,,,
AE51D5,11-20350,,SIKORSKY UH-60 Black Hawk,H60,Mil,tar1090-db import,,,,
AE51D6,11-20351,,SIKORSKY UH-60 Black Hawk,H60,Mil,tar1090-db import,,,,
AE51D7,11-20352,,SIKORSKY UH-60 Black Hawk,H60,Mil,tar1090-db import,,,,
AE51D8,11-20353,,SIKORSKY UH-60 Black Hawk,H60,Mil,tar1090-db import,,,,
AE51D9,11-20354,,SIKORSKY UH-60 Black Hawk,H60,Mil,tar1090-db import,,,,
AE51DA,11-20355,,SIKORSKY UH-60 Black Hawk,H60,Mil,tar1090-db import,,,,
AE51DB,11-20376,,SIKORSKY UH-60 Black Hawk,H60,Mil,tar1090-db import,,,,
AE51DC,11-20377,,SIKORSKY UH-60 Black Hawk,H60,Mil,tar1090-db import,,,,
AE51DE,11-20379,,SIKORSKY UH-60 Black Hawk,H60,Mil,tar1090-db import,,,,
AE51DF,11-20380,,SIKORSKY UH-60 Black Hawk,H60,Mil,tar1090-db import,,,,
AE51E1,11-20382,,SIKORSKY UH-60 Black Hawk,H60,Mil,tar1090-db import,,,,
AE51E2,11-20383,,SIKORSKY UH-60 Black Hawk,H60,Mil,tar1090-db import,,,,
AE51E3,11-20384,,SIKORSKY UH-60 Black Hawk,H60,Mil,tar1090-db import,,,,
AE51E5,11-20403,,SIKORSKY UH-60 Black Hawk,H60,Mil,tar1090-db import,,,,
AE51E7,11-20405,,SIKORSKY UH-60 Black Hawk,H60,Mil,tar1090-db import,,,,
AE51E9,11-20407,,SIKORSKY UH-60 Black Hawk,H60,Mil,tar1090-db import,,,,
AE51EA,11-20408,,SIKORSKY UH-60 Black Hawk,H60,Mil,tar1090-db import,,,,
AE51EB,11-20409,,SIKORSKY UH-60 Black Hawk,H60,Mil,tar1090-db import,,,,
AE5209,73-21776,,Bell TH-1H Iroquois,UH1,Mil,tar1090-db import,,,,
AE5237,07-08033,,BOEING-VERTOL CH-47 Chinook,H47,Mil,tar1090-db import,,,,
AE523A,07-08036,,BOEING-VERTOL CH-47 Chinook,H47,Mil,tar1090-db import,,,,
AE523B,07-08037,,BOEING-VERTOL CH-47 Chinook,H47,Mil,tar1090-db import,,,,
AE523C,07-08038,,BOEING-VERTOL CH-47 Chinook,H47,Mil,tar1090-db import,,,,
AE523D,07-08039,,BOEING-VERTOL CH-47 Chinook,H47,Mil,tar1090-db import,,,,
AE523E,07-08040,,BOEING-VERTOL CH-47 Chinook,H47,Mil,tar1090-db import,,,,
AE5240,07-08721,,BOEING-VERTOL CH-47 Chinook,H47,Mil,tar1090-db import,,,,
AE5241,07-08722,,H47,H47,Mil,tar1090-db import,,,,
AE5243,07-08724,,BOEING-VERTOL CH-47 Chinook,H47,Mil,tar1090-db import,,,,
AE5244,07-08725,,BOEING-VERTOL CH-47 Chinook,H47,Mil,tar1090-db import,,,,
AE5245,07-08726,,Boeing CH-47F Chinook,H47,Mil,tar1090-db import,,,,
AE5246,07-08727,,H47,H47,Mil,tar1090-db import,,,,
AE5247,07-08728,,BOEING-VERTOL CH-47 Chinook,H47,Mil,tar1090-db import,,,,
AE5248,07-08729,,BOEING-VERTOL CH-47 Chinook,H47,Mil,tar1090-db import,,,,
AE5249,07-08730,,BOEING-VERTOL CH-47 Chinook,H47,Mil,tar1090-db import,,,,
AE524A,07-08731,,H47,H47,Mil,tar1090-db import,,,,
AE524B,07-08732,,BOEING-VERTOL CH-47 Chinook,H47,Mil,tar1090-db import,,,,
AE524C,07-08733,,Boeing CH-47F Chinook,H47,Mil,tar1090-db import,,,,
AE524D,07-08734,,BOEING-VERTOL CH-47 Chinook,H47,Mil,tar1090-db import,,,,
AE524E,07-08735,,BOEING-VERTOL CH-47 Chinook,H47,Mil,tar1090-db import,,,,
AE524F,07-08736,,BOEING-VERTOL CH-47 Chinook,H47,Mil,tar1090-db import,,,,
AE5250,07-08737,,BOEING-VERTOL CH-47 Chinook,H47,Mil,tar1090-db import,,,,
AE5253,07-08740,,BOEING-VERTOL CH-47 Chinook,H47,Mil,tar1090-db import,,,,
AE5254,07-08741,,BOEING-VERTOL CH-47 Chinook,H47,Mil,tar1090-db import,,,,
AE5255,07-08742,,H47,H47,Mil,tar1090-db import,,,,
AE5256,07-08743,,BOEING-VERTOL CH-47 Chinook,H47,Mil,tar1090-db import,,,,
AE5258,08-08043,,BOEING-VERTOL CH-47 Chinook,H47,Mil,tar1090-db import,,,,
AE525A,08-08045,,BOEING-VERTOL CH-47 Chinook,H47,Mil,tar1090-db import,,,,
AE525B,08-08046,,BOEING-VERTOL CH-47 Chinook,H47,Mil,tar1090-db import,,,,
AE525C,08-08047,,BOEING-VERTOL CH-47 Chinook,H47,Mil,tar1090-db import,,,,
AE525E,08-08049,,BOEING-VERTOL CH-47 Chinook,H47,Mil,tar1090-db import,,,,
AE525F,08-08050,,BOEING-VERTOL CH-47 Chinook,H47,Mil,tar1090-db import,,,,
AE5260,08-08051,,BOEING-VERTOL CH-47 Chinook,H47,Mil,tar1090-db import,,,,
AE5261,08-08052,,BOEING-VERTOL CH-47 Chinook,H47,Mil,tar1090-db import,,,,
AE5262,08-08053,,BOEING-VERTOL CH-47 Chinook,H47,Mil,tar1090-db import,,,,
AE5263,08-08054,,BOEING-VERTOL CH-47 Chinook,H47,Mil,tar1090-db import,,,,
AE5265,08-08056,,BOEING-VERTOL CH-47 Chinook,H47,Mil,tar1090-db import,,,,
AE5266,08-08057,,BOEING-VERTOL CH-47 Chinook,H47,Mil,tar1090-db import,,,,
AE5267,08-08058,,BOEING-VERTOL CH-47 Chinook,H47,Mil,tar1090-db import,,,,
AE5268,08-08752,,BOEING-VERTOL CH-47 Chinook,H47,Mil,tar1090-db import,,,,
AE5269,08-08753,,BOEING-VERTOL CH-47 Chinook,H47,Mil,tar1090-db import,,,,
AE526B,08-08755,,BOEING-VERTOL CH-47 Chinook,H47,Mil,tar1090-db import,,,,
AE526E,08-08758,,BOEING-VERTOL CH-47 Chinook,H47,Mil,tar1090-db import,,,,
AE526F,08-08759,,BOEING-VERTOL CH-47 Chinook,H47,Mil,tar1090-db import,,,,
AE5270,08-08760,,BOEING-VERTOL CH-47 Chinook,H47,Mil,tar1090-db import,,,,
AE5271,08-08761,,H47,H47,Mil,tar1090-db import,,,,
AE5272,08-08762,,BOEING-VERTOL CH-47 Chinook,H47,Mil,tar1090-db import,,,,
AE5273,08-08763,,BOEING-VERTOL CH-47 Chinook,H47,Mil,tar1090-db import,,,,
AE5274,08-08764,,BOEING-VERTOL CH-47 Chinook,H47,Mil,tar1090-db import,,,,
AE5275,08-08765,,BOEING-VERTOL CH-47 Chinook,H47,Mil,tar1090-db import,,,,
AE5277,08-08767,,BOEING-VERTOL CH-47 Chinook,H47,Mil,tar1090-db import,,,,
AE5278,08-08768,,BOEING-VERTOL CH-47 Chinook,H47,Mil,tar1090-db import,,,,
AE5279,08-08769,,H47,H47,Mil,tar1090-db import,,,,
AE527A,08-08770,,H47,H47,Mil,tar1090-db import,,,,
AE527B,08-08771,,BOEING-VERTOL CH-47 Chinook,H47,Mil,tar1090-db import,,,,
AE527C,08-08772,,BOEING-VERTOL CH-47 Chinook,H47,Mil,tar1090-db import,,,,
AE527D,08-08773,,H47,H47,Mil,tar1090-db import,,,,
AE527E,08-08774,,BOEING-VERTOL CH-47 Chinook,H47,Mil,tar1090-db import,,,,
AE5280,08-08776,,BOEING-VERTOL CH-47 Chinook,H47,Mil,tar1090-db import,,,,
AE5281,08-08777,,H47,H47,Mil,tar1090-db import,,,,
AE5282,09-08059,,BOEING-VERTOL CH-47 Chinook,H47,Mil,tar1090-db import,,,,
AE5283,09-08060,,BOEING-VERTOL CH-47 Chinook,H47,Mil,tar1090-db import,,,,
AE5285,09-08062,,BOEING-VERTOL CH-47 Chinook,H47,Mil,tar1090-db import,,,,
AE5286,09-08063,,H47,H47,Mil,tar1090-db import,,,,
AE5287,09-08064,,BOEING-VERTOL CH-47 Chinook,H47,Mil,tar1090-db import,,,,
AE5288,09-08065,,BOEING-VERTOL CH-47 Chinook,H47,Mil,tar1090-db import,,,,
AE5289,09-08066,,BOEING-VERTOL CH-47 Chinook,H47,Mil,tar1090-db import,,,,
AE528A,09-08067,,BOEING-VERTOL CH-47 Chinook,H47,Mil,tar1090-db import,,,,
AE528B,09-08068,,BOEING-VERTOL CH-47 Chinook,H47,Mil,tar1090-db import,,,,
AE528C,09-08069,,BOEING-VERTOL CH-47 Chinook,H47,Mil,tar1090-db import,,,,
AE528D,09-08778,,BOEING-VERTOL CH-47 Chinook,H47,Mil,tar1090-db import,,,,
AE528E,09-08779,,BOEING-VERTOL CH-47 Chinook,H47,Mil,tar1090-db import,,,,
AE528F,09-08780,,BOEING-VERTOL CH-47 Chinook,H47,Mil,tar1090-db import,,,,
AE5290,09-08781,,BOEING-VERTOL CH-47 Chinook,H47,Mil,tar1090-db import,,,,
AE5291,09-08782,,BOEING-VERTOL CH-47 Chinook,H47,Mil,tar1090-db import,,,,
AE5292,09-08783,,BOEING-VERTOL CH-47 Chinook,H47,Mil,tar1090-db import,,,,
AE5293,09-08784,,BOEING-VERTOL CH-47 Chinook,H47,Mil,tar1090-db import,,,,
AE5294,09-08785,,BOEING-VERTOL CH-47 Chinook,H47,Mil,tar1090-db import,,,,
AE5295,09-08786,,BOEING-VERTOL CH-47 Chinook,H47,Mil,tar1090-db import,,,,
AE5296,09-08787,,BOEING-VERTOL CH-47 Chinook,H47,Mil,tar1090-db import,,,,
AE5297,09-08788,,BOEING-VERTOL CH-47 Chinook,H47,Mil,tar1090-db import,,,,
AE5299,09-08790,,BOEING-VERTOL CH-47 Chinook,H47,Mil,tar1090-db import,,,,
AE529A,09-08791,,BOEING-VERTOL CH-47 Chinook,H47,Mil,tar1090-db import,,,,
AE529C,09-08793,,BOEING-VERTOL CH-47 Chinook,H47,Mil,tar1090-db import,,,,
AE529E,09-08795,,BOEING-VERTOL CH-47 Chinook,H47,Mil,tar1090-db import,,,,
AE52A0,09-08797,,BOEING-VERTOL CH-47 Chinook,H47,Mil,tar1090-db import,,,,
AE52A1,09-08798,,H47,H47,Mil,tar1090-db import,,,,
AE52A2,09-08799,,BOEING-VERTOL CH-47 Chinook,H47,Mil,tar1090-db import,,,,
AE52A3,09-08800,,BOEING-VERTOL CH-47 Chinook,H47,Mil,tar1090-db import,,,,
AE52A4,09-08822,,BOEING-VERTOL CH-47 Chinook,H47,Mil,tar1090-db import,,,,
AE52A5,09-08823,,BOEING-VERTOL CH-47 Chinook,H47,Mil,tar1090-db import,,,,
AE52A6,09-08824,,H47,H47,Mil,tar1090-db import,,,,
AE52A7,09-08825,,BOEING-VERTOL CH-47 Chinook,H47,Mil,tar1090-db import,,,,
AE52A8,09-08826,,BOEING-VERTOL CH-47 Chinook,H47,Mil,tar1090-db import,,,,
AE52A9,09-08827,,BOEING-VERTOL CH-47 Chinook,H47,Mil,tar1090-db import,,,,
AE52AA,09-08828,,BOEING-VERTOL CH-47 Chinook,H47,Mil,tar1090-db import,,,,
AE52AB,09-08829,,BOEING-VERTOL CH-47 Chinook,H47,Mil,tar1090-db import,,,,
AE52AC,10-08074,,BOEING-VERTOL CH-47 Chinook,H47,Mil,tar1090-db import,,,,
AE52AD,10-08075,,BOEING-VERTOL CH-47 Chinook,H47,Mil,tar1090-db import,,,,
AE52AE,10-08076,,BOEING-VERTOL CH-47 Chinook,H47,Mil,tar1090-db import,,,,
AE52AF,10-08077,,BOEING-VERTOL CH-47 Chinook,H47,Mil,tar1090-db import,,,,
AE52B0,10-08078,,BOEING-VERTOL CH-47 Chinook,H47,Mil,tar1090-db import,,,,
AE52B1,10-08079,,H47,H47,Mil,tar1090-db import,,,,
AE52B2,10-08080,,H47,H47,Mil,tar1090-db import,,,,
AE52B3,10-08081,,BOEING-VERTOL CH-47 Chinook,H47,Mil,tar1090-db import,,,,
AE52B4,10-08082,,BOEING-VERTOL CH-47 Chinook,H47,Mil,tar1090-db import,,,,
AE52B5,10-08083,,BOEING-VERTOL CH-47 Chinook,H47,Mil,tar1090-db import,,,,
AE52B6,10-08084,,BOEING-VERTOL CH-47 Chinook,H47,Mil,tar1090-db import,,,,
AE52B7,10-08085,,BOEING-VERTOL CH-47 Chinook,H47,Mil,tar1090-db import,,,,
AE52B8,10-08086,,Boeing CH-47F Chinook,H47,Mil,tar1090-db import,,,,
AE52B9,10-08087,,BOEING-VERTOL CH-47 Chinook,H47,Mil,tar1090-db import,,,,
AE52BA,10-08801,,BOEING-VERTOL CH-47 Chinook,H47,Mil,tar1090-db import,,,,
AE52BB,10-08802,,BOEING-VERTOL CH-47 Chinook,H47,Mil,tar1090-db import,,,,
AE52BC,10-08803,,BOEING-VERTOL CH-47 Chinook,H47,Mil,tar1090-db import,,,,
AE52BD,10-08804,,H47,H47,Mil,tar1090-db import,,,,
AE52BE,10-08805,,H47,H47,Mil,tar1090-db import,,,,
AE52BF,10-08806,,BOEING-VERTOL CH-47 Chinook,H47,Mil,tar1090-db import,,,,
AE52C0,10-08807,,BOEING-VERTOL CH-47 Chinook,H47,Mil,tar1090-db import,,,,
AE52C1,10-08808,,BOEING-VERTOL CH-47 Chinook,H47,Mil,tar1090-db import,,,,
AE52C2,10-08809,,H47,H47,Mil,tar1090-db import,,,,
AE52C3,10-08810,,H47,H47,Mil,tar1090-db import,,,,
AE52C4,10-08811,,BOEING-VERTOL CH-47 Chinook,H47,Mil,tar1090-db import,,,,
AE52C5,10-08812,,Boeing CH-47F Chinook,H47,Mil,tar1090-db import,,,,
AE52C6,10-08813,,BOEING-VERTOL CH-47 Chinook,H47,Mil,tar1090-db import,,,,
AE52C8,10-08815,,BOEING-VERTOL CH-47 Chinook,H47,Mil,tar1090-db import,,,,
AE52C9,10-08816,,BOEING-VERTOL CH-47 Chinook,H47,Mil,tar1090-db import,,,,
AE52CA,10-08817,,BOEING-VERTOL CH-47 Chinook,H47,Mil,tar1090-db import,,,,
AE52CB,10-08818,,BOEING-VERTOL CH-47 Chinook,H47,Mil,tar1090-db import,,,,
AE52CC,10-08819,,BOEING-VERTOL CH-47 Chinook,H47,Mil,tar1090-db import,,,,
AE52CD,10-08820,,BOEING-VERTOL CH-47 Chinook,H47,Mil,tar1090-db import,,,,
AE52CE,10-08821,,BOEING-VERTOL CH-47 Chinook,H47,Mil,tar1090-db import,,,,
AE52D0,11-08089,,Boeing CH-47F Chinook,H47,Mil,tar1090-db import,,,,
AE52D1,11-08090,,BOEING-VERTOL CH-47 Chinook,H47,Mil,tar1090-db import,,,,
AE52D2,11-08091,,Boeing CH-47F Chinook,H47,Mil,tar1090-db import,,,,
AE52D3,11-08092,,BOEING-VERTOL CH-47 Chinook,H47,Mil,tar1090-db import,,,,
AE52D4,11-08093,,BOEING-VERTOL CH-47 Chinook,H47,Mil,tar1090-db import,,,,
AE52D5,11-08094,,BOEING-VERTOL CH-47 Chinook,H47,Mil,tar1090-db import,,,,
AE52D6,11-08095,,BOEING-VERTOL CH-47 Chinook,H47,Mil,tar1090-db import,,,,
AE52D7,11-08096,,BOEING-VERTOL CH-47 Chinook,H47,Mil,tar1090-db import,,,,
AE52D8,11-08097,,BOEING-VERTOL CH-47 Chinook,H47,Mil,tar1090-db import,,,,
AE52D9,11-08098,,BOEING-VERTOL CH-47 Chinook,H47,Mil,tar1090-db import,,,,
AE52DB,11-08831,,BOEING-VERTOL CH-47 Chinook,H47,Mil,tar1090-db import,,,,
AE52DC,11-08832,,H47,H47,Mil,tar1090-db import,,,,
AE52DD,11-08833,,BOEING-VERTOL CH-47 Chinook,H47,Mil,tar1090-db import,,,,
AE52DE,11-08834,,BOEING-VERTOL CH-47 Chinook,H47,Mil,tar1090-db import,,,,
AE52DF,11-08835,,BOEING-VERTOL CH-47 Chinook,H47,Mil,tar1090-db import,,,,
AE52E0,11-08836,,BOEING-VERTOL CH-47 Chinook,H47,Mil,tar1090-db import,,,,
AE52E1,11-08837,,BOEING-VERTOL CH-47 Chinook,H47,Mil,tar1090-db import,,,,
AE52E2,11-08838,,BOEING-VERTOL CH-47 Chinook,H47,Mil,tar1090-db import,,,,
AE52E3,11-08839,,BOEING-VERTOL CH-47 Chinook,H47,Mil,tar1090-db import,,,,
AE52E4,11-08840,,BOEING-VERTOL CH-47 Chinook,H47,Mil,tar1090-db import,,,,
AE52E5,11-08841,,BOEING-VERTOL CH-47 Chinook,H47,Mil,tar1090-db import,,,,
AE52E6,11-08842,,BOEING-VERTOL CH-47 Chinook,H47,Mil,tar1090-db import,,,,
AE52E7,11-08843,,BOEING-VERTOL CH-47 Chinook,H47,Mil,tar1090-db import,,,,
AE52E8,11-08844,,Boeing CH-47F Chinook,H47,Mil,tar1090-db import,,,,
AE52E9,11-08845,,BOEING-VERTOL CH-47 Chinook,H47,Mil,tar1090-db import,,,,
AE52EA,11-08846,,BOEING-VERTOL CH-47 Chinook,H47,Mil,tar1090-db import,,,,
AE52EB,11-08847,,BOEING-VERTOL CH-47 Chinook,H47,Mil,tar1090-db import,,,,
AE52EC,11-08848,,BOEING-VERTOL CH-47 Chinook,H47,Mil,tar1090-db import,,,,
AE52ED,11-08849,,H47,H47,Mil,tar1090-db import,,,,
AE52EF,11-08851,,BOEING-VERTOL CH-47 Chinook,H47,Mil,tar1090-db import,,,,
AE52F0,11-08852,,BOEING-VERTOL CH-47 Chinook,H47,Mil,tar1090-db import,,,,
AE52F1,11-08853,,BOEING-VERTOL CH-47 Chinook,H47,Mil,tar1090-db import,,,,
AE52F2,11-08854,,BOEING-VERTOL CH-47 Chinook,H47,Mil,tar1090-db import,,,,
AE52F3,12-08099,,H47,H47,Mil,tar1090-db import,,,,
AE52F4,12-08100,,BOEING-VERTOL CH-47 Chinook,H47,Mil,tar1090-db import,,,,
AE52F5,12-08101,,BOEING-VERTOL CH-47 Chinook,H47,Mil,tar1090-db import,,,,
AE52F6,12-08102,,BOEING-VERTOL CH-47 Chinook,H47,Mil,tar1090-db import,,,,
AE52F7,12-08103,,BOEING-VERTOL CH-47 Chinook,H47,Mil,tar1090-db import,,,,
AE52F8,12-08104,,BOEING-VERTOL CH-47 Chinook,H47,Mil,tar1090-db import,,,,
AE52F9,12-08105,,BOEING-VERTOL CH-47 Chinook,H47,Mil,tar1090-db import,,,,
AE52FA,12-08106,,H47,H47,Mil,tar1090-db import,,,,
AE52FB,12-08107,,BOEING-VERTOL CH-47 Chinook,H47,Mil,tar1090-db import,,,,
AE52FC,12-08108,,Boeing CH-47F Chinook,H47,Mil,tar1090-db import,,,,
AE52FD,12-08109,,H47,H47,Mil,tar1090-db import,,,,
AE52FF,12-08111,,BOEING-VERTOL CH-47 Chinook,H47,Mil,tar1090-db import,,,,
AE5300,12-08112,,BOEING-VERTOL CH-47 Chinook,H47,Mil,tar1090-db import,,,,
AE5301,12-08113,,BOEING-VERTOL CH-47 Chinook,H47,Mil,tar1090-db import,,,,
AE5302,12-08401,,BOEING-VERTOL CH-47 Chinook,H47,Mil,tar1090-db import,,,,
AE5303,12-08402,,BOEING-VERTOL CH-47 Chinook,H47,Mil,tar1090-db import,,,,
AE5304,12-08855,,BOEING-VERTOL CH-47 Chinook,H47,Mil,tar1090-db import,,,,
AE5305,10-08856,,BOEING-VERTOL CH-47 Chinook,H47,Mil,tar1090-db import,,,,
AE5306,12-08857,,BOEING-VERTOL CH-47 Chinook,H47,Mil,tar1090-db import,,,,
AE530B,12-08862,,BOEING-VERTOL CH-47 Chinook,H47,Mil,tar1090-db import,,,,
AE530C,12-08863,,BOEING-VERTOL CH-47 Chinook,H47,Mil,tar1090-db import,,,,
AE530D,12-08864,,BOEING-VERTOL CH-47 Chinook,H47,Mil,tar1090-db import,,,,
AE530E,12-08865,,BOEING-VERTOL CH-47 Chinook,H47,Mil,tar1090-db import,,,,
AE530F,12-08866,,BOEING-VERTOL CH-47 Chinook,H47,Mil,tar1090-db import,,,,
AE5310,12-08867,,BOEING-VERTOL CH-47 Chinook,H47,Mil,tar1090-db import,,,,
AE5311,12-08868,,BOEING-VERTOL CH-47 Chinook,H47,Mil,tar1090-db import,,,,
AE5312,12-08869,,BOEING-VERTOL CH-47 Chinook,H47,Mil,tar1090-db import,,,,
AE5314,12-08875,,BOEING-VERTOL CH-47 Chinook,H47,Mil,tar1090-db import,,,,
AE5315,12-08876,,BOEING-VERTOL CH-47 Chinook,H47,Mil,tar1090-db import,,,,
AE5316,12-08877,,BOEING-VERTOL CH-47 Chinook,H47,Mil,tar1090-db import,,,,
AE5317,12-08878,,BOEING-VERTOL CH-47 Chinook,H47,Mil,tar1090-db import,,,,
AE5318,12-08879,,BOEING-VERTOL CH-47 Chinook,H47,Mil,tar1090-db import,,,,
AE5319,12-08880,,BOEING-VERTOL CH-47 Chinook,H47,Mil,tar1090-db import,,,,
AE531A,12-08881,,BOEING-VERTOL CH-47 Chinook,H47,Mil,tar1090-db import,,,,
AE531B,12-08882,,BOEING-VERTOL CH-47 Chinook,H47,Mil,tar1090-db import,,,,
AE531C,12-08883,,BOEING-VERTOL CH-47 Chinook,H47,Mil,tar1090-db import,,,,
AE531D,12-08884,,BOEING-VERTOL CH-47 Chinook,H47,Mil,tar1090-db import,,,,
AE531E,12-08885,,BOEING-VERTOL CH-47 Chinook,H47,Mil,tar1090-db import,,,,
AE531F,12-08886,,BOEING-VERTOL CH-47 Chinook,H47,Mil,tar1090-db import,,,,
AE5320,12-08887,,BOEING-VERTOL CH-47 Chinook,H47,Mil,tar1090-db import,,,,
AE5321,12-08888,,BOEING-VERTOL CH-47 Chinook,H47,Mil,tar1090-db import,,,,
AE535D,11-20421,,SIKORSKY UH-60 Black Hawk,H60,Mil,tar1090-db import,,,,
AE535E,12-20460,,SIKORSKY UH-60 Black Hawk,H60,Mil,tar1090-db import,,,,
AE5361,12-20450,,SIKORSKY UH-60 Black Hawk,H60,Mil,tar1090-db import,,,,
AE5362,12-20457,,SIKORSKY UH-60 Black Hawk,H60,Mil,tar1090-db import,,,,
AE5363,12-20462,,SIKORSKY UH-60 Black Hawk,H60,Mil,tar1090-db import,,,,
AE5364,12-20469,,SIKORSKY UH-60 Black Hawk,H60,Mil,tar1090-db import,,,,
AE5366,12-20473,,SIKORSKY UH-60 Black Hawk,H60,Mil,tar1090-db import,,,,
AE5367,12-20463,,SIKORSKY UH-60 Black Hawk,H60,Mil,tar1090-db import,,,,
AE5369,12-20458,,SIKORSKY UH-60 Black Hawk,H60,Mil,tar1090-db import,,,,
AE536C,11-20392,,SIKORSKY UH-60 Black Hawk,H60,Mil,tar1090-db import,,,,
AE536D,11-20385,,SIKORSKY UH-60 Black Hawk,H60,Mil,tar1090-db import,,,,
AE536F,11-20432,,SIKORSKY UH-60 Black Hawk,H60,Mil,tar1090-db import,,,,
AE5371,11-20429,,SIKORSKY UH-60 Black Hawk,H60,Mil,tar1090-db import,,,,
AE5372,12-20461,,SIKORSKY UH-60 Black Hawk,H60,Mil,tar1090-db import,,,,
AE5373,12-20452,,SIKORSKY UH-60 Black Hawk,H60,Mil,tar1090-db import,,,,
AE5374,12-20448,,SIKORSKY UH-60 Black Hawk,H60,Mil,tar1090-db import,,,,
AE5375,12-20447,,SIKORSKY UH-60 Black Hawk,H60,Mil,tar1090-db import,,,,
AE5376,12-20454,,SIKORSKY UH-60 Black Hawk,H60,Mil,tar1090-db import,,,,
AE5377,12-20456,,SIKORSKY UH-60 Black Hawk,H60,Mil,tar1090-db import,,,,
AE5378,12-20472,,SIKORSKY UH-60 Black Hawk,H60,Mil,tar1090-db import,,,,
AE5379,12-20468,,SIKORSKY UH-60 Black Hawk,H60,Mil,tar1090-db import,,,,
AE537A,12-20470,,SIKORSKY UH-60 Black Hawk,H60,Mil,tar1090-db import,,,,
AE537B,11-20374,,SIKORSKY UH-60 Black Hawk,H60,Mil,tar1090-db import,,,,
AE537D,12-20453,,SIKORSKY UH-60 Black Hawk,H60,Mil,tar1090-db import,,,,
AE537E,12-20459,,SIKORSKY UH-60 Black Hawk,H60,Mil,tar1090-db import,,,,
AE537F,11-20424,,SIKORSKY UH-60 Black Hawk,H60,Mil,tar1090-db import,,,,
AE5381,11-20427,,SIKORSKY UH-60 Black Hawk,H60,Mil,tar1090-db import,,,,
AE5382,11-20428,,SIKORSKY UH-60 Black Hawk,H60,Mil,tar1090-db import,,,,
AE5383,11-20430,,SIKORSKY UH-60 Black Hawk,H60,Mil,tar1090-db import,,,,
AE5384,11-20431,,SIKORSKY UH-60 Black Hawk,H60,Mil,tar1090-db import,,,,
AE538E,12-20505,,SIKORSKY UH-60 Black Hawk,H60,Mil,tar1090-db import,,,,
AE538F,12-20507,,SIKORSKY UH-60 Black Hawk,H60,Mil,tar1090-db import,,,,
AE5391,12-20506,,SIKORSKY UH-60 Black Hawk,H60,Mil,tar1090-db import,,,,
AE5392,12-20501,,SIKORSKY UH-60 Black Hawk,H60,Mil,tar1090-db import,,,,
AE5393,12-20498,,SIKORSKY UH-60 Black Hawk,H60,Mil,tar1090-db import,,,,
AE5395,12-20495,,SIKORSKY UH-60 Black Hawk,H60,Mil,tar1090-db import,,,,
AE5396,12-20497,,SIKORSKY UH-60 Black Hawk,H60,Mil,tar1090-db import,,,,
AE5397,12-20504,,SIKORSKY UH-60 Black Hawk,H60,Mil,tar1090-db import,,,,
AE5398,12-20502,,SIKORSKY UH-60 Black Hawk,H60,Mil,tar1090-db import,,,,
AE5399,12-20496,,SIKORSKY UH-60 Black Hawk,H60,Mil,tar1090-db import,,,,
AE539A,12-20503,,SIKORSKY UH-60 Black Hawk,H60,Mil,tar1090-db import,,,,
AE539B,12-20499,,SIKORSKY UH-60 Black Hawk,H60,Mil,tar1090-db import,,,,
AE539C,12-20494,,SIKORSKY UH-60 Black Hawk,H60,Mil,tar1090-db import,,,,
AE539D,12-20451,,SIKORSKY UH-60 Black Hawk,H60,Mil,tar1090-db import,,,,
AE539E,11-20426,,SIKORSKY UH-60 Black Hawk,H60,Mil,tar1090-db import,,,,
AE53A0,11-20368,,SIKORSKY UH-60 Black Hawk,H60,Mil,tar1090-db import,,,,
AE53A1,11-20344,,SIKORSKY UH-60 Black Hawk,H60,Mil,tar1090-db import,,,,
AE53A2,11-20400,,SIKORSKY UH-60 Black Hawk,H60,Mil,tar1090-db import,,,,
AE53A3,10-20339,,SIKORSKY UH-60 Black Hawk,H60,Mil,tar1090-db import,,,,
AE53A4,11-20342,,SIKORSKY UH-60 Black Hawk,H60,Mil,tar1090-db import,,,,
AE53A5,11-20347,,SIKORSKY UH-60 Black Hawk,H60,Mil,tar1090-db import,,,,
AE53A7,168865,,F18S,F18S,Mil,tar1090-db import,,,,
AE53A8,168866,,F18S,F18S,Mil,tar1090-db import,,,,
AE53A9,168867,,F18S,F18S,Mil,tar1090-db import,,,,
AE53AA,168868,,F18S,F18S,Mil,tar1090-db import,,,,
AE53AB,168869,,F18S,F18S,Mil,tar1090-db import,,,,
AE53AC,168870,,F18S,F18S,Mil,tar1090-db import,,,,
AE53AD,168871,,F18S,F18S,Mil,tar1090-db import,,,,
AE53AE,168872,,F18S,F18S,Mil,tar1090-db import,,,,
AE53AF,168873,,F18S,F18S,Mil,tar1090-db import,,,,
AE53B0,168874,,F18S,F18S,Mil,tar1090-db import,,,,
AE53B1,168875,,F18S,F18S,Mil,tar1090-db import,,,,
AE53B2,168876,,F18S,F18S,Mil,tar1090-db import,,,,
AE53B3,168877,,F18S,F18S,Mil,tar1090-db import,,,,
AE53B4,168878,,F18S,F18S,Mil,tar1090-db import,,,,
AE53B5,168879,,BOEING FA-18 SUPER HORNET,F18S,Mil,tar1090-db import,,,,
AE53B6,168880,,BOEING FA-18 SUPER HORNET,F18S,Mil,tar1090-db import,,,,
AE53B7,168881,,F18S,F18S,Mil,tar1090-db import,,,,
AE53B8,168882,,Boeing F/A-18E Super Hornet,F18S,Mil,tar1090-db import,,,,
AE53BA,168884,,BOEING FA-18 SUPER HORNET,F18S,Mil,tar1090-db import,,,,
AE53BB,168885,,F18S,F18S,Mil,tar1090-db import,,,,
AE53BC,168886,,F18S,F18S,Mil,tar1090-db import,,,,
AE53BD,168887,,Boeing F/A-18F Super Hornet,F18S,Mil,tar1090-db import,,,,
AE53BE,168888,,F18S,F18S,Mil,tar1090-db import,,,,
AE53BF,168889,,F18S,F18S,Mil,tar1090-db import,,,,
AE53C0,168890,,F18S,F18S,Mil,tar1090-db import,,,,
AE53C1,168891,,BOEING FA-18 SUPER HORNET,F18S,Mil,tar1090-db import,,,,
AE53C2,168892,,F18S,F18S,Mil,tar1090-db import,,,,
AE53C4,168894,,F18S,F18S,Mil,tar1090-db import,,,,
AE53C5,168895,,BOEING FA-18 SUPER HORNET,F18S,Mil,tar1090-db import,,,,
AE53C6,168896,,F18S,F18S,Mil,tar1090-db import,,,,
AE53C7,168897,,F18S,F18S,Mil,tar1090-db import,,,,
AE53C8,168898,,F18S,F18S,Mil,tar1090-db import,,,,
AE53C9,168899,,F18S,F18S,Mil,tar1090-db import,,,,
AE53CA,168900,,BOEING FA-18 SUPER HORNET,F18S,Mil,tar1090-db import,,,,
AE53CB,168901,,F18S,F18S,Mil,tar1090-db import,,,,
AE53CC,168902,,F18S,F18S,Mil,tar1090-db import,,,,
AE53CD,168903,,F18S,F18S,Mil,tar1090-db import,,,,
AE53CE,168904,,F18S,F18S,Mil,tar1090-db import,,,,
AE53D2,73-21858,,BELL UH-1 Huey,UH1,Mil,tar1090-db import,,,,
AE53D3,73-21785,,BELL UH-1 Huey,UH1,Mil,tar1090-db import,,,,
AE53D4,73-21747,,BELL UH-1 Huey,UH1,Mil,tar1090-db import,,,,
AE53D5,11-05691,,H64,H64,Mil,tar1090-db import,,,,
AE53D6,11-05692,,H64,H64,Mil,tar1090-db import,,,,
AE53D7,11-05693,,H64,H64,Mil,tar1090-db import,,,,
AE53D8,11-05694,,MCDONNELL DOUGLAS AH-64 Apache,H64,Mil,tar1090-db import,,,,
AE53D9,11-05695,,H64,H64,Mil,tar1090-db import,,,,
AE53DA,11-05696,,H64,H64,Mil,tar1090-db import,,,,
AE53DB,11-05697,,H64,H64,Mil,tar1090-db import,,,,
AE53DC,11-05698,,H64,H64,Mil,tar1090-db import,,,,
AE53DD,11-05699,,H64,H64,Mil,tar1090-db import,,,,
AE53DE,11-05700,,H64,H64,Mil,tar1090-db import,,,,
AE53DF,11-05701,,H64,H64,Mil,tar1090-db import,,,,
AE53E1,11-05703,,H64,H64,Mil,tar1090-db import,,,,
AE53E2,11-05704,,MCDONNELL DOUGLAS AH-64 Apache,H64,Mil,tar1090-db import,,,,
AE53E3,11-05705,,H64,H64,Mil,tar1090-db import,,,,
AE53E4,11-05706,,H64,H64,Mil,tar1090-db import,,,,
AE53E5,11-05707,,H64,H64,Mil,tar1090-db import,,,,
AE53E6,11-05708,,H64,H64,Mil,tar1090-db import,,,,
AE53E7,11-05709,,H64,H64,Mil,tar1090-db import,,,,
AE53E8,11-05710,,H64,H64,Mil,tar1090-db import,,,,
AE53E9,11-05711,,H64,H64,Mil,tar1090-db import,,,,
AE53EA,11-05712,,H64,H64,Mil,tar1090-db import,,,,
AE53EB,11-05713,,H64,H64,Mil,tar1090-db import,,,,
AE5404,166689,,V22,V22,Mil,tar1090-db import,,,,
AE5405,08-0049,,Bell/Boeing CV-22B Osprey,V22,Mil,tar1090-db import,,,,
AE540E,07-2027,,Q4,Q4,Mil,tar1090-db import,,,,
AE540F,07-2028,,Q4,Q4,Mil,tar1090-db import,,,,
AE5411,07-2030,,Q4,Q4,Mil,tar1090-db import,,,,
AE5412,07-2031,,Q4,Q4,Mil,tar1090-db import,,,,
AE5413,08-2032,,Q4,Q4,Mil,tar1090-db import,,,,
AE5414,08-2033,,Q4,Q4,Mil,tar1090-db import,,,,
AE5415,08-2034,,Q4,Q4,Mil,tar1090-db import,,,,
AE5417,08-2036,,Q4,Q4,Mil,tar1090-db import,,,,
AE5418,09-2037,,Q4,Q4,Mil,tar1090-db import,,,,
AE5419,09-2038,,Q4,Q4,Mil,tar1090-db import,,,,
AE541E,10-2043,,Q4,Q4,Mil,tar1090-db import,,,,
AE541F,10-2044,,Q4,Q4,Mil,tar1090-db import,,,,
AE54BF,168291,,V22,V22,Mil,tar1090-db import,,,,
AE54C2,14-00065,,Raytheon T-6D Texan II,TEX2,Mil,tar1090-db import,,,,
AE54C3,14-00066,,Raytheon T-6D Texan II,TEX2,Mil,tar1090-db import,,,,
AE54C4,14-00067,,Raytheon T-6D Texan II,TEX2,Mil,tar1090-db import,,,,
AE54C5,14-00068,,Raytheon T-6D Texan II,TEX2,Mil,tar1090-db import,,,,
AE54DA,166200,,Raytheon T-6B Texan II,TEX2,Mil,tar1090-db import,,,,
AE54DB,166201,,Raytheon T-6B Texan II,TEX2,Mil,tar1090-db import,,,,
AE54DC,166202,,Raytheon T-6B Texan II,TEX2,Mil,tar1090-db import,,,,
AE54DD,166203,,Raytheon T-6B Texan II,TEX2,Mil,tar1090-db import,,,,
AE54DE,166204,,Raytheon T-6B Texan II,TEX2,Mil,tar1090-db import,,,,
AE54E0,166206,,Raytheon T-6B Texan II,TEX2,Mil,tar1090-db import,,,,
AE54E1,166207,,Raytheon T-6B Texan II,TEX2,Mil,tar1090-db import,,,,
AE54E2,166208,,Raytheon T-6B Texan II,TEX2,Mil,tar1090-db import,,,,
AE54E4,166210,,Raytheon T-6B Texan II,TEX2,Mil,tar1090-db import,,,,
AE54E5,166211,,Raytheon T-6B Texan II,TEX2,Mil,tar1090-db import,,,,
AE54E6,166212,,Raytheon T-6B Texan II,TEX2,Mil,tar1090-db import,,,,
AE54E7,166213,,Raytheon T-6B Texan II,TEX2,Mil,tar1090-db import,,,,
AE54E8,166214,,Raytheon T-6B Texan II,TEX2,Mil,tar1090-db import,,,,
AE54E9,166215,,Raytheon T-6B Texan II,TEX2,Mil,tar1090-db import,,,,
AE54EA,166216,,Raytheon T-6B Texan II,TEX2,Mil,tar1090-db import,,,,
AE54EB,166217,,Raytheon T-6B Texan II,TEX2,Mil,tar1090-db import,,,,
AE54EC,166218,,Raytheon T-6B Texan II,TEX2,Mil,tar1090-db import,,,,
AE54ED,166219,,Raytheon T-6B Texan II,TEX2,Mil,tar1090-db import,,,,
AE54EE,166220,,Raytheon T-6B Texan II,TEX2,Mil,tar1090-db import,,,,
AE54F0,166222,,BEECHCRAFT T-6 Texan 2,TEX2,Mil,tar1090-db import,,,,
AE54F2,166224,,Raytheon T-6B Texan II,TEX2,Mil,tar1090-db import,,,,
AE54F3,166225,,Raytheon T-6B Texan II,TEX2,Mil,tar1090-db import,,,,
AE54F4,166226,,Raytheon T-6B Texan II,TEX2,Mil,tar1090-db import,,,,
AE54F5,166227,,Raytheon T-6B Texan II,TEX2,Mil,tar1090-db import,,,,
AE54F7,166229,,Raytheon T-6B Texan II,TEX2,Mil,tar1090-db import,,,,
AE54F8,166230,,Raytheon T-6B Texan II,TEX2,Mil,tar1090-db import,,,,
AE54F9,166231,,Raytheon T-6B Texan II,TEX2,Mil,tar1090-db import,,,,
AE54FA,166232,,Raytheon T-6B Texan II,TEX2,Mil,tar1090-db import,,,,
AE5526,164040,,F18H,F18H,Mil,tar1090-db import,,,,
AE55A0,164703,,BOEING FA-18 HORNET,F18H,Mil,tar1090-db import,,,,
AE55A1,164704,,F18H,F18H,Mil,tar1090-db import,,,,
AE55A2,164705,,F18H,F18H,Mil,tar1090-db import,,,,
AE55C3,164886,,F18H,F18H,Mil,tar1090-db import,,,,
AE55C4,164887,,F18H,F18H,Mil,tar1090-db import,,,,
AE55C9,164900,,F18H,F18H,Mil,tar1090-db import,,,,
AE55CC,164903,,F18H,F18H,Mil,tar1090-db import,,,,
AE55D5,164952,,BOEING FA-18 HORNET,F18H,Mil,tar1090-db import,,,,
AE55DD,164970,,BOEING FA-18 HORNET,F18H,Mil,tar1090-db import,,,,
AE55FF,164703,,F18H,F18H,Mil,tar1090-db import,,,,
AE5643,12-20540,,SIKORSKY UH-60 Black Hawk,H60,Mil,tar1090-db import,,,,
AE5646,12-20518,,SIKORSKY UH-60 Black Hawk,H60,Mil,tar1090-db import,,,,
AE5648,12-20520,,SIKORSKY UH-60 Black Hawk,H60,Mil,tar1090-db import,,,,
AE5649,12-20521,,SIKORSKY UH-60 Black Hawk,H60,Mil,tar1090-db import,,,,
AE564A,12-20541,,SIKORSKY UH-60 Black Hawk,H60,Mil,tar1090-db import,,,,
AE564B,12-20542,,SIKORSKY UH-60 Black Hawk,H60,Mil,tar1090-db import,,,,
AE564C,12-20435,,SIKORSKY UH-60 Black Hawk,H60,Mil,tar1090-db import,,,,
AE564D,12-20436,,SIKORSKY UH-60 Black Hawk,H60,Mil,tar1090-db import,,,,
AE564E,12-20437,,SIKORSKY UH-60 Black Hawk,H60,Mil,tar1090-db import,,,,
AE564F,12-20438,,SIKORSKY UH-60 Black Hawk,H60,Mil,tar1090-db import,,,,
AE5650,12-20439,,SIKORSKY UH-60 Black Hawk,H60,Mil,tar1090-db import,,,,
AE5651,12-20440,,SIKORSKY UH-60 Black Hawk,H60,Mil,tar1090-db import,,,,
AE5652,12-20441,,SIKORSKY UH-60 Black Hawk,H60,Mil,tar1090-db import,,,,
AE5653,12-20442,,SIKORSKY UH-60 Black Hawk,H60,Mil,tar1090-db import,,,,
AE5654,12-20443,,SIKORSKY UH-60 Black Hawk,H60,Mil,tar1090-db import,,,,
AE5655,12-20444,,SIKORSKY UH-60 Black Hawk,H60,Mil,tar1090-db import,,,,
AE5656,12-20445,,SIKORSKY UH-60 Black Hawk,H60,Mil,tar1090-db import,,,,
AE5657,12-20446,,SIKORSKY UH-60 Black Hawk,H60,Mil,tar1090-db import,,,,
AE5658,12-20474,,SIKORSKY UH-60 Black Hawk,H60,Mil,tar1090-db import,,,,
AE565A,12-20476,,SIKORSKY UH-60 Black Hawk,H60,Mil,tar1090-db import,,,,
AE565E,12-20480,,SIKORSKY UH-60 Black Hawk,H60,Mil,tar1090-db import,,,,
AE565F,12-20481,,SIKORSKY UH-60 Black Hawk,H60,Mil,tar1090-db import,,,,
AE5661,12-20483,,SIKORSKY UH-60 Black Hawk,H60,Mil,tar1090-db import,,,,
AE5662,12-20484,,SIKORSKY UH-60 Black Hawk,H60,Mil,tar1090-db import,,,,
AE5663,12-20485,,SIKORSKY UH-60 Black Hawk,H60,Mil,tar1090-db import,,,,
AE5664,12-20486,,SIKORSKY UH-60 Black Hawk,H60,Mil,tar1090-db import,,,,
AE5665,12-20487,,SIKORSKY UH-60 Black Hawk,H60,Mil,tar1090-db import,,,,
AE5666,12-20488,,SIKORSKY UH-60 Black Hawk,H60,Mil,tar1090-db import,,,,
AE5667,12-20489,,SIKORSKY UH-60 Black Hawk,H60,Mil,tar1090-db import,,,,
AE5668,12-20490,,SIKORSKY UH-60 Black Hawk,H60,Mil,tar1090-db import,,,,
AE5669,12-20491,,H60,H60,Mil,tar1090-db import,,,,
AE566A,12-20492,,SIKORSKY UH-60 Black Hawk,H60,Mil,tar1090-db import,,,,
AE566B,12-20493,,SIKORSKY UH-60 Black Hawk,H60,Mil,tar1090-db import,,,,
AE566C,12-20509,,SIKORSKY UH-60 Black Hawk,H60,Mil,tar1090-db import,,,,
AE566D,12-20510,,SIKORSKY UH-60 Black Hawk,H60,Mil,tar1090-db import,,,,
AE566E,12-20511,,SIKORSKY UH-60 Black Hawk,H60,Mil,tar1090-db import,,,,
AE566F,12-20512,,SIKORSKY UH-60 Black Hawk,H60,Mil,tar1090-db import,,,,
AE5670,12-20513,,SIKORSKY UH-60 Black Hawk,H60,Mil,tar1090-db import,,,,
AE5671,12-20514,,SIKORSKY UH-60 Black Hawk,H60,Mil,tar1090-db import,,,,
AE5672,12-20515,,SIKORSKY UH-60 Black Hawk,H60,Mil,tar1090-db import,,,,
AE5673,12-20516,,SIKORSKY UH-60 Black Hawk,H60,Mil,tar1090-db import,,,,
AE5674,12-20517,,SIKORSKY UH-60 Black Hawk,H60,Mil,tar1090-db import,,,,
AE5676,12-20523,,SIKORSKY UH-60 Black Hawk,H60,Mil,tar1090-db import,,,,
AE5677,12-20524,,SIKORSKY UH-60 Black Hawk,H60,Mil,tar1090-db import,,,,
AE5678,12-20525,,SIKORSKY UH-60 Black Hawk,H60,Mil,tar1090-db import,,,,
AE5679,12-20526,,SIKORSKY UH-60 Black Hawk,H60,Mil,tar1090-db import,,,,
AE567A,12-20527,,SIKORSKY UH-60 Black Hawk,H60,Mil,tar1090-db import,,,,
AE567B,12-20528,,SIKORSKY UH-60 Black Hawk,H60,Mil,tar1090-db import,,,,
AE567C,12-20529,,SIKORSKY UH-60 Black Hawk,H60,Mil,tar1090-db import,,,,
AE567D,12-20530,,SIKORSKY UH-60 Black Hawk,H60,Mil,tar1090-db import,,,,
AE567E,12-20531,,SIKORSKY UH-60 Black Hawk,H60,Mil,tar1090-db import,,,,
AE567F,12-20532,,SIKORSKY UH-60 Black Hawk,H60,Mil,tar1090-db import,,,,
AE5680,12-20533,,SIKORSKY UH-60 Black Hawk,H60,Mil,tar1090-db import,,,,
AE5682,12-20535,,SIKORSKY UH-60 Black Hawk,H60,Mil,tar1090-db import,,,,
AE5683,12-20536,,SIKORSKY UH-60 Black Hawk,H60,Mil,tar1090-db import,,,,
AE5684,12-20537,,SIKORSKY UH-60 Black Hawk,H60,Mil,tar1090-db import,,,,
AE5686,12-20539,,SIKORSKY UH-60 Black Hawk,H60,Mil,tar1090-db import,,,,
AE5688,12-20544,,SIKORSKY UH-60 Black Hawk,H60,Mil,tar1090-db import,,,,
AE568A,13-20546,,SIKORSKY UH-60 Black Hawk,H60,Mil,tar1090-db import,,,,
AE568B,13-20547,,SIKORSKY UH-60 Black Hawk,H60,Mil,tar1090-db import,,,,
AE568C,13-20548,,SIKORSKY UH-60 Black Hawk,H60,Mil,tar1090-db import,,,,
AE568D,13-20549,,SIKORSKY UH-60 Black Hawk,H60,Mil,tar1090-db import,,,,
AE568E,13-20550,,SIKORSKY UH-60 Black Hawk,H60,Mil,tar1090-db import,,,,
AE568F,13-20551,,SIKORSKY UH-60 Black Hawk,H60,Mil,tar1090-db import,,,,
AE5690,13-20552,,SIKORSKY UH-60 Black Hawk,H60,Mil,tar1090-db import,,,,
AE5691,13-20553,,SIKORSKY UH-60 Black Hawk,H60,Mil,tar1090-db import,,,,
AE5694,13-20556,,SIKORSKY UH-60 Black Hawk,H60,Mil,tar1090-db import,,,,
AE5695,13-20557,,SIKORSKY UH-60 Black Hawk,H60,Mil,tar1090-db import,,,,
AE5696,13-20558,,SIKORSKY UH-60 Black Hawk,H60,Mil,tar1090-db import,,,,
AE5698,13-20560,,SIKORSKY UH-60 Black Hawk,H60,Mil,tar1090-db import,,,,
AE5699,13-20561,,SIKORSKY UH-60 Black Hawk,H60,Mil,tar1090-db import,,,,
AE569A,13-20562,,SIKORSKY UH-60 Black Hawk,H60,Mil,tar1090-db import,,,,
AE569E,13-20566,,SIKORSKY UH-60 Black Hawk,H60,Mil,tar1090-db import,,,,
AE569F,13-20567,,SIKORSKY UH-60 Black Hawk,H60,Mil,tar1090-db import,,,,
AE56A0,13-20568,,SIKORSKY UH-60 Black Hawk,H60,Mil,tar1090-db import,,,,
AE56A2,13-20570,,SIKORSKY UH-60 Black Hawk,H60,Mil,tar1090-db import,,,,
AE56A3,13-20571,,SIKORSKY UH-60 Black Hawk,H60,Mil,tar1090-db import,,,,
AE56A4,13-20572,,SIKORSKY UH-60 Black Hawk,H60,Mil,tar1090-db import,,,,
AE56A5,13-20573,,SIKORSKY UH-60 Black Hawk,H60,Mil,tar1090-db import,,,,
AE56A6,13-20574,,SIKORSKY UH-60 Black Hawk,H60,Mil,tar1090-db import,,,,
AE56A7,13-20575,,SIKORSKY UH-60 Black Hawk,H60,Mil,tar1090-db import,,,,
AE56A9,13-20577,,SIKORSKY UH-60 Black Hawk,H60,Mil,tar1090-db import,,,,
AE56AA,13-20578,,SIKORSKY UH-60 Black Hawk,H60,Mil,tar1090-db import,,,,
AE56AB,13-20579,,SIKORSKY UH-60 Black Hawk,H60,Mil,tar1090-db import,,,,
AE56AC,13-20580,,SIKORSKY UH-60 Black Hawk,H60,Mil,tar1090-db import,,,,
AE56AD,13-20581,,SIKORSKY UH-60 Black Hawk,H60,Mil,tar1090-db import,,,,
AE56B0,13-20584,,SIKORSKY UH-60 Black Hawk,H60,Mil,tar1090-db import,,,,
AE56B1,13-20585,,SIKORSKY UH-60 Black Hawk,H60,Mil,tar1090-db import,,,,
AE56B2,13-20586,,SIKORSKY UH-60 Black Hawk,H60,Mil,tar1090-db import,,,,
AE56B3,13-20587,,SIKORSKY UH-60 Black Hawk,H60,Mil,tar1090-db import,,,,
AE56B4,13-20588,,SIKORSKY UH-60 Black Hawk,H60,Mil,tar1090-db import,,,,
AE56B5,13-20589,,SIKORSKY UH-60 Black Hawk,H60,Mil,tar1090-db import,,,,
AE56B7,13-20591,,SIKORSKY UH-60 Black Hawk,H60,Mil,tar1090-db import,,,,
AE56B8,13-20592,,SIKORSKY UH-60 Black Hawk,H60,Mil,tar1090-db import,,,,
AE56B9,13-20593,,SIKORSKY UH-60 Black Hawk,H60,Mil,tar1090-db import,,,,
AE56BA,13-20594,,SIKORSKY UH-60 Black Hawk,H60,Mil,tar1090-db import,,,,
AE56BB,13-20595,,SIKORSKY UH-60 Black Hawk,H60,Mil,tar1090-db import,,,,
AE56BC,13-20596,,SIKORSKY UH-60 Black Hawk,H60,Mil,tar1090-db import,,,,
AE56BD,13-20597,,SIKORSKY UH-60 Black Hawk,H60,Mil,tar1090-db import,,,,
AE56BE,13-20598,,SIKORSKY UH-60 Black Hawk,H60,Mil,tar1090-db import,,,,
AE56BF,13-20599,,SIKORSKY UH-60 Black Hawk,H60,Mil,tar1090-db import,,,,
AE56C0,13-20600,,SIKORSKY UH-60 Black Hawk,H60,Mil,tar1090-db import,,,,
AE56C1,13-20601,,SIKORSKY UH-60 Black Hawk,H60,Mil,tar1090-db import,,,,
AE56C2,13-20602,,SIKORSKY UH-60 Black Hawk,H60,Mil,tar1090-db import,,,,
AE56C4,13-20604,,SIKORSKY UH-60 Black Hawk,H60,Mil,tar1090-db import,,,,
AE56C5,13-20605,,SIKORSKY UH-60 Black Hawk,H60,Mil,tar1090-db import,,,,
AE56C7,13-20607,,SIKORSKY UH-60 Black Hawk,H60,Mil,tar1090-db import,,,,
AE56C8,13-20608,,SIKORSKY UH-60 Black Hawk,H60,Mil,tar1090-db import,,,,
AE56C9,13-20609,,SIKORSKY UH-60 Black Hawk,H60,Mil,tar1090-db import,,,,
AE56CA,13-20610,,SIKORSKY UH-60 Black Hawk,H60,Mil,tar1090-db import,,,,
AE56CB,13-20611,,SIKORSKY UH-60 Black Hawk,H60,Mil,tar1090-db import,,,,
AE56CD,13-20613,,SIKORSKY UH-60 Black Hawk,H60,Mil,tar1090-db import,,,,
AE56CE,13-20614,,SIKORSKY UH-60 Black Hawk,H60,Mil,tar1090-db import,,,,
AE56CF,13-20615,,SIKORSKY UH-60 Black Hawk,H60,Mil,tar1090-db import,,,,
AE56D0,13-20616,,SIKORSKY UH-60 Black Hawk,H60,Mil,tar1090-db import,,,,
AE56D1,13-20617,,SIKORSKY UH-60 Black Hawk,H60,Mil,tar1090-db import,,,,
AE56D2,13-20618,,SIKORSKY UH-60 Black Hawk,H60,Mil,tar1090-db import,,,,
AE56D3,13-20619,,SIKORSKY UH-60 Black Hawk,H60,Mil,tar1090-db import,,,,
AE56DA,13-20626,,SIKORSKY UH-60 Black Hawk,H60,Mil,tar1090-db import,,,,
AE56DB,13-20627,,SIKORSKY UH-60 Black Hawk,H60,Mil,tar1090-db import,,,,
AE56DC,13-20628,,SIKORSKY UH-60 Black Hawk,H60,Mil,tar1090-db import,,,,
AE56DE,13-20630,,SIKORSKY UH-60 Black Hawk,H60,Mil,tar1090-db import,,,,
AE56DF,13-20631,,SIKORSKY UH-60 Black Hawk,H60,Mil,tar1090-db import,,,,
AE56E0,13-20632,,SIKORSKY UH-60 Black Hawk,H60,Mil,tar1090-db import,,,,
AE56E2,13-20634,,SIKORSKY UH-60 Black Hawk,H60,Mil,tar1090-db import,,,,
AE56E3,13-20635,,SIKORSKY UH-60 Black Hawk,H60,Mil,tar1090-db import,,,,
AE56E4,13-20636,,SIKORSKY UH-60 Black Hawk,H60,Mil,tar1090-db import,,,,
AE56E5,13-20637,,SIKORSKY UH-60 Black Hawk,H60,Mil,tar1090-db import,,,,
AE56E9,12-1003,,MCDONNELL-DOUGLAS F-15 Eagle,F15,Mil,tar1090-db import,,,,
AE56EC,60-0050,,B52,B52,Mil,tar1090-db import,,,,
AE56EE,90-26310,,Sikorsky HH-60G Pave Hawk,H60,Mil,tar1090-db import,,,,
AE56F0,12-20434,,SIKORSKY UH-60 Black Hawk,H60,Mil,tar1090-db import,,,,
AE56F1,13-03001,,MCDONNELL DOUGLAS AH-64 Apache,H64,Mil,tar1090-db import,,,,
AE56F2,13-03002,,MCDONNELL DOUGLAS AH-64 Apache,H64,Mil,tar1090-db import,,,,
AE56F3,13-03003,,MCDONNELL DOUGLAS AH-64 Apache,H64,Mil,tar1090-db import,,,,
AE56F4,13-03004,,MCDONNELL DOUGLAS AH-64 Apache,H64,Mil,tar1090-db import,,,,
AE56F5,13-03005,,H64,H64,Mil,tar1090-db import,,,,
AE56F6,13-03006,,MCDONNELL DOUGLAS AH-64 Apache,H64,Mil,tar1090-db import,,,,
AE56F7,13-03007,,H64,H64,Mil,tar1090-db import,,,,
AE56F8,13-03008,,MCDONNELL DOUGLAS AH-64 Apache,H64,Mil,tar1090-db import,,,,
AE5729,14-03009,,MCDONNELL DOUGLAS AH-64 Apache,H64,Mil,tar1090-db import,,,,
AE572A,14-03010,,H64,H64,Mil,tar1090-db import,,,,
AE572B,14-03011,,MCDONNELL DOUGLAS AH-64 Apache,H64,Mil,tar1090-db import,,,,
AE572C,14-03012,,MCDONNELL DOUGLAS AH-64 Apache,H64,Mil,tar1090-db import,,,,
AE572D,14-03013,,H64,H64,Mil,tar1090-db import,,,,
AE572E,14-03014,,H64,H64,Mil,tar1090-db import,,,,
AE572F,14-03015,,H64,H64,Mil,tar1090-db import,,,,
AE5730,14-03016,,H64,H64,Mil,tar1090-db import,,,,
AE5731,14-03017,,H64,H64,Mil,tar1090-db import,,,,
AE5732,14-03018,,H64,H64,Mil,tar1090-db import,,,,
AE5733,14-03019,,H64,H64,Mil,tar1090-db import,,,,
AE5736,168642,,BELL-BOEING V-22 Osprey,V22,Mil,tar1090-db import,,,,
AE5737,13-2001,,Embraer A-29B Super Tucano,E314,Mil,tar1090-db import,,,,
AE5738,13-2002,,Embraer A-29B Super Tucano,E314,Mil,tar1090-db import,,,,
AE5739,13-2003,,Embraer A-29B Super Tucano,E314,Mil,tar1090-db import,,,,
AE573B,13-2005,,Embraer A-29B Super Tucano,E314,Mil,tar1090-db import,,,,
AE5741,13-2011,,Embraer A-29B Super Tucano,E314,Mil,tar1090-db import,,,,
AE574E,19-46008,,B762,B762,Mil,tar1090-db import,,,,
AE5765,14-03021,,MCDONNELL DOUGLAS AH-64 Apache,H64,Mil,tar1090-db import,,,,
AE5766,14-03022,,MCDONNELL DOUGLAS AH-64 Apache,H64,Mil,tar1090-db import,,,,
AE5767,14-03023,,MCDONNELL DOUGLAS AH-64 Apache,H64,Mil,tar1090-db import,,,,
AE5768,14-03024,,MCDONNELL DOUGLAS AH-64 Apache,H64,Mil,tar1090-db import,,,,
AE5769,14-03025,,MCDONNELL DOUGLAS AH-64 Apache,H64,Mil,tar1090-db import,,,,
AE576A,14-03026,,MCDONNELL DOUGLAS AH-64 Apache,H64,Mil,tar1090-db import,,,,
AE576B,14-03027,,MCDONNELL DOUGLAS AH-64 Apache,H64,Mil,tar1090-db import,,,,
AE576C,14-03028,,MCDONNELL DOUGLAS AH-64 Apache,H64,Mil,tar1090-db import,,,,
AE576D,14-03029,,MCDONNELL DOUGLAS AH-64 Apache,H64,Mil,tar1090-db import,,,,
AE576E,14-03030,,H64,H64,Mil,tar1090-db import,,,,
AE576F,14-03031,,MCDONNELL DOUGLAS AH-64 Apache,H64,Mil,tar1090-db import,,,,
AE5770,14-03032,,H64,H64,Mil,tar1090-db import,,,,
AE5776,13-20646,,SIKORSKY UH-60 Black Hawk,H60,Mil,tar1090-db import,,,,
AE5777,13-20647,,SIKORSKY UH-60 Black Hawk,H60,Mil,tar1090-db import,,,,
AE5778,14-20648,,SIKORSKY UH-60 Black Hawk,H60,Mil,tar1090-db import,,,,
AE577A,14-20650,,SIKORSKY UH-60 Black Hawk,H60,Mil,tar1090-db import,,,,
AE577B,14-20651,,SIKORSKY UH-60 Black Hawk,H60,Mil,tar1090-db import,,,,
AE577C,14-20652,,SIKORSKY UH-60 Black Hawk,H60,Mil,tar1090-db import,,,,
AE577E,14-20654,,SIKORSKY UH-60 Black Hawk,H60,Mil,tar1090-db import,,,,
AE577F,14-20655,,SIKORSKY UH-60 Black Hawk,H60,Mil,tar1090-db import,,,,
AE5782,14-20658,,SIKORSKY UH-60 Black Hawk,H60,Mil,tar1090-db import,,,,
AE5783,14-20659,,SIKORSKY UH-60 Black Hawk,H60,Mil,tar1090-db import,,,,
AE5785,14-20661,,SIKORSKY UH-60 Black Hawk,H60,Mil,tar1090-db import,,,,
AE5786,14-20662,,SIKORSKY UH-60 Black Hawk,H60,Mil,tar1090-db import,,,,
AE5787,14-20663,,SIKORSKY UH-60 Black Hawk,H60,Mil,tar1090-db import,,,,
AE578A,14-20666,,SIKORSKY UH-60 Black Hawk,H60,Mil,tar1090-db import,,,,
AE578C,14-20668,,SIKORSKY UH-60 Black Hawk,H60,Mil,tar1090-db import,,,,
AE5790,14-20672,,SIKORSKY UH-60 Black Hawk,H60,Mil,tar1090-db import,,,,
AE5791,14-20673,,SIKORSKY UH-60 Black Hawk,H60,Mil,tar1090-db import,,,,
AE5793,14-20675,,SIKORSKY UH-60 Black Hawk,H60,Mil,tar1090-db import,,,,
AE5794,14-20676,,SIKORSKY UH-60 Black Hawk,H60,Mil,tar1090-db import,,,,
AE5795,14-20677,,SIKORSKY UH-60 Black Hawk,H60,Mil,tar1090-db import,,,,
AE5796,14-20678,,SIKORSKY UH-60 Black Hawk,H60,Mil,tar1090-db import,,,,
AE5797,14-20679,,SIKORSKY UH-60 Black Hawk,H60,Mil,tar1090-db import,,,,
AE5798,14-20680,,SIKORSKY UH-60 Black Hawk,H60,Mil,tar1090-db import,,,,
AE5799,14-20681,,SIKORSKY UH-60 Black Hawk,H60,Mil,tar1090-db import,,,,
AE579A,14-20682,,SIKORSKY UH-60 Black Hawk,H60,Mil,tar1090-db import,,,,
AE579B,14-20683,,SIKORSKY UH-60 Black Hawk,H60,Mil,tar1090-db import,,,,
AE579C,14-20684,,SIKORSKY UH-60 Black Hawk,H60,Mil,tar1090-db import,,,,
AE579D,14-20685,,SIKORSKY UH-60 Black Hawk,H60,Mil,tar1090-db import,,,,
AE579E,14-20686,,SIKORSKY UH-60 Black Hawk,H60,Mil,tar1090-db import,,,,
AE579F,14-20687,,SIKORSKY UH-60 Black Hawk,H60,Mil,tar1090-db import,,,,
AE57A0,14-20688,,SIKORSKY UH-60 Black Hawk,H60,Mil,tar1090-db import,,,,
AE57A1,14-20689,,SIKORSKY UH-60 Black Hawk,H60,Mil,tar1090-db import,,,,
AE57A2,14-20690,,SIKORSKY UH-60 Black Hawk,H60,Mil,tar1090-db import,,,,
AE57A3,14-20691,,SIKORSKY UH-60 Black Hawk,H60,Mil,tar1090-db import,,,,
AE57A4,14-20692,,SIKORSKY UH-60 Black Hawk,H60,Mil,tar1090-db import,,,,
AE57A5,14-20693,,SIKORSKY UH-60 Black Hawk,H60,Mil,tar1090-db import,,,,
AE57A6,14-20694,,SIKORSKY UH-60 Black Hawk,H60,Mil,tar1090-db import,,,,
AE57A7,14-20695,,SIKORSKY UH-60 Black Hawk,H60,Mil,tar1090-db import,,,,
AE57A8,14-20696,,SIKORSKY UH-60 Black Hawk,H60,Mil,tar1090-db import,,,,
AE57A9,14-20697,,SIKORSKY UH-60 Black Hawk,H60,Mil,tar1090-db import,,,,
AE57AA,14-20698,,SIKORSKY UH-60 Black Hawk,H60,Mil,tar1090-db import,,,,
AE57AB,14-20699,,SIKORSKY UH-60 Black Hawk,H60,Mil,tar1090-db import,,,,
AE57AC,14-20700,,SIKORSKY UH-60 Black Hawk,H60,Mil,tar1090-db import,,,,
AE57AD,14-20701,,SIKORSKY UH-60 Black Hawk,H60,Mil,tar1090-db import,,,,
AE57AE,14-20702,,SIKORSKY UH-60 Black Hawk,H60,Mil,tar1090-db import,,,,
AE57B1,168328,,V22,V22,Mil,tar1090-db import,,,,
AE5803,164965,,F18H,F18H,Mil,tar1090-db import,,,,
AE5813,164967,,F18H,F18H,Mil,tar1090-db import,,,,
AE5857,168287,,V22,V22,Mil,tar1090-db import,,,,
AE5858,168288,,V22,V22,Mil,tar1090-db import,,,,
AE58B8,168905,,Boeing F/A-18E Super Hornet,F18S,Mil,tar1090-db import,,,,
AE58B9,168906,,F18S,F18S,Mil,tar1090-db import,,,,
AE58BB,168908,,F18S,F18S,Mil,tar1090-db import,,,,
AE58BC,168909,,F18S,F18S,Mil,tar1090-db import,,,,
AE58BD,168910,,F18S,F18S,Mil,tar1090-db import,,,,
AE58BE,168911,,F18S,F18S,Mil,tar1090-db import,,,,
AE58BF,168912,,F18S,F18S,Mil,tar1090-db import,,,,
AE58C0,168913,,Boeing F/A-18E Super Hornet,F18S,Mil,tar1090-db import,,,,
AE58C1,168914,,F18S,F18S,Mil,tar1090-db import,,,,
AE58C2,168915,,F18S,F18S,Mil,tar1090-db import,,,,
AE58C3,168916,,F18S,F18S,Mil,tar1090-db import,,,,
AE58C4,168917,,F18S,F18S,Mil,tar1090-db import,,,,
AE58C5,168918,,F18S,F18S,Mil,tar1090-db import,,,,
AE58C6,168919,,F18S,F18S,Mil,tar1090-db import,,,,
AE58C7,168920,,Boeing F/A-18E Super Hornet,F18S,Mil,tar1090-db import,,,,
AE58C8,168921,,F18S,F18S,Mil,tar1090-db import,,,,
AE58C9,168922,,F18S,F18S,Mil,tar1090-db import,,,,
AE58CA,168923,,BOEING FA-18 SUPER HORNET,F18S,Mil,tar1090-db import,,,,
AE58CB,168924,,F18S,F18S,Mil,tar1090-db import,,,,
AE58CC,168925,,F18S,F18S,Mil,tar1090-db import,,,,
AE58CE,168927,,F18S,F18S,Mil,tar1090-db import,,,,
AE58CF,168928,,F18S,F18S,Mil,tar1090-db import,,,,
AE58D0,168929,,F18S,F18S,Mil,tar1090-db import,,,,
AE58D1,168930,,F18S,F18S,Mil,tar1090-db import,,,,
AE58D2,168931,,F18S,F18S,Mil,tar1090-db import,,,,
AE58D3,168932,,Boeing EA-18G Growler,F18S,Mil,tar1090-db import,,,,
AE58D4,168933,,F18S,F18S,Mil,tar1090-db import,,,,
AE58D5,168934,,F18S,F18S,Mil,tar1090-db import,,,,
AE58D6,168935,,F18S,F18S,Mil,tar1090-db import,,,,
AE58D7,168936,,BOEING FA-18 SUPER HORNET,F18S,Mil,tar1090-db import,,,,
AE58D8,168937,,F18S,F18S,Mil,tar1090-db import,,,,
AE58D9,168938,,Boeing EA-18G Growler,F18S,Mil,tar1090-db import,,,,
AE58DA,168939,,F18S,F18S,Mil,tar1090-db import,,,,
AE58DB,168940,,F18S,F18S,Mil,tar1090-db import,,,,
AE58DC,168941,,F18S,F18S,Mil,tar1090-db import,,,,
AE58DD,168942,,F18S,F18S,Mil,tar1090-db import,,,,
AE58DE,166233,,Raytheon T-6B Texan II,TEX2,Mil,tar1090-db import,,,,
AE58DF,166234,,Raytheon T-6B Texan II,TEX2,Mil,tar1090-db import,,,,
AE58E0,166235,,Raytheon T-6B Texan II,TEX2,Mil,tar1090-db import,,,,
AE58E2,166237,,Raytheon T-6B Texan II,TEX2,Mil,tar1090-db import,,,,
AE58E3,166238,,Raytheon T-6B Texan II,TEX2,Mil,tar1090-db import,,,,
AE58E4,166239,,Raytheon T-6B Texan II,TEX2,Mil,tar1090-db import,,,,
AE58E5,166240,,Raytheon T-6B Texan II,TEX2,Mil,tar1090-db import,,,,
AE58E6,166241,,Raytheon T-6B Texan II,TEX2,Mil,tar1090-db import,,,,
AE58E7,166242,,Raytheon T-6B Texan II,TEX2,Mil,tar1090-db import,,,,
AE58E8,166243,,Raytheon T-6B Texan II,TEX2,Mil,tar1090-db import,,,,
AE58E9,166244,,Raytheon T-6B Texan II,TEX2,Mil,tar1090-db import,,,,
AE58EA,166245,,Raytheon T-6B Texan II,TEX2,Mil,tar1090-db import,,,,
AE58EB,166246,,Raytheon T-6B Texan II,TEX2,Mil,tar1090-db import,,,,
AE58EC,166247,,Raytheon T-6B Texan II,TEX2,Mil,tar1090-db import,,,,
AE58ED,166248,,Raytheon T-6B Texan II,TEX2,Mil,tar1090-db import,,,,
AE58EE,166249,,Raytheon T-6B Texan II,TEX2,Mil,tar1090-db import,,,,
AE58EF,166250,,Raytheon T-6B Texan II,TEX2,Mil,tar1090-db import,,,,
AE58F0,166251,,Raytheon T-6B Texan II,TEX2,Mil,tar1090-db import,,,,
AE58F2,166253,,Raytheon T-6B Texan II,TEX2,Mil,tar1090-db import,,,,
AE58F3,166254,,Raytheon T-6B Texan II,TEX2,Mil,tar1090-db import,,,,
AE58F5,166256,,Raytheon T-6B Texan II,TEX2,Mil,tar1090-db import,,,,
AE58F6,166257,,Raytheon T-6B Texan II,TEX2,Mil,tar1090-db import,,,,
AE58F7,166258,,Raytheon T-6B Texan II,TEX2,Mil,tar1090-db import,,,,
AE58F8,166259,,Raytheon T-6B Texan II,TEX2,Mil,tar1090-db import,,,,
AE58F9,166260,,Raytheon T-6B Texan II,TEX2,Mil,tar1090-db import,,,,
AE58FA,166261,,Raytheon T-6B Texan II,TEX2,Mil,tar1090-db import,,,,
AE593E,168779,,SIKORSKY CH-53 Super Stallion,H53S,Mil,tar1090-db import,,,,
AE593F,168780,,SIKORSKY CH-53 Super Stallion,H53S,Mil,tar1090-db import,,,,
AE5940,168781,,SIKORSKY CH-53 Super Stallion,H53S,Mil,tar1090-db import,,,,
AE5941,168782,,SIKORSKY CH-53 Super Stallion,H53S,Mil,tar1090-db import,,,,
AE5972,14-03034,,H64,H64,Mil,tar1090-db import,,,,
AE5973,14-03035,,MCDONNELL DOUGLAS AH-64 Apache,H64,Mil,tar1090-db import,,,,
AE5974,14-03036,,H64,H64,Mil,tar1090-db import,,,,
AE5975,14-03037,,MCDONNELL DOUGLAS AH-64 Apache,H64,Mil,tar1090-db import,,,,
AE5976,14-03038,,MCDONNELL DOUGLAS AH-64 Apache,H64,Mil,tar1090-db import,,,,
AE5977,14-03039,,MCDONNELL DOUGLAS AH-64 Apache,H64,Mil,tar1090-db import,,,,
AE5978,14-03040,,MCDONNELL DOUGLAS AH-64 Apache,H64,Mil,tar1090-db import,,,,
AE5979,14-03041,,MCDONNELL DOUGLAS AH-64 Apache,H64,Mil,tar1090-db import,,,,
AE597A,14-03042,,H64,H64,Mil,tar1090-db import,,,,
AE597B,14-03043,,MCDONNELL DOUGLAS AH-64 Apache,H64,Mil,tar1090-db import,,,,
AE597C,14-03044,,MCDONNELL DOUGLAS AH-64 Apache,H64,Mil,tar1090-db import,,,,
AE597E,15-03046,,H64,H64,Mil,tar1090-db import,,,,
AE597F,15-03047,,H64,H64,Mil,tar1090-db import,,,,
AE5980,14-01002,,H64,H64,Mil,tar1090-db import,,,,
AE5981,14-01003,,MCDONNELL DOUGLAS AH-64 Apache,H64,Mil,tar1090-db import,,,,
AE5982,14-01004,,H64,H64,Mil,tar1090-db import,,,,
AE5983,14-01005,,MCDONNELL DOUGLAS AH-64 Apache,H64,Mil,tar1090-db import,,,,
AE5984,14-01006,,MCDONNELL DOUGLAS AH-64 Apache,H64,Mil,tar1090-db import,,,,
AE5985,14-01007,,MCDONNELL DOUGLAS AH-64 Apache,H64,Mil,tar1090-db import,,,,
AE5986,14-01008,,MCDONNELL DOUGLAS AH-64 Apache,H64,Mil,tar1090-db import,,,,
AE598A,10-08404,,BOEING-VERTOL CH-47 Chinook,H47,Mil,tar1090-db import,,,,
AE598B,10-08405,,BOEING-VERTOL CH-47 Chinook,H47,Mil,tar1090-db import,,,,
AE598C,10-08406,,BOEING-VERTOL CH-47 Chinook,H47,Mil,tar1090-db import,,,,
AE598D,10-08407,,BOEING-VERTOL CH-47 Chinook,H47,Mil,tar1090-db import,,,,
AE5990,11-08412,,BOEING-VERTOL CH-47 Chinook,H47,Mil,tar1090-db import,,,,
AE5991,11-08413,,BOEING-VERTOL CH-47 Chinook,H47,Mil,tar1090-db import,,,,
AE5992,12-08414,,BOEING-VERTOL CH-47 Chinook,H47,Mil,tar1090-db import,,,,
AE5993,11-08415,,BOEING-VERTOL CH-47 Chinook,H47,Mil,tar1090-db import,,,,
AE5994,12-08403,,BOEING-VERTOL CH-47 Chinook,H47,Mil,tar1090-db import,,,,
AE5995,12-08400,,BOEING-VERTOL CH-47 Chinook,H47,Mil,tar1090-db import,,,,
AE5996,13-08131,,BOEING-VERTOL CH-47 Chinook,H47,Mil,tar1090-db import,,,,
AE5997,13-08132,,BOEING-VERTOL CH-47 Chinook,H47,Mil,tar1090-db import,,,,
AE5998,13-08432,,BOEING-VERTOL CH-47 Chinook,H47,Mil,tar1090-db import,,,,
AE5999,13-08133,,BOEING-VERTOL CH-47 Chinook,H47,Mil,tar1090-db import,,,,
AE599A,13-08433,,BOEING-VERTOL CH-47 Chinook,H47,Mil,tar1090-db import,,,,
AE599C,13-08434,,BOEING-VERTOL CH-47 Chinook,H47,Mil,tar1090-db import,,,,
AE599D,13-08435,,BOEING-VERTOL CH-47 Chinook,H47,Mil,tar1090-db import,,,,
AE599E,13-08436,,BOEING-VERTOL CH-47 Chinook,H47,Mil,tar1090-db import,,,,
AE59A0,13-08135,,BOEING-VERTOL CH-47 Chinook,H47,Mil,tar1090-db import,,,,
AE59A2,13-08136,,BOEING-VERTOL CH-47 Chinook,H47,Mil,tar1090-db import,,,,
AE59A3,13-08439,,Boeing CH-47F Chinook,H47,Mil,tar1090-db import,,,,
AE59A4,13-08440,,BOEING-VERTOL CH-47 Chinook,H47,Mil,tar1090-db import,,,,
AE59A5,13-08441,,BOEING-VERTOL CH-47 Chinook,H47,Mil,tar1090-db import,,,,
AE59A6,13-08442,,BOEING-VERTOL CH-47 Chinook,H47,Mil,tar1090-db import,,,,
AE59A7,13-08137,,BOEING-VERTOL CH-47 Chinook,H47,Mil,tar1090-db import,,,,
AE59A8,13-08138,,BOEING-VERTOL CH-47 Chinook,H47,Mil,tar1090-db import,,,,
AE59A9,13-08139,,BOEING-VERTOL CH-47 Chinook,H47,Mil,tar1090-db import,,,,
AE59AC,13-08141,,BOEING-VERTOL CH-47 Chinook,H47,Mil,tar1090-db import,,,,
AE59AD,13-08142,,BOEING-VERTOL CH-47 Chinook,H47,Mil,tar1090-db import,,,,
AE59AE,13-08143,,Boeing CH-47F Chinook,H47,Mil,tar1090-db import,,,,
AE59AF,13-08144,,BOEING-VERTOL CH-47 Chinook,H47,Mil,tar1090-db import,,,,
AE59B0,14-08444,,BOEING-VERTOL CH-47 Chinook,H47,Mil,tar1090-db import,,,,
AE59B1,14-08445,,BOEING-VERTOL CH-47 Chinook,H47,Mil,tar1090-db import,,,,
AE59B2,13-08145,,H47,H47,Mil,tar1090-db import,,,,
AE59B3,13-08146,,BOEING-VERTOL CH-47 Chinook,H47,Mil,tar1090-db import,,,,
AE59B4,13-08147,,BOEING-VERTOL CH-47 Chinook,H47,Mil,tar1090-db import,,,,
AE59B5,13-08148,,BOEING-VERTOL CH-47 Chinook,H47,Mil,tar1090-db import,,,,
AE59B7,13-08150,,BOEING-VERTOL CH-47 Chinook,H47,Mil,tar1090-db import,,,,
AE59B8,14-08151,,BOEING-VERTOL CH-47 Chinook,H47,Mil,tar1090-db import,,,,
AE59B9,14-08152,,BOEING-VERTOL CH-47 Chinook,H47,Mil,tar1090-db import,,,,
AE59BB,14-08154,,BOEING-VERTOL CH-47 Chinook,H47,Mil,tar1090-db import,,,,
AE59BC,14-08155,,BOEING-VERTOL CH-47 Chinook,H47,Mil,tar1090-db import,,,,
AE59BD,14-08156,,BOEING-VERTOL CH-47 Chinook,H47,Mil,tar1090-db import,,,,
AE59BE,14-08157,,BOEING-VERTOL CH-47 Chinook,H47,Mil,tar1090-db import,,,,
AE59BF,14-08158,,BOEING-VERTOL CH-47 Chinook,H47,Mil,tar1090-db import,,,,
AE59C0,14-08159,,BOEING-VERTOL CH-47 Chinook,H47,Mil,tar1090-db import,,,,
AE59C1,14-08160,,BOEING-VERTOL CH-47 Chinook,H47,Mil,tar1090-db import,,,,
AE59C2,14-08161,,BOEING-VERTOL CH-47 Chinook,H47,Mil,tar1090-db import,,,,
AE59C3,14-08162,,BOEING-VERTOL CH-47 Chinook,H47,Mil,tar1090-db import,,,,
AE59C5,14-08164,,BOEING-VERTOL CH-47 Chinook,H47,Mil,tar1090-db import,,,,
AE59C8,14-08167,,BOEING-VERTOL CH-47 Chinook,H47,Mil,tar1090-db import,,,,
AE59C9,14-08168,,BOEING-VERTOL CH-47 Chinook,H47,Mil,tar1090-db import,,,,
AE59CA,14-08169,,BOEING-VERTOL CH-47 Chinook,H47,Mil,tar1090-db import,,,,
AE59CB,14-08170,,BOEING-VERTOL CH-47 Chinook,H47,Mil,tar1090-db import,,,,
AE59CC,14-08171,,BOEING-VERTOL CH-47 Chinook,H47,Mil,tar1090-db import,,,,
AE59CE,14-08453,,BOEING-VERTOL CH-47 Chinook,H47,Mil,tar1090-db import,,,,
AE59D0,14-08455,,BOEING-VERTOL CH-47 Chinook,H47,Mil,tar1090-db import,,,,
AE59D1,14-08456,,BOEING-VERTOL CH-47 Chinook,H47,Mil,tar1090-db import,,,,
AE59D3,14-08458,,BOEING-VERTOL CH-47 Chinook,H47,Mil,tar1090-db import,,,,
AE59D4,14-08459,,BOEING-VERTOL CH-47 Chinook,H47,Mil,tar1090-db import,,,,
AE59D5,14-08460,,BOEING-VERTOL CH-47 Chinook,H47,Mil,tar1090-db import,,,,
AE59D6,14-08461,,BOEING-VERTOL CH-47 Chinook,H47,Mil,tar1090-db import,,,,
AE59D7,15-08172,,BOEING-VERTOL CH-47 Chinook,H47,Mil,tar1090-db import,,,,
AE59D9,15-08174,,BOEING-VERTOL CH-47 Chinook,H47,Mil,tar1090-db import,,,,
AE59DC,15-08177,,BOEING-VERTOL CH-47 Chinook,H47,Mil,tar1090-db import,,,,
AE59DD,15-08178,,BOEING-VERTOL CH-47 Chinook,H47,Mil,tar1090-db import,,,,
AE59DE,15-08179,,BOEING-VERTOL CH-47 Chinook,H47,Mil,tar1090-db import,,,,
AE59E0,15-08180,,BOEING-VERTOL CH-47 Chinook,H47,Mil,tar1090-db import,,,,
AE59E1,15-08181,,BOEING-VERTOL CH-47 Chinook,H47,Mil,tar1090-db import,,,,
AE59E2,15-08182,,BOEING-VERTOL CH-47 Chinook,H47,Mil,tar1090-db import,,,,
AE59E3,15-08183,,BOEING-VERTOL CH-47 Chinook,H47,Mil,tar1090-db import,,,,
AE59E4,15-08463,,BOEING-VERTOL CH-47 Chinook,H47,Mil,tar1090-db import,,,,
AE59E5,15-08184,,BOEING-VERTOL CH-47 Chinook,H47,Mil,tar1090-db import,,,,
AE59E6,15-08185,,BOEING-VERTOL CH-47 Chinook,H47,Mil,tar1090-db import,,,,
AE59E7,15-08186,,BOEING-VERTOL CH-47 Chinook,H47,Mil,tar1090-db import,,,,
AE59E8,15-08187,,BOEING-VERTOL CH-47 Chinook,H47,Mil,tar1090-db import,,,,
AE59E9,15-08188,,BOEING-VERTOL CH-47 Chinook,H47,Mil,tar1090-db import,,,,
AE59EA,15-08189,,BOEING-VERTOL CH-47 Chinook,H47,Mil,tar1090-db import,,,,
AE59EB,15-08190,,BOEING-VERTOL CH-47 Chinook,H47,Mil,tar1090-db import,,,,
AE59EC,15-08191,,BOEING-VERTOL CH-47 Chinook,H47,Mil,tar1090-db import,,,,
AE59ED,15-08192,,BOEING-VERTOL CH-47 Chinook,H47,Mil,tar1090-db import,,,,
AE59EE,15-08464,,BOEING-VERTOL CH-47 Chinook,H47,Mil,tar1090-db import,,,,
AE59EF,15-08193,,BOEING-VERTOL CH-47 Chinook,H47,Mil,tar1090-db import,,,,
AE59F0,15-08194,,BOEING-VERTOL CH-47 Chinook,H47,Mil,tar1090-db import,,,,
AE59F1,15-08195,,BOEING-VERTOL CH-47 Chinook,H47,Mil,tar1090-db import,,,,
AE59F2,15-08196,,BOEING-VERTOL CH-47 Chinook,H47,Mil,tar1090-db import,,,,
AE59F3,15-08465,,BOEING-VERTOL CH-47 Chinook,H47,Mil,tar1090-db import,,,,
AE59F4,15-08197,,BOEING-VERTOL CH-47 Chinook,H47,Mil,tar1090-db import,,,,
AE59F5,16-08198,,BOEING-VERTOL CH-47 Chinook,H47,Mil,tar1090-db import,,,,
AE59F6,16-08199,,BOEING-VERTOL CH-47 Chinook,H47,Mil,tar1090-db import,,,,
AE59F7,16-08200,,BOEING-VERTOL CH-47 Chinook,H47,Mil,tar1090-db import,,,,
AE59F8,15-08466,,BOEING-VERTOL CH-47 Chinook,H47,Mil,tar1090-db import,,,,
AE59F9,16-08201,,BOEING-VERTOL CH-47 Chinook,H47,Mil,tar1090-db import,,,,
AE59FA,16-08202,,BOEING-VERTOL CH-47 Chinook,H47,Mil,tar1090-db import,,,,
AE59FB,15-08467,,BOEING-VERTOL CH-47 Chinook,H47,Mil,tar1090-db import,,,,
AE59FC,16-08203,,BOEING-VERTOL CH-47 Chinook,H47,Mil,tar1090-db import,,,,
AE59FD,16-08204,,BOEING-VERTOL CH-47 Chinook,H47,Mil,tar1090-db import,,,,
AE59FE,16-08205,,BOEING-VERTOL CH-47 Chinook,H47,Mil,tar1090-db import,,,,
AE59FF,15-08468,,BOEING-VERTOL CH-47 Chinook,H47,Mil,tar1090-db import,,,,
AE5A00,16-08206,,BOEING-VERTOL CH-47 Chinook,H47,Mil,tar1090-db import,,,,
AE5A01,16-08207,,BOEING-VERTOL CH-47 Chinook,H47,Mil,tar1090-db import,,,,
AE5A02,16-08469,,BOEING-VERTOL CH-47 Chinook,H47,Mil,tar1090-db import,,,,
AE5A03,16-08208,,BOEING-VERTOL CH-47 Chinook,H47,Mil,tar1090-db import,,,,
AE5A04,16-08209,,BOEING-VERTOL CH-47 Chinook,H47,Mil,tar1090-db import,,,,
AE5A05,16-08470,,BOEING-VERTOL CH-47 Chinook,H47,Mil,tar1090-db import,,,,
AE5A06,16-08471,,BOEING-VERTOL CH-47 Chinook,H47,Mil,tar1090-db import,,,,
AE5A07,16-08210,,BOEING-VERTOL CH-47 Chinook,H47,Mil,tar1090-db import,,,,
AE5A08,16-08211,,BOEING-VERTOL CH-47 Chinook,H47,Mil,tar1090-db import,,,,
AE5A09,16-08212,,H47,H47,Mil,tar1090-db import,,,,
AE5A0A,16-08472,,BOEING-VERTOL CH-47 Chinook,H47,Mil,tar1090-db import,,,,
AE5A0B,16-08213,,BOEING-VERTOL CH-47 Chinook,H47,Mil,tar1090-db import,,,,
AE5A0C,16-08214,,BOEING-VERTOL CH-47 Chinook,H47,Mil,tar1090-db import,,,,
AE5A0D,16-08473,,BOEING-VERTOL CH-47 Chinook,H47,Mil,tar1090-db import,,,,
AE5A0E,16-08215,,H47,H47,Mil,tar1090-db import,,,,
AE5A0F,16-08216,,BOEING-VERTOL CH-47 Chinook,H47,Mil,tar1090-db import,,,,
AE5A10,16-08474,,H47,H47,Mil,tar1090-db import,,,,
AE5A11,16-08217,,BOEING-VERTOL CH-47 Chinook,H47,Mil,tar1090-db import,,,,
AE5A12,16-08218,,BOEING-VERTOL CH-47 Chinook,H47,Mil,tar1090-db import,,,,
AE5A13,16-08219,,BOEING-VERTOL CH-47 Chinook,H47,Mil,tar1090-db import,,,,
AE5A14,16-08220,,BOEING-VERTOL CH-47 Chinook,H47,Mil,tar1090-db import,,,,
AE5A15,16-08221,,BOEING-VERTOL CH-47 Chinook,H47,Mil,tar1090-db import,,,,
AE5A16,16-08475,,H47,H47,Mil,tar1090-db import,,,,
AE5A17,16-08222,,BOEING-VERTOL CH-47 Chinook,H47,Mil,tar1090-db import,,,,
AE5A18,16-08223,,BOEING-VERTOL CH-47 Chinook,H47,Mil,tar1090-db import,,,,
AE5A19,16-08476,,BOEING-VERTOL CH-47 Chinook,H47,Mil,tar1090-db import,,,,
AE5A1A,16-08224,,BOEING-VERTOL CH-47 Chinook,H47,Mil,tar1090-db import,,,,
AE5A1B,17-08225,,BOEING-VERTOL CH-47 Chinook,H47,Mil,tar1090-db import,,,,
AE5A1C,16-08477,,BOEING-VERTOL CH-47 Chinook,H47,Mil,tar1090-db import,,,,
AE5A1D,17-08226,,BOEING-VERTOL CH-47 Chinook,H47,Mil,tar1090-db import,,,,
AE5A1E,17-08227,,BOEING-VERTOL CH-47 Chinook,H47,Mil,tar1090-db import,,,,
AE5A1F,17-08228,,BOEING-VERTOL CH-47 Chinook,H47,Mil,tar1090-db import,,,,
AE5A20,17-08229,,BOEING-VERTOL CH-47 Chinook,H47,Mil,tar1090-db import,,,,
AE5A21,17-08230,,BOEING-VERTOL CH-47 Chinook,H47,Mil,tar1090-db import,,,,
AE5A22,17-08231,,BOEING-VERTOL CH-47 Chinook,H47,Mil,tar1090-db import,,,,
AE5A23,17-08232,,BOEING-VERTOL CH-47 Chinook,H47,Mil,tar1090-db import,,,,
AE5A24,17-08233,,H47,H47,Mil,tar1090-db import,,,,
AE5A25,17-08234,,H47,H47,Mil,tar1090-db import,,,,
AE5A26,17-08235,,H47,H47,Mil,tar1090-db import,,,,
AE5A27,17-08236,,H47,H47,Mil,tar1090-db import,,,,
AE5A28,17-08237,,BOEING-VERTOL CH-47 Chinook,H47,Mil,tar1090-db import,,,,
AE5A29,17-08238,,BOEING-VERTOL CH-47 Chinook,H47,Mil,tar1090-db import,,,,
AE5A2A,17-08239,,BOEING-VERTOL CH-47 Chinook,H47,Mil,tar1090-db import,,,,
AE5A2B,17-08240,,BOEING-VERTOL CH-47 Chinook,H47,Mil,tar1090-db import,,,,
AE5A2C,17-08241,,BOEING-VERTOL CH-47 Chinook,H47,Mil,tar1090-db import,,,,
AE5A2D,17-08242,,BOEING-VERTOL CH-47 Chinook,H47,Mil,tar1090-db import,,,,
AE5A2E,17-08243,,BOEING-VERTOL CH-47 Chinook,H47,Mil,tar1090-db import,,,,
AE5A2F,17-08244,,BOEING-VERTOL CH-47 Chinook,H47,Mil,tar1090-db import,,,,
AE5A30,17-08245,,BOEING-VERTOL CH-47 Chinook,H47,Mil,tar1090-db import,,,,
AE5A31,17-08246,,BOEING-VERTOL CH-47 Chinook,H47,Mil,tar1090-db import,,,,
AE5A37,10-08409,,BOEING-VERTOL CH-47 Chinook,H47,Mil,tar1090-db import,,,,
AE5A38,11-08416,,BOEING-VERTOL CH-47 Chinook,H47,Mil,tar1090-db import,,,,
AE5A3A,11-08417,,BOEING-VERTOL CH-47 Chinook,H47,Mil,tar1090-db import,,,,
AE5A3B,14-08447,,BOEING-VERTOL CH-47 Chinook,H47,Mil,tar1090-db import,,,,
AE5A3C,14-08451,,BOEING-VERTOL CH-47 Chinook,H47,Mil,tar1090-db import,,,,
AE5A3E,14-08446,,BOEING-VERTOL CH-47 Chinook,H47,Mil,tar1090-db import,,,,
AE5A3F,10-08408,,BOEING-VERTOL CH-47 Chinook,H47,Mil,tar1090-db import,,,,
AE5A50,14-72356,,Airbus Helicopters UH-72A Lakota,EC45,Mil,tar1090-db import,,,,
AE5A51,14-72357,,Airbus Helicopters UH-72A Lakota,EC45,Mil,tar1090-db import,,,,
AE5A58,15-72364,,Airbus Helicopters UH-72A Lakota,EC45,Mil,tar1090-db import,,,,
AE5A59,15-72365,,Airbus Helicopters UH-72A Lakota,EC45,Mil,tar1090-db import,,,,
AE5A5A,15-72366,,Airbus Helicopters UH-72A Lakota,EC45,Mil,tar1090-db import,,,,
AE5A5B,15-72367,,Airbus Helicopters UH-72A Lakota,EC45,Mil,tar1090-db import,,,,
AE5A5C,15-72368,,Airbus Helicopters UH-72A Lakota,EC45,Mil,tar1090-db import,,,,
AE5A5D,15-72369,,Airbus Helicopters UH-72A Lakota,EC45,Mil,tar1090-db import,,,,
AE5A5E,15-72370,,Airbus Helicopters UH-72A Lakota,EC45,Mil,tar1090-db import,,,,
AE5A5F,15-72371,,Airbus Helicopters UH-72A Lakota,EC45,Mil,tar1090-db import,,,,
AE5A61,15-72373,,Airbus Helicopters UH-72A Lakota,EC45,Mil,tar1090-db import,,,,
AE5A63,15-72375,,Airbus Helicopters UH-72A Lakota,EC45,Mil,tar1090-db import,,,,
AE5A64,15-72376,,Airbus Helicopters UH-72A Lakota,EC45,Mil,tar1090-db import,,,,
AE5A65,15-72377,,Airbus Helicopters UH-72A Lakota,EC45,Mil,tar1090-db import,,,,
AE5A66,15-72378,,Airbus Helicopters UH-72A Lakota,EC45,Mil,tar1090-db import,,,,
AE5A68,15-72380,,Airbus Helicopters UH-72A Lakota,EC45,Mil,tar1090-db import,,,,
AE5A6B,15-72383,,Airbus Helicopters UH-72A Lakota,EC45,Mil,tar1090-db import,,,,
AE5A6C,15-72384,,Airbus Helicopters UH-72A Lakota,EC45,Mil,tar1090-db import,,,,
AE5A6D,15-72385,,Airbus Helicopters UH-72A Lakota,EC45,Mil,tar1090-db import,,,,
AE5A6E,15-72386,,Airbus Helicopters UH-72A Lakota,EC45,Mil,tar1090-db import,,,,
AE5A6F,15-72387,,Airbus Helicopters UH-72A Lakota,EC45,Mil,tar1090-db import,,,,
AE5A70,15-72388,,Airbus Helicopters UH-72A Lakota,EC45,Mil,tar1090-db import,,,,
AE5A71,15-72389,,Airbus Helicopters UH-72A Lakota,EC45,Mil,tar1090-db import,,,,
AE5A72,15-72390,,Airbus Helicopters UH-72A Lakota,EC45,Mil,tar1090-db import,,,,
AE5A74,15-72392,,Airbus Helicopters UH-72A Lakota,EC45,Mil,tar1090-db import,,,,
AE5A76,15-72394,,Airbus Helicopters UH-72A Lakota,EC45,Mil,tar1090-db import,,,,
AE5A77,15-72395,,Airbus Helicopters UH-72A Lakota,EC45,Mil,tar1090-db import,,,,
AE5A78,15-72396,,Airbus Helicopters UH-72A Lakota,EC45,Mil,tar1090-db import,,,,
AE5A7A,15-72398,,Airbus Helicopters UH-72A Lakota,EC45,Mil,tar1090-db import,,,,
AE5A7B,15-72399,,Airbus Helicopters UH-72A Lakota,EC45,Mil,tar1090-db import,,,,
AE5A7C,15-72400,,Airbus Helicopters UH-72A Lakota,EC45,Mil,tar1090-db import,,,,
AE5A7E,15-72402,,Airbus Helicopters UH-72A Lakota,EC45,Mil,tar1090-db import,,,,
AE5A7F,15-72403,,Airbus Helicopters UH-72A Lakota,EC45,Mil,tar1090-db import,,,,
AE5A80,15-72404,,Airbus Helicopters UH-72A Lakota,EC45,Mil,tar1090-db import,,,,
AE5A81,15-72405,,Airbus Helicopters UH-72A Lakota,EC45,Mil,tar1090-db import,,,,
AE5A82,15-72406,,Airbus Helicopters UH-72A Lakota,EC45,Mil,tar1090-db import,,,,
AE5A83,15-72407,,Airbus Helicopters UH-72A Lakota,EC45,Mil,tar1090-db import,,,,
AE5A84,15-72408,,Airbus Helicopters UH-72A Lakota,EC45,Mil,tar1090-db import,,,,
AE5A85,15-72409,,Airbus Helicopters UH-72A Lakota,EC45,Mil,tar1090-db import,,,,
AE5A86,15-72410,,Airbus Helicopters UH-72A Lakota,EC45,Mil,tar1090-db import,,,,
AE5A87,15-72411,,Airbus Helicopters UH-72A Lakota,EC45,Mil,tar1090-db import,,,,
AE5A88,15-72412,,Airbus Helicopters UH-72A Lakota,EC45,Mil,tar1090-db import,,,,
AE5A8A,18-72414,,Airbus Helicopters UH-72A Lakota,EC45,Mil,tar1090-db import,,,,
AE5A8B,18-72415,,Airbus Helicopters UH-72A Lakota,EC45,Mil,tar1090-db import,,,,
AE5A8E,18-72418,,Airbus Helicopters UH-72A Lakota,EC45,Mil,tar1090-db import,,,,
AE5A8F,18-72419,,Airbus Helicopters UH-72A Lakota,EC45,Mil,tar1090-db import,,,,
AE5A90,18-72420,,Airbus Helicopters UH-72A Lakota,EC45,Mil,tar1090-db import,,,,
AE5A92,18-72422,,Airbus Helicopters UH-72A Lakota,EC45,Mil,tar1090-db import,,,,
AE5A94,18-72424,,Airbus Helicopters UH-72A Lakota,EC45,Mil,tar1090-db import,,,,
AE5A97,18-72427,,Airbus Helicopters UH-72A Lakota,EC45,Mil,tar1090-db import,,,,
AE5AB0,15-20718,,SIKORSKY UH-60 Black Hawk,H60,Mil,tar1090-db import,,,,
AE5AB1,15-20719,,SIKORSKY UH-60 Black Hawk,H60,Mil,tar1090-db import,,,,
AE5AB2,15-20720,,SIKORSKY UH-60 Black Hawk,H60,Mil,tar1090-db import,,,,
AE5AB3,15-20721,,SIKORSKY UH-60 Black Hawk,H60,Mil,tar1090-db import,,,,
AE5AB4,15-20722,,SIKORSKY UH-60 Black Hawk,H60,Mil,tar1090-db import,,,,
AE5AB5,15-20723,,SIKORSKY UH-60 Black Hawk,H60,Mil,tar1090-db import,,,,
AE5AB6,15-20724,,SIKORSKY UH-60 Black Hawk,H60,Mil,tar1090-db import,,,,
AE5AB7,15-20725,,SIKORSKY UH-60 Black Hawk,H60,Mil,tar1090-db import,,,,
AE5AB8,15-20726,,SIKORSKY UH-60 Black Hawk,H60,Mil,tar1090-db import,,,,
AE5AB9,15-20727,,SIKORSKY UH-60 Black Hawk,H60,Mil,tar1090-db import,,,,
AE5ABA,15-20728,,SIKORSKY UH-60 Black Hawk,H60,Mil,tar1090-db import,,,,
AE5ABC,15-20730,,SIKORSKY UH-60 Black Hawk,H60,Mil,tar1090-db import,,,,
AE5ABD,15-20731,,SIKORSKY UH-60 Black Hawk,H60,Mil,tar1090-db import,,,,
AE5ABE,15-20732,,SIKORSKY UH-60 Black Hawk,H60,Mil,tar1090-db import,,,,
AE5ABF,15-20733,,SIKORSKY UH-60 Black Hawk,H60,Mil,tar1090-db import,,,,
AE5AC0,15-20734,,SIKORSKY UH-60 Black Hawk,H60,Mil,tar1090-db import,,,,
AE5AC1,15-20735,,SIKORSKY UH-60 Black Hawk,H60,Mil,tar1090-db import,,,,
AE5AC2,15-20736,,SIKORSKY UH-60 Black Hawk,H60,Mil,tar1090-db import,,,,
AE5AC3,15-20737,,SIKORSKY UH-60 Black Hawk,H60,Mil,tar1090-db import,,,,
AE5AC4,15-20738,,SIKORSKY UH-60 Black Hawk,H60,Mil,tar1090-db import,,,,
AE5AC5,15-20739,,SIKORSKY UH-60 Black Hawk,H60,Mil,tar1090-db import,,,,
AE5AC6,15-20740,,SIKORSKY UH-60 Black Hawk,H60,Mil,tar1090-db import,,,,
AE5AC8,15-20742,,SIKORSKY UH-60 Black Hawk,H60,Mil,tar1090-db import,,,,
AE5AC9,15-20743,,SIKORSKY UH-60 Black Hawk,H60,Mil,tar1090-db import,,,,
AE5ACC,15-20746,,SIKORSKY UH-60 Black Hawk,H60,Mil,tar1090-db import,,,,
AE5ACD,15-20747,,SIKORSKY UH-60 Black Hawk,H60,Mil,tar1090-db import,,,,
AE5ACE,15-20748,,SIKORSKY UH-60 Black Hawk,H60,Mil,tar1090-db import,,,,
AE5ACF,15-20749,,SIKORSKY UH-60 Black Hawk,H60,Mil,tar1090-db import,,,,
AE5AD0,15-20750,,SIKORSKY UH-60 Black Hawk,H60,Mil,tar1090-db import,,,,
AE5AD1,15-20751,,SIKORSKY UH-60 Black Hawk,H60,Mil,tar1090-db import,,,,
AE5AD2,15-20752,,SIKORSKY UH-60 Black Hawk,H60,Mil,tar1090-db import,,,,
AE5AD3,15-20753,,SIKORSKY UH-60 Black Hawk,H60,Mil,tar1090-db import,,,,
AE5AD4,15-20754,,SIKORSKY UH-60 Black Hawk,H60,Mil,tar1090-db import,,,,
AE5AD6,15-20756,,SIKORSKY UH-60 Black Hawk,H60,Mil,tar1090-db import,,,,
AE5AD8,15-20758,,SIKORSKY UH-60 Black Hawk,H60,Mil,tar1090-db import,,,,
AE5AD9,15-20759,,SIKORSKY UH-60 Black Hawk,H60,Mil,tar1090-db import,,,,
AE5ADC,15-20762,,SIKORSKY UH-60 Black Hawk,H60,Mil,tar1090-db import,,,,
AE5ADD,15-20763,,SIKORSKY UH-60 Black Hawk,H60,Mil,tar1090-db import,,,,
AE5ADE,15-20764,,SIKORSKY UH-60 Black Hawk,H60,Mil,tar1090-db import,,,,
AE5ADF,15-20765,,SIKORSKY UH-60 Black Hawk,H60,Mil,tar1090-db import,,,,
AE5AE0,15-20766,,SIKORSKY UH-60 Black Hawk,H60,Mil,tar1090-db import,,,,
AE5AE1,15-20767,,SIKORSKY UH-60 Black Hawk,H60,Mil,tar1090-db import,,,,
AE5AE2,15-20768,,SIKORSKY UH-60 Black Hawk,H60,Mil,tar1090-db import,,,,
AE5AE3,15-20769,,SIKORSKY UH-60 Black Hawk,H60,Mil,tar1090-db import,,,,
AE5AE4,15-20770,,SIKORSKY UH-60 Black Hawk,H60,Mil,tar1090-db import,,,,
AE5AE5,15-20771,,SIKORSKY UH-60 Black Hawk,H60,Mil,tar1090-db import,,,,
AE5AE7,15-20773,,SIKORSKY UH-60 Black Hawk,H60,Mil,tar1090-db import,,,,
AE5AE8,15-20774,,SIKORSKY UH-60 Black Hawk,H60,Mil,tar1090-db import,,,,
AE5AE9,15-20775,,SIKORSKY UH-60 Black Hawk,H60,Mil,tar1090-db import,,,,
AE5AEA,15-20776,,SIKORSKY UH-60 Black Hawk,H60,Mil,tar1090-db import,,,,
AE5AEB,15-20777,,SIKORSKY UH-60 Black Hawk,H60,Mil,tar1090-db import,,,,
AE5AEC,15-20778,,SIKORSKY UH-60 Black Hawk,H60,Mil,tar1090-db import,,,,
AE5AED,15-20779,,SIKORSKY UH-60 Black Hawk,H60,Mil,tar1090-db import,,,,
AE5AEE,15-20780,,SIKORSKY UH-60 Black Hawk,H60,Mil,tar1090-db import,,,,
AE5AEF,15-20781,,SIKORSKY UH-60 Black Hawk,H60,Mil,tar1090-db import,,,,
AE5AF0,15-20782,,SIKORSKY UH-60 Black Hawk,H60,Mil,tar1090-db import,,,,
AE5B0F,15-03069,,MCDONNELL DOUGLAS AH-64 Apache,H64,Mil,tar1090-db import,,,,
AE5B14,07-61012,,BEECHCRAFT Super King Air 350,B350,Mil,tar1090-db import,,,,
AE5B16,07-61015,,BEECHCRAFT Super King Air 350,B350,Mil,tar1090-db import,,,,
AE5B17,07-61016,,BEECHCRAFT Super King Air 350,B350,Mil,tar1090-db import,,,,
AE5B19,07-61018,,BEECH 300 Super King Air,BE30,Mil,tar1090-db import,,,,
AE5B1A,169113,,F18S,F18S,Mil,tar1090-db import,,,,
AE5B1B,169114,,Boeing F/A-18E Super Hornet,F18S,Mil,tar1090-db import,,,,
AE5B1C,169115,,F18S,F18S,Mil,tar1090-db import,,,,
AE5B1D,169116,,F18S,F18S,Mil,tar1090-db import,,,,
AE5B1E,169117,,F18S,F18S,Mil,tar1090-db import,,,,
AE5B1F,169118,,Boeing F/A-18E Super Hornet,F18S,Mil,tar1090-db import,,,,
AE5B20,169119,,F18S,F18S,Mil,tar1090-db import,,,,
AE5B21,169120,,F18S,F18S,Mil,tar1090-db import,,,,
AE5B22,169121,,F18S,F18S,Mil,tar1090-db import,,,,
AE5B23,169122,,F18S,F18S,Mil,tar1090-db import,,,,
AE5B24,169123,,F18S,F18S,Mil,tar1090-db import,,,,
AE5B25,169124,,F18S,F18S,Mil,tar1090-db import,,,,
AE5B26,169125,,Boeing EA-18G Growler,F18S,Mil,tar1090-db import,,,,
AE5B27,169126,,BOEING FA-18 SUPER HORNET,F18S,Mil,tar1090-db import,,,,
AE5B28,169127,,Boeing EA-18G Growler,F18S,Mil,tar1090-db import,,,,
AE5B29,169128,,BOEING FA-18 SUPER HORNET,F18S,Mil,tar1090-db import,,,,
AE5B2A,169129,,BOEING FA-18 SUPER HORNET,F18S,Mil,tar1090-db import,,,,
AE5B2B,169130,,F18S,F18S,Mil,tar1090-db import,,,,
AE5B2C,169131,,BOEING FA-18 SUPER HORNET,F18S,Mil,tar1090-db import,,,,
AE5B2D,169132,,BOEING FA-18 SUPER HORNET,F18S,Mil,tar1090-db import,,,,
AE5B2E,169133,,BOEING FA-18 SUPER HORNET,F18S,Mil,tar1090-db import,,,,
AE5B2F,169134,,BOEING FA-18 SUPER HORNET,F18S,Mil,tar1090-db import,,,,
AE5B31,169136,,Boeing EA-18G Growler,F18S,Mil,tar1090-db import,,,,
AE5B35,169140,,Boeing EA-18G Growler,F18S,Mil,tar1090-db import,,,,
AE5B36,169141,,Boeing EA-18G Growler,F18S,Mil,tar1090-db import,,,,
AE5B37,169142,,Boeing EA-18G Growler,F18S,Mil,tar1090-db import,,,,
AE5B38,169143,,Boeing EA-18G Growler,F18S,Mil,tar1090-db import,,,,
AE5B39,169144,,BOEING FA-18 SUPER HORNET,F18S,Mil,tar1090-db import,,,,
AE5B3A,169145,,BOEING FA-18 SUPER HORNET,F18S,Mil,tar1090-db import,,,,
AE5B3B,169146,,BOEING FA-18 SUPER HORNET,F18S,Mil,tar1090-db import,,,,
AE5B3C,169147,,F18S,F18S,Mil,tar1090-db import,,,,
AE5B3D,14-20703,,SIKORSKY UH-60 Black Hawk,H60,Mil,tar1090-db import,,,,
AE5B3E,14-20704,,SIKORSKY UH-60 Black Hawk,H60,Mil,tar1090-db import,,,,
AE5B3F,14-20705,,SIKORSKY UH-60 Black Hawk,H60,Mil,tar1090-db import,,,,
AE5B40,14-20706,,SIKORSKY UH-60 Black Hawk,H60,Mil,tar1090-db import,,,,
AE5B41,14-20707,,SIKORSKY UH-60 Black Hawk,H60,Mil,tar1090-db import,,,,
AE5B42,14-20708,,SIKORSKY UH-60 Black Hawk,H60,Mil,tar1090-db import,,,,
AE5B43,14-20709,,SIKORSKY UH-60 Black Hawk,H60,Mil,tar1090-db import,,,,
AE5B45,14-20711,,SIKORSKY UH-60 Black Hawk,H60,Mil,tar1090-db import,,,,
AE5B46,14-20712,,SIKORSKY UH-60 Black Hawk,H60,Mil,tar1090-db import,,,,
AE5B47,14-20713,,SIKORSKY UH-60 Black Hawk,H60,Mil,tar1090-db import,,,,
AE5B48,14-20714,,SIKORSKY UH-60 Black Hawk,H60,Mil,tar1090-db import,,,,
AE5B6F,05-0419,,Pilatus U-28A Draco,PC12,Mil,tar1090-db import,,,,
AE5B7D,06-0692,,PC12,PC12,Mil,tar1090-db import,,,,
AE5BAC,13-20639,,SIKORSKY UH-60 Black Hawk,H60,Mil,tar1090-db import,,,,
AE5BAD,13-20640,,SIKORSKY UH-60 Black Hawk,H60,Mil,tar1090-db import,,,,
AE5BAF,13-20642,,SIKORSKY UH-60 Black Hawk,H60,Mil,tar1090-db import,,,,
AE5BB0,13-20643,,SIKORSKY UH-60 Black Hawk,H60,Mil,tar1090-db import,,,,
AE5BB1,13-20644,,SIKORSKY UH-60 Black Hawk,H60,Mil,tar1090-db import,,,,
AE5BB2,13-20645,,SIKORSKY UH-60 Black Hawk,H60,Mil,tar1090-db import,,,,
AE5BB3,TEST,,H60,H60,Mil,tar1090-db import,,,,
AE5BB4,A60-010,,SIKORSKY UH-60 Black Hawk,H60,Mil,tar1090-db import,,,,
AE5BB5,TEST,,H60,H60,Mil,tar1090-db import,,,,
AE5BB6,TEST,,H60,H60,Mil,tar1090-db import,,,,
AE5BB7,TEST,,H60,H60,Mil,tar1090-db import,,,,
AE5BB8,TEST,,H60,H60,Mil,tar1090-db import,,,,
AE5BB9,TEST,,H60,H60,Mil,tar1090-db import,,,,
AE5BBA,TEST,,H60,H60,Mil,tar1090-db import,,,,
AE5BBB,TEST,,H60,H60,Mil,tar1090-db import,,,,
AE5BBC,TEST,,H60,H60,Mil,tar1090-db import,,,,
AE5BC9,91-0327,,MCDONNELL-DOUGLAS F-15 Eagle,F15,Mil,tar1090-db import,,,,
AE5BCA,15-20789,,SIKORSKY UH-60 Black Hawk,H60,Mil,tar1090-db import,,,,
AE5BCB,15-20783,,SIKORSKY UH-60 Black Hawk,H60,Mil,tar1090-db import,,,,
AE5BCC,15-20784,,SIKORSKY UH-60 Black Hawk,H60,Mil,tar1090-db import,,,,
AE5BCD,15-20785,,SIKORSKY UH-60 Black Hawk,H60,Mil,tar1090-db import,,,,
AE5BCE,15-20786,,H60,H60,Mil,tar1090-db import,,,,
AE5BCF,15-20787,,H60,H60,Mil,tar1090-db import,,,,
AE5BD0,15-20788,,SIKORSKY UH-60 Black Hawk,H60,Mil,tar1090-db import,,,,
AE5BD1,15-20790,,SIKORSKY UH-60 Black Hawk,H60,Mil,tar1090-db import,,,,
AE5BD2,15-20791,,SIKORSKY UH-60 Black Hawk,H60,Mil,tar1090-db import,,,,
AE5BD4,15-20793,,SIKORSKY UH-60 Black Hawk,H60,Mil,tar1090-db import,,,,
AE5BD5,15-20794,,SIKORSKY UH-60 Black Hawk,H60,Mil,tar1090-db import,,,,
AE5BD6,15-20795,,SIKORSKY UH-60 Black Hawk,H60,Mil,tar1090-db import,,,,
AE5BD7,15-20796,,SIKORSKY UH-60 Black Hawk,H60,Mil,tar1090-db import,,,,
AE5BD8,15-20797,,SIKORSKY UH-60 Black Hawk,H60,Mil,tar1090-db import,,,,
AE5BD9,15-20798,,SIKORSKY UH-60 Black Hawk,H60,Mil,tar1090-db import,,,,
AE5BDB,15-20800,,SIKORSKY UH-60 Black Hawk,H60,Mil,tar1090-db import,,,,
AE5BDC,15-20801,,SIKORSKY UH-60 Black Hawk,H60,Mil,tar1090-db import,,,,
AE5BDD,15-20802,,SIKORSKY UH-60 Black Hawk,H60,Mil,tar1090-db import,,,,
AE5BDE,15-20803,,SIKORSKY UH-60 Black Hawk,H60,Mil,tar1090-db import,,,,
AE5BDF,15-20804,,SIKORSKY UH-60 Black Hawk,H60,Mil,tar1090-db import,,,,
AE5BE0,15-20805,,SIKORSKY UH-60 Black Hawk,H60,Mil,tar1090-db import,,,,
AE5BE1,12-02901,,BOEING-VERTOL CH-47 Chinook,H47,Mil,tar1090-db import,,,,
AE5BE9,15-03070,,H64,H64,Mil,tar1090-db import,,,,
AE5BEA,15-03071,,H64,H64,Mil,tar1090-db import,,,,
AE5BEB,15-03072,,MCDONNELL DOUGLAS AH-64 Apache,H64,Mil,tar1090-db import,,,,
AE5BEC,15-03073,,MCDONNELL DOUGLAS AH-64 Apache,H64,Mil,tar1090-db import,,,,
AE5BED,15-03074,,MCDONNELL DOUGLAS AH-64 Apache,H64,Mil,tar1090-db import,,,,
AE5BEE,15-03075,,MCDONNELL DOUGLAS AH-64 Apache,H64,Mil,tar1090-db import,,,,
AE5BEF,15-03076,,MCDONNELL DOUGLAS AH-64 Apache,H64,Mil,tar1090-db import,,,,
AE5BF0,15-03077,,H64,H64,Mil,tar1090-db import,,,,
AE5BF1,15-03078,,H64,H64,Mil,tar1090-db import,,,,
AE5BF2,15-03079,,H64,H64,Mil,tar1090-db import,,,,
AE5BF3,15-03080,,MCDONNELL DOUGLAS AH-64 Apache,H64,Mil,tar1090-db import,,,,
AE5BF4,16-03081,,MCDONNELL DOUGLAS AH-64 Apache,H64,Mil,tar1090-db import,,,,
AE5BF5,16-03082,,MCDONNELL DOUGLAS AH-64 Apache,H64,Mil,tar1090-db import,,,,
AE5BF6,16-03083,,H64,H64,Mil,tar1090-db import,,,,
AE5BF7,16-03084,,MCDONNELL DOUGLAS AH-64 Apache,H64,Mil,tar1090-db import,,,,
AE5BF8,16-03085,,MCDONNELL DOUGLAS AH-64 Apache,H64,Mil,tar1090-db import,,,,
AE5BF9,16-03086,,MCDONNELL DOUGLAS AH-64 Apache,H64,Mil,tar1090-db import,,,,
AE5BFA,16-03087,,H64,H64,Mil,tar1090-db import,,,,
AE5BFB,16-03088,,MCDONNELL DOUGLAS AH-64 Apache,H64,Mil,tar1090-db import,,,,
AE5BFC,16-03089,,H64,H64,Mil,tar1090-db import,,,,
AE5BFD,16-03090,,H64,H64,Mil,tar1090-db import,,,,
AE5BFE,16-03091,,MCDONNELL DOUGLAS AH-64 Apache,H64,Mil,tar1090-db import,,,,
AE5BFF,16-03092,,MCDONNELL DOUGLAS AH-64 Apache,H64,Mil,tar1090-db import,,,,
AE5C10,15-02177,,Q1,Q1,Mil,tar1090-db import,,,,
AE5C11,15-02178,,Q1,Q1,Mil,tar1090-db import,,,,
AE5C12,15-02179,,Q1,Q1,Mil,tar1090-db import,,,,
AE5C13,15-02180,,Q1,Q1,Mil,tar1090-db import,,,,
AE5C16,762256,,DE HAVILLAND DHC-6 Twin Otter,DHC6,Mil,tar1090-db import,,,,
AE5C17,793255,,DE HAVILLAND DHC-6 Twin Otter,DHC6,Mil,tar1090-db import,,,,
AE5C18,169232,,UH1Y,UH1Y,Mil,tar1090-db import,,,,
AE5C19,169233,,UH1Y,UH1Y,Mil,tar1090-db import,,,,
AE5C1A,169234,,UH1Y,UH1Y,Mil,tar1090-db import,,,,
AE5C1B,169235,,UH1Y,UH1Y,Mil,tar1090-db import,,,,
AE5C1C,169236,,UH1Y,UH1Y,Mil,tar1090-db import,,,,
AE5C1D,169237,,UH1Y,UH1Y,Mil,tar1090-db import,,,,
AE5C1E,169238,,UH1Y,UH1Y,Mil,tar1090-db import,,,,
AE5C1F,169239,,Bell UH-1Y Venom,UH1Y,Mil,tar1090-db import,,,,
AE5C20,169240,,Bell UH-1Y Venom,UH1Y,Mil,tar1090-db import,,,,
AE5C21,169241,,UH1Y,UH1Y,Mil,tar1090-db import,,,,
AE5C22,169242,,UH1Y,UH1Y,Mil,tar1090-db import,,,,
AE5C23,169243,,UH1Y,UH1Y,Mil,tar1090-db import,,,,
AE5C24,169244,,UH1Y,UH1Y,Mil,tar1090-db import,,,,
AE5C25,169245,,UH1Y,UH1Y,Mil,tar1090-db import,,,,
AE5C26,169246,,UH1Y,UH1Y,Mil,tar1090-db import,,,,
AE5C27,169247,,UH1Y,UH1Y,Mil,tar1090-db import,,,,
AE5C29,169249,,SUCO,SUCO,Mil,tar1090-db import,,,,
AE5C2B,169251,,SUCO,SUCO,Mil,tar1090-db import,,,,
AE5C2D,169253,,SUCO,SUCO,Mil,tar1090-db import,,,,
AE5C2E,169254,,SUCO,SUCO,Mil,tar1090-db import,,,,
AE5C2F,169255,,SUCO,SUCO,Mil,tar1090-db import,,,,
AE5C30,169256,,SUCO,SUCO,Mil,tar1090-db import,,,,
AE5C31,169257,,SUCO,SUCO,Mil,tar1090-db import,,,,
AE5C32,169258,,SUCO,SUCO,Mil,tar1090-db import,,,,
AE5C33,169259,,SUCO,SUCO,Mil,tar1090-db import,,,,
AE5C34,169260,,SUCO,SUCO,Mil,tar1090-db import,,,,
AE5C35,169261,,SUCO,SUCO,Mil,tar1090-db import,,,,
AE5C36,169262,,SUCO,SUCO,Mil,tar1090-db import,,,,
AE5C37,169263,,SUCO,SUCO,Mil,tar1090-db import,,,,
AE5C38,169264,,SUCO,SUCO,Mil,tar1090-db import,,,,
AE5C39,169265,,SUCO,SUCO,Mil,tar1090-db import,,,,
AE5C3A,169266,,SUCO,SUCO,Mil,tar1090-db import,,,,
AE5C3B,169267,,SUCO,SUCO,Mil,tar1090-db import,,,,
AE5C3C,169268,,SUCO,SUCO,Mil,tar1090-db import,,,,
AE5C3D,169269,,SUCO,SUCO,Mil,tar1090-db import,,,,
AE5C3E,169270,,SUCO,SUCO,Mil,tar1090-db import,,,,
AE5C3F,169271,,SUCO,SUCO,Mil,tar1090-db import,,,,
AE5C40,169272,,SUCO,SUCO,Mil,tar1090-db import,,,,
AE5C41,169273,,SUCO,SUCO,Mil,tar1090-db import,,,,
AE5C42,169274,,SUCO,SUCO,Mil,tar1090-db import,,,,
AE5C43,169275,,SUCO,SUCO,Mil,tar1090-db import,,,,
AE5C44,169276,,SUCO,SUCO,Mil,tar1090-db import,,,,
AE5C45,169277,,SUCO,SUCO,Mil,tar1090-db import,,,,
AE5C46,169278,,SUCO,SUCO,Mil,tar1090-db import,,,,
AE5C47,169279,,SUCO,SUCO,Mil,tar1090-db import,,,,
AE5C48,169280,,UH1Y,UH1Y,Mil,tar1090-db import,,,,
AE5C49,169281,,UH1Y,UH1Y,Mil,tar1090-db import,,,,
AE5C4A,169282,,UH1Y,UH1Y,Mil,tar1090-db import,,,,
AE5C4B,169283,,UH1Y,UH1Y,Mil,tar1090-db import,,,,
AE5C4C,169284,,UH1Y,UH1Y,Mil,tar1090-db import,,,,
AE5C4D,169285,,UH1Y,UH1Y,Mil,tar1090-db import,,,,
AE5C4E,169286,,UH1Y,UH1Y,Mil,tar1090-db import,,,,
AE5C4F,169287,,UH1Y,UH1Y,Mil,tar1090-db import,,,,
AE5C50,169288,,UH1Y,UH1Y,Mil,tar1090-db import,,,,
AE5C51,169289,,UH1Y,UH1Y,Mil,tar1090-db import,,,,
AE5C52,169290,,Bell UH-1Y Venom,UH1Y,Mil,tar1090-db import,,,,
AE5C53,169291,,UH1Y,UH1Y,Mil,tar1090-db import,,,,
AE5C55,15-20806,,SIKORSKY UH-60 Black Hawk,H60,Mil,tar1090-db import,,,,
AE5C59,169327,,Boeing P-8A Poseidon,P8,Mil,tar1090-db import,,,,
AE5CA0,05-27040,,SIKORSKY UH-60 Black Hawk,H60,Mil,tar1090-db import,,,,
AE5CA2,01-26881,,SIKORSKY UH-60 Black Hawk,H60,Mil,tar1090-db import,,,,
AE5CA3,05-27065,,SIKORSKY UH-60 Black Hawk,H60,Mil,tar1090-db import,,,,
AE5CA4,05-27068,,SIKORSKY UH-60 Black Hawk,H60,Mil,tar1090-db import,,,,
AE5CA5,05-27039,,SIKORSKY UH-60 Black Hawk,H60,Mil,tar1090-db import,,,,
AE5CA6,05-27045,,SIKORSKY UH-60 Black Hawk,H60,Mil,tar1090-db import,,,,
AE5CA7,05-27048,,SIKORSKY UH-60 Black Hawk,H60,Mil,tar1090-db import,,,,
AE5CA8,05-27051,,SIKORSKY UH-60 Black Hawk,H60,Mil,tar1090-db import,,,,
AE5CA9,05-27056,,SIKORSKY UH-60 Black Hawk,H60,Mil,tar1090-db import,,,,
AE5CAA,06-27075,,SIKORSKY UH-60 Black Hawk,H60,Mil,tar1090-db import,,,,
AE5CAB,05-27064,,SIKORSKY UH-60 Black Hawk,H60,Mil,tar1090-db import,,,,
AE5CAC,05-27066,,SIKORSKY UH-60 Black Hawk,H60,Mil,tar1090-db import,,,,
AE5CAD,06-27076,,SIKORSKY UH-60 Black Hawk,H60,Mil,tar1090-db import,,,,
AE5CAF,01-26885,,SIKORSKY UH-60 Black Hawk,H60,Mil,tar1090-db import,,,,
AE5CB0,01-26886,,SIKORSKY UH-60 Black Hawk,H60,Mil,tar1090-db import,,,,
AE5CB1,02-26970,,SIKORSKY UH-60 Black Hawk,H60,Mil,tar1090-db import,,,,
AE5CB2,02-26971,,SIKORSKY UH-60 Black Hawk,H60,Mil,tar1090-db import,,,,
AE5CB3,03-26979,,SIKORSKY UH-60 Black Hawk,H60,Mil,tar1090-db import,,,,
AE5CB4,03-26992,,SIKORSKY UH-60 Black Hawk,H60,Mil,tar1090-db import,,,,
AE5CB9,90-26230,,SIKORSKY UH-60 Black Hawk,H60,Mil,tar1090-db import,,,,
AE5CBA,90-26236,,SIKORSKY UH-60 Black Hawk,H60,Mil,tar1090-db import,,,,
AE5CBB,89-26205,,SIKORSKY UH-60 Black Hawk,H60,Mil,tar1090-db import,,,,
AE5CBC,89-26207,,SIKORSKY UH-60 Black Hawk,H60,Mil,tar1090-db import,,,,
AE5CBD,91-26402,,SIKORSKY UH-60 Black Hawk,H60,Mil,tar1090-db import,,,,
AE5CC4,89-26195,,SIKORSKY UH-60 Black Hawk,H60,Mil,tar1090-db import,,,,
AE5CC5,90-26239,,SIKORSKY UH-60 Black Hawk,H60,Mil,tar1090-db import,,,,
AE5CC6,97-26779,,SIKORSKY UH-60 Black Hawk,H60,Mil,tar1090-db import,,,,
AE5CC9,92-26467,,SIKORSKY UH-60 Black Hawk,H60,Mil,tar1090-db import,,,,
AE5CCA,88-26107,,SIKORSKY UH-60 Black Hawk,H60,Mil,tar1090-db import,,,,
AE5CCC,90-26231,,SIKORSKY UH-60 Black Hawk,H60,Mil,tar1090-db import,,,,
AE5CCE,89-26206,,SIKORSKY UH-60 Black Hawk,H60,Mil,tar1090-db import,,,,
AE5CCF,89-26209,,SIKORSKY UH-60 Black Hawk,H60,Mil,tar1090-db import,,,,
AE5CD0,91-26403,,SIKORSKY UH-60 Black Hawk,H60,Mil,tar1090-db import,,,,
AE5CD1,87-26007,,SIKORSKY UH-60 Black Hawk,H60,Mil,tar1090-db import,,,,
AE5CD7,97-26774,,SIKORSKY UH-60 Black Hawk,H60,Mil,tar1090-db import,,,,
AE5CDA,88-26112,,Sikorsky HH-60G Pave Hawk,H60,Mil,tar1090-db import,,,,
AE5CDC,88-26115,,SIKORSKY UH-60 Black Hawk,H60,Mil,tar1090-db import,,,,
AE5CDE,90-26232,,SIKORSKY UH-60 Black Hawk,H60,Mil,tar1090-db import,,,,
AE5CDF,90-26238,,SIKORSKY UH-60 Black Hawk,H60,Mil,tar1090-db import,,,,
AE5CE1,89-26210,,SIKORSKY UH-60 Black Hawk,H60,Mil,tar1090-db import,,,,
AE5CE2,91-26405,,SIKORSKY UH-60 Black Hawk,H60,Mil,tar1090-db import,,,,
AE5CE5,91-26357,,Sikorsky HH-60G Pave Hawk,H60,Mil,tar1090-db import,,,,
AE5CEA,88-26113,,SIKORSKY UH-60 Black Hawk,H60,Mil,tar1090-db import,,,,
AE5CEB,92-26470,,SIKORSKY UH-60 Black Hawk,H60,Mil,tar1090-db import,,,,
AE5CEE,90-26233,,SIKORSKY UH-60 Black Hawk,H60,Mil,tar1090-db import,,,,
AE5CEF,89-26212,,SIKORSKY UH-60 Black Hawk,H60,Mil,tar1090-db import,,,,
AE5CF0,89-26211,,SIKORSKY UH-60 Black Hawk,H60,Mil,tar1090-db import,,,,
AE5CF1,91-26406,,SIKORSKY UH-60 Black Hawk,H60,Mil,tar1090-db import,,,,
AE5CF6,09-08070,,BOEING-VERTOL CH-47 Chinook,H47,Mil,tar1090-db import,,,,
AE5CFA,88-26114,,SIKORSKY UH-60 Black Hawk,H60,Mil,tar1090-db import,,,,
AE5CFB,92-26471,,SIKORSKY UH-60 Black Hawk,H60,Mil,tar1090-db import,,,,
AE5CFE,90-26234,,SIKORSKY UH-60 Black Hawk,H60,Mil,tar1090-db import,,,,
AE5D08,89-26202,,Sikorsky HH-60G Pave Hawk,H60,Mil,tar1090-db import,,,,
AE5D09,92-26468,,SIKORSKY UH-60 Black Hawk,H60,Mil,tar1090-db import,,,,
AE5D0B,90-26229,,SIKORSKY UH-60 Black Hawk,H60,Mil,tar1090-db import,,,,
AE5D0C,90-26235,,SIKORSKY UH-60 Black Hawk,H60,Mil,tar1090-db import,,,,
AE5D0E,92-26463,,SIKORSKY UH-60 Black Hawk,H60,Mil,tar1090-db import,,,,
AE5D0F,92-26462,,Sikorsky HH-60G Pave Hawk,H60,Mil,tar1090-db import,,,,
AE5D10,97-26777,,SIKORSKY UH-60 Black Hawk,H60,Mil,tar1090-db import,,,,
AE5D13,89-26203,,SIKORSKY UH-60 Black Hawk,H60,Mil,tar1090-db import,,,,
AE5D14,162497,,SIKORSKY CH-53 Super Stallion,H53S,Mil,tar1090-db import,,,,
AE5D16,162504,,SIKORSKY CH-53 Super Stallion,H53S,Mil,tar1090-db import,,,,
AE5D17,162507,,SIKORSKY CH-53 Super Stallion,H53S,Mil,tar1090-db import,,,,
AE5D19,162510,,SIKORSKY CH-53 Super Stallion,H53S,Mil,tar1090-db import,,,,
AE5D1B,162516,,H53S,H53S,Mil,tar1090-db import,,,,
AE5D1D,163055,,SIKORSKY CH-53 Super Stallion,H53S,Mil,tar1090-db import,,,,
AE5D23,164764,,H53S,H53S,Mil,tar1090-db import,,,,
AE5D24,164765,,SIKORSKY CH-53 Super Stallion,H53S,Mil,tar1090-db import,,,,
AE5D29,164770,,H53S,H53S,Mil,tar1090-db import,,,,
AE5D2A,164771,,SIKORSKY CH-53 Super Stallion,H53S,Mil,tar1090-db import,,,,
AE5D2B,164773,,SIKORSKY CH-53 Super Stallion,H53S,Mil,tar1090-db import,,,,
AE5D2C,164861,,H53S,H53S,Mil,tar1090-db import,,,,
AE5D30,16-20807,,SIKORSKY UH-60 Black Hawk,H60,Mil,tar1090-db import,,,,
AE5D31,16-20808,,SIKORSKY UH-60 Black Hawk,H60,Mil,tar1090-db import,,,,
AE5D33,16-20810,,SIKORSKY UH-60 Black Hawk,H60,Mil,tar1090-db import,,,,
AE5D34,16-20811,,SIKORSKY UH-60 Black Hawk,H60,Mil,tar1090-db import,,,,
AE5D35,16-20812,,SIKORSKY UH-60 Black Hawk,H60,Mil,tar1090-db import,,,,
AE5D38,16-20815,,SIKORSKY UH-60 Black Hawk,H60,Mil,tar1090-db import,,,,
AE5D39,16-20816,,SIKORSKY UH-60 Black Hawk,H60,Mil,tar1090-db import,,,,
AE5D3A,16-20817,,SIKORSKY UH-60 Black Hawk,H60,Mil,tar1090-db import,,,,
AE5D3B,16-20818,,SIKORSKY UH-60 Black Hawk,H60,Mil,tar1090-db import,,,,
AE5D3C,16-20819,,SIKORSKY UH-60 Black Hawk,H60,Mil,tar1090-db import,,,,
AE5D3D,16-20820,,SIKORSKY UH-60 Black Hawk,H60,Mil,tar1090-db import,,,,
AE5D3E,16-20821,,SIKORSKY UH-60 Black Hawk,H60,Mil,tar1090-db import,,,,
AE5D3F,16-20822,,SIKORSKY UH-60 Black Hawk,H60,Mil,tar1090-db import,,,,
AE5D40,16-20823,,SIKORSKY UH-60 Black Hawk,H60,Mil,tar1090-db import,,,,
AE5D41,16-20824,,SIKORSKY UH-60 Black Hawk,H60,Mil,tar1090-db import,,,,
AE5D42,16-20825,,SIKORSKY UH-60 Black Hawk,H60,Mil,tar1090-db import,,,,
AE5D43,16-20826,,H60,H60,Mil,tar1090-db import,,,,
AE5D44,16-20827,,SIKORSKY UH-60 Black Hawk,H60,Mil,tar1090-db import,,,,
AE5D45,16-20828,,SIKORSKY UH-60 Black Hawk,H60,Mil,tar1090-db import,,,,
AE5D46,16-20829,,SIKORSKY UH-60 Black Hawk,H60,Mil,tar1090-db import,,,,
AE5D48,16-20831,,SIKORSKY UH-60 Black Hawk,H60,Mil,tar1090-db import,,,,
AE5D4A,16-20833,,SIKORSKY UH-60 Black Hawk,H60,Mil,tar1090-db import,,,,
AE5D4B,16-20834,,SIKORSKY UH-60 Black Hawk,H60,Mil,tar1090-db import,,,,
AE5D4C,16-20835,,SIKORSKY UH-60 Black Hawk,H60,Mil,tar1090-db import,,,,
AE5D4D,16-20836,,SIKORSKY UH-60 Black Hawk,H60,Mil,tar1090-db import,,,,
AE5D4E,16-20837,,SIKORSKY UH-60 Black Hawk,H60,Mil,tar1090-db import,,,,
AE5D50,16-20839,,SIKORSKY UH-60 Black Hawk,H60,Mil,tar1090-db import,,,,
AE5D51,16-20840,,SIKORSKY UH-60 Black Hawk,H60,Mil,tar1090-db import,,,,
AE5D52,16-20841,,SIKORSKY UH-60 Black Hawk,H60,Mil,tar1090-db import,,,,
AE5D53,16-20842,,SIKORSKY UH-60 Black Hawk,H60,Mil,tar1090-db import,,,,
AE5D54,16-20843,,SIKORSKY UH-60 Black Hawk,H60,Mil,tar1090-db import,,,,
AE5D55,16-20844,,SIKORSKY UH-60 Black Hawk,H60,Mil,tar1090-db import,,,,
AE5D56,16-20845,,SIKORSKY UH-60 Black Hawk,H60,Mil,tar1090-db import,,,,
AE5D57,16-20846,,SIKORSKY UH-60 Black Hawk,H60,Mil,tar1090-db import,,,,
AE5D58,16-20847,,SIKORSKY UH-60 Black Hawk,H60,Mil,tar1090-db import,,,,
AE5D59,16-20848,,SIKORSKY UH-60 Black Hawk,H60,Mil,tar1090-db import,,,,
AE5D5A,16-20849,,SIKORSKY UH-60 Black Hawk,H60,Mil,tar1090-db import,,,,
AE5D5B,16-20850,,SIKORSKY UH-60 Black Hawk,H60,Mil,tar1090-db import,,,,
AE5D5D,16-20852,,SIKORSKY UH-60 Black Hawk,H60,Mil,tar1090-db import,,,,
AE5D5E,16-20853,,SIKORSKY UH-60 Black Hawk,H60,Mil,tar1090-db import,,,,
AE5D5F,16-20854,,SIKORSKY UH-60 Black Hawk,H60,Mil,tar1090-db import,,,,
AE5D60,16-20855,,SIKORSKY UH-60 Black Hawk,H60,Mil,tar1090-db import,,,,
AE5D62,16-20857,,SIKORSKY UH-60 Black Hawk,H60,Mil,tar1090-db import,,,,
AE5D63,16-20858,,SIKORSKY UH-60 Black Hawk,H60,Mil,tar1090-db import,,,,
AE5D64,16-20859,,SIKORSKY UH-60 Black Hawk,H60,Mil,tar1090-db import,,,,
AE5D65,16-20860,,SIKORSKY UH-60 Black Hawk,H60,Mil,tar1090-db import,,,,
AE5D66,16-20861,,SIKORSKY UH-60 Black Hawk,H60,Mil,tar1090-db import,,,,
AE5D67,16-20862,,SIKORSKY UH-60 Black Hawk,H60,Mil,tar1090-db import,,,,
AE5D68,16-20863,,SIKORSKY UH-60 Black Hawk,H60,Mil,tar1090-db import,,,,
AE5D69,16-20864,,SIKORSKY UH-60 Black Hawk,H60,Mil,tar1090-db import,,,,
AE5D6B,16-20866,,SIKORSKY UH-60 Black Hawk,H60,Mil,tar1090-db import,,,,
AE5D6C,16-20867,,SIKORSKY UH-60 Black Hawk,H60,Mil,tar1090-db import,,,,
AE5D6D,16-20868,,SIKORSKY UH-60 Black Hawk,H60,Mil,tar1090-db import,,,,
AE5D6E,16-20869,,SIKORSKY UH-60 Black Hawk,H60,Mil,tar1090-db import,,,,
AE5D6F,16-20870,,SIKORSKY UH-60 Black Hawk,H60,Mil,tar1090-db import,,,,
AE5D70,16-20871,,SIKORSKY UH-60 Black Hawk,H60,Mil,tar1090-db import,,,,
AE5D71,16-20872,,SIKORSKY UH-60 Black Hawk,H60,Mil,tar1090-db import,,,,
AE5D72,16-20873,,SIKORSKY UH-60 Black Hawk,H60,Mil,tar1090-db import,,,,
AE5D73,16-20874,,SIKORSKY UH-60 Black Hawk,H60,Mil,tar1090-db import,,,,
AE5D74,16-20875,,SIKORSKY UH-60 Black Hawk,H60,Mil,tar1090-db import,,,,
AE5D75,16-20876,,SIKORSKY UH-60 Black Hawk,H60,Mil,tar1090-db import,,,,
AE5D76,16-20877,,SIKORSKY UH-60 Black Hawk,H60,Mil,tar1090-db import,,,,
AE5D77,16-20878,,SIKORSKY UH-60 Black Hawk,H60,Mil,tar1090-db import,,,,
AE5D79,16-20879,,SIKORSKY UH-60 Black Hawk,H60,Mil,tar1090-db import,,,,
AE5D7A,16-20880,,SIKORSKY UH-60 Black Hawk,H60,Mil,tar1090-db import,,,,
AE5D7B,16-20881,,SIKORSKY UH-60 Black Hawk,H60,Mil,tar1090-db import,,,,
AE5D7C,16-20882,,SIKORSKY UH-60 Black Hawk,H60,Mil,tar1090-db import,,,,
AE5D7D,16-20883,,SIKORSKY UH-60 Black Hawk,H60,Mil,tar1090-db import,,,,
AE5D7E,16-20884,,SIKORSKY UH-60 Black Hawk,H60,Mil,tar1090-db import,,,,
AE5D7F,16-20885,,SIKORSKY UH-60 Black Hawk,H60,Mil,tar1090-db import,,,,
AE5D80,16-20886,,SIKORSKY UH-60 Black Hawk,H60,Mil,tar1090-db import,,,,
AE5D81,16-20887,,SIKORSKY UH-60 Black Hawk,H60,Mil,tar1090-db import,,,,
AE5D82,16-20888,,SIKORSKY UH-60 Black Hawk,H60,Mil,tar1090-db import,,,,
AE5D83,16-20889,,SIKORSKY UH-60 Black Hawk,H60,Mil,tar1090-db import,,,,
AE5D84,16-20890,,SIKORSKY UH-60 Black Hawk,H60,Mil,tar1090-db import,,,,
AE5D85,16-20891,,SIKORSKY UH-60 Black Hawk,H60,Mil,tar1090-db import,,,,
AE5D86,16-20892,,SIKORSKY UH-60 Black Hawk,H60,Mil,tar1090-db import,,,,
AE5D87,16-20893,,SIKORSKY UH-60 Black Hawk,H60,Mil,tar1090-db import,,,,
AE5D89,16-20895,,H60,H60,Mil,tar1090-db import,,,,
AE5D8A,16-20896,,SIKORSKY UH-60 Black Hawk,H60,Mil,tar1090-db import,,,,
AE5D8B,16-20897,,SIKORSKY UH-60 Black Hawk,H60,Mil,tar1090-db import,,,,
AE5D8C,16-20898,,SIKORSKY UH-60 Black Hawk,H60,Mil,tar1090-db import,,,,
AE5D8D,16-20899,,SIKORSKY UH-60 Black Hawk,H60,Mil,tar1090-db import,,,,
AE5D8E,16-20900,,SIKORSKY UH-60 Black Hawk,H60,Mil,tar1090-db import,,,,
AE5D8F,16-20901,,SIKORSKY UH-60 Black Hawk,H60,Mil,tar1090-db import,,,,
AE5D90,16-20902,,SIKORSKY UH-60 Black Hawk,H60,Mil,tar1090-db import,,,,
AE5D91,16-20903,,SIKORSKY UH-60 Black Hawk,H60,Mil,tar1090-db import,,,,
AE5D92,16-20904,,SIKORSKY UH-60 Black Hawk,H60,Mil,tar1090-db import,,,,
AE5D94,16-20906,,SIKORSKY UH-60 Black Hawk,H60,Mil,tar1090-db import,,,,
AE5D98,16-20910,,SIKORSKY UH-60 Black Hawk,H60,Mil,tar1090-db import,,,,
AE5DB9,169206,,F18S,F18S,Mil,tar1090-db import,,,,
AE5DBA,169207,,F18S,F18S,Mil,tar1090-db import,,,,
AE5DBB,169208,,F18S,F18S,Mil,tar1090-db import,,,,
AE5DBE,169211,,BOEING FA-18 SUPER HORNET,F18S,Mil,tar1090-db import,,,,
AE5DBF,169212,,Boeing EA-18G Growler,F18S,Mil,tar1090-db import,,,,
AE5DC0,169213,,BOEING FA-18 SUPER HORNET,F18S,Mil,tar1090-db import,,,,
AE5DC2,169215,,BOEING FA-18 SUPER HORNET,F18S,Mil,tar1090-db import,,,,
AE5DC4,169217,,BOEING FA-18 SUPER HORNET,F18S,Mil,tar1090-db import,,,,
AE5DC5,169218,,BOEING FA-18 SUPER HORNET,F18S,Mil,tar1090-db import,,,,
AE5DC6,169219,,Boeing EA-18G Growler,F18S,Mil,tar1090-db import,,,,
AE5DC7,169220,,Boeing EA-18G Growler,F18S,Mil,tar1090-db import,,,,
AE5DC8,16-20914,,SIKORSKY UH-60 Black Hawk,H60,Mil,tar1090-db import,,,,
AE5DC9,168622,,V22,V22,Mil,tar1090-db import,,,,
AE5DDA,16-03093,,MCDONNELL DOUGLAS AH-64 Apache,H64,Mil,tar1090-db import,,,,
AE5DDB,16-03094,,MCDONNELL DOUGLAS AH-64 Apache,H64,Mil,tar1090-db import,,,,
AE5DDC,16-03095,,MCDONNELL DOUGLAS AH-64 Apache,H64,Mil,tar1090-db import,,,,
AE5DDD,16-03096,,MCDONNELL DOUGLAS AH-64 Apache,H64,Mil,tar1090-db import,,,,
AE5DDE,16-03097,,MCDONNELL DOUGLAS AH-64 Apache,H64,Mil,tar1090-db import,,,,
AE5DDF,16-03098,,MCDONNELL DOUGLAS AH-64 Apache,H64,Mil,tar1090-db import,,,,
AE5DE0,16-03099,,MCDONNELL DOUGLAS AH-64 Apache,H64,Mil,tar1090-db import,,,,
AE5DE1,16-03100,,MCDONNELL DOUGLAS AH-64 Apache,H64,Mil,tar1090-db import,,,,
AE5DE2,16-03101,,MCDONNELL DOUGLAS AH-64 Apache,H64,Mil,tar1090-db import,,,,
AE5DE3,16-03102,,MCDONNELL DOUGLAS AH-64 Apache,H64,Mil,tar1090-db import,,,,
AE5DE4,16-03103,,MCDONNELL DOUGLAS AH-64 Apache,H64,Mil,tar1090-db import,,,,
AE5DE5,16-03104,,MCDONNELL DOUGLAS AH-64 Apache,H64,Mil,tar1090-db import,,,,
AE5DE6,16-03105,,MCDONNELL DOUGLAS AH-64 Apache,H64,Mil,tar1090-db import,,,,
AE5DE7,14-01011,,MCDONNELL DOUGLAS AH-64 Apache,H64,Mil,tar1090-db import,,,,
AE5DE8,14-01012,,MCDONNELL DOUGLAS AH-64 Apache,H64,Mil,tar1090-db import,,,,
AE5DE9,14-01013,,MCDONNELL DOUGLAS AH-64 Apache,H64,Mil,tar1090-db import,,,,
AE5DEA,14-01014,,MCDONNELL DOUGLAS AH-64 Apache,H64,Mil,tar1090-db import,,,,
AE5DF1,2018,,LOCKHEED MARTIN C-130J Super Hercules,C30J,Mil,tar1090-db import,,,,
AE5DF2,2019,,LOCKHEED MARTIN C-130J Super Hercules,C30J,Mil,tar1090-db import,,,,
AE5DFD,16-5841,,Lockheed Martin C-130J-30 Hercules,C30J,Mil,tar1090-db import,,,,
AE5E14,162059,,BELL 206 JetRanger,B06,Mil,tar1090-db import,,,,
AE5E15,163325,,BELL 206 JetRanger,B06,Mil,tar1090-db import,,,,
AE5E16,16-20915,,SIKORSKY UH-60 Black Hawk,H60,Mil,tar1090-db import,,,,
AE5E5C,16-20916,,SIKORSKY UH-60 Black Hawk,H60,Mil,tar1090-db import,,,,
AE5E60,16-03107,,MCDONNELL DOUGLAS AH-64 Apache,H64,Mil,tar1090-db import,,,,
AE5E61,16-03108,,MCDONNELL DOUGLAS AH-64 Apache,H64,Mil,tar1090-db import,,,,
AE5E62,16-03109,,H64,H64,Mil,tar1090-db import,,,,
AE5E63,16-03110,,MCDONNELL DOUGLAS AH-64 Apache,H64,Mil,tar1090-db import,,,,
AE5E64,16-03111,,MCDONNELL DOUGLAS AH-64 Apache,H64,Mil,tar1090-db import,,,,
AE5E65,16-03112,,MCDONNELL DOUGLAS AH-64 Apache,H64,Mil,tar1090-db import,,,,
AE5E66,16-03113,,MCDONNELL DOUGLAS AH-64 Apache,H64,Mil,tar1090-db import,,,,
AE5E67,16-03114,,MCDONNELL DOUGLAS AH-64 Apache,H64,Mil,tar1090-db import,,,,
AE5E68,16-03115,,H64,H64,Mil,tar1090-db import,,,,
AE5E69,17-03116,,MCDONNELL DOUGLAS AH-64 Apache,H64,Mil,tar1090-db import,,,,
AE5E6A,17-03117,,MCDONNELL DOUGLAS AH-64 Apache,H64,Mil,tar1090-db import,,,,
AE5E6B,17-03118,,H64,H64,Mil,tar1090-db import,,,,
AE5E6C,17-03119,,MCDONNELL DOUGLAS AH-64 Apache,H64,Mil,tar1090-db import,,,,
AE5E6D,17-03120,,H64,H64,Mil,tar1090-db import,,,,
AE5E6E,17-03121,,H64,H64,Mil,tar1090-db import,,,,
AE5E6F,17-03122,,MCDONNELL DOUGLAS AH-64 Apache,H64,Mil,tar1090-db import,,,,
AE5E70,17-03123,,MCDONNELL DOUGLAS AH-64 Apache,H64,Mil,tar1090-db import,,,,
AE5E73,14-01015,,MCDONNELL DOUGLAS AH-64 Apache,H64,Mil,tar1090-db import,,,,
AE5E74,14-01016,,MCDONNELL DOUGLAS AH-64 Apache,H64,Mil,tar1090-db import,,,,
AE5E75,14-01017,,MCDONNELL DOUGLAS AH-64 Apache,H64,Mil,tar1090-db import,,,,
AE5E78,169179,,SIKORSKY S-92 Helibus,S92,Mil,tar1090-db import,,,,
AE5E8E,161695,,BELL 206 JetRanger,B06,Mil,tar1090-db import,,,,
AE5E90,161697,,BELL 206 JetRanger,B06,Mil,tar1090-db import,,,,
AE5E91,161698,,BELL 206 JetRanger,B06,Mil,tar1090-db import,,,,
AE5E92,161699,,BELL 206 JetRanger,B06,Mil,tar1090-db import,,,,
AE5E93,161700,,BELL 206 JetRanger,B06,Mil,tar1090-db import,,,,
AE5E94,161701,,BELL 206 JetRanger,B06,Mil,tar1090-db import,,,,
AE5E95,162803,,BELL 206 JetRanger,B06,Mil,tar1090-db import,,,,
AE5E96,162804,,BELL 206 JetRanger,B06,Mil,tar1090-db import,,,,
AE5E97,162805,,BELL 206 JetRanger,B06,Mil,tar1090-db import,,,,
AE5E98,162806,,BELL 206 JetRanger,B06,Mil,tar1090-db import,,,,
AE5E99,162809,,BELL 206 JetRanger,B06,Mil,tar1090-db import,,,,
AE5E9A,162810,,BELL 206 JetRanger,B06,Mil,tar1090-db import,,,,
AE5E9B,163312,,BELL 206 JetRanger,B06,Mil,tar1090-db import,,,,
AE5E9C,163313,,BELL 206 JetRanger,B06,Mil,tar1090-db import,,,,
AE5E9D,163314,,BELL 206 JetRanger,B06,Mil,tar1090-db import,,,,
AE5E9E,163315,,BELL 206 JetRanger,B06,Mil,tar1090-db import,,,,
AE5E9F,163316,,BELL 206 JetRanger,B06,Mil,tar1090-db import,,,,
AE5EA0,163317,,BELL 206 JetRanger,B06,Mil,tar1090-db import,,,,
AE5EA1,163318,,BELL 206 JetRanger,B06,Mil,tar1090-db import,,,,
AE5EA2,163319,,BELL 206 JetRanger,B06,Mil,tar1090-db import,,,,
AE5EA3,163321,,BELL 206 JetRanger,B06,Mil,tar1090-db import,,,,
AE5EA4,163322,,BELL 206 JetRanger,B06,Mil,tar1090-db import,,,,
AE5EA5,163323,,BELL 206 JetRanger,B06,Mil,tar1090-db import,,,,
AE5EA6,163324,,BELL 206 JetRanger,B06,Mil,tar1090-db import,,,,
AE5EA7,163326,,BELL 206 JetRanger,B06,Mil,tar1090-db import,,,,
AE5EA8,163328,,BELL 206 JetRanger,B06,Mil,tar1090-db import,,,,
AE5EA9,163330,,BELL 206 JetRanger,B06,Mil,tar1090-db import,,,,
AE5EAA,163331,,BELL 206 JetRanger,B06,Mil,tar1090-db import,,,,
AE5EAB,163333,,BELL 206 JetRanger,B06,Mil,tar1090-db import,,,,
AE5EAC,163338,,BELL 206 JetRanger,B06,Mil,tar1090-db import,,,,
AE5EAD,163339,,BELL 206 JetRanger,B06,Mil,tar1090-db import,,,,
AE5EAE,163340,,BELL 206 JetRanger,B06,Mil,tar1090-db import,,,,
AE5EAF,163341,,BELL 206 JetRanger,B06,Mil,tar1090-db import,,,,
AE5EB0,163342,,BELL 206 JetRanger,B06,Mil,tar1090-db import,,,,
AE5EB1,163343,,BELL 206 JetRanger,B06,Mil,tar1090-db import,,,,
AE5EB2,163344,,BELL 206 JetRanger,B06,Mil,tar1090-db import,,,,
AE5EB3,163345,,BELL 206 JetRanger,B06,Mil,tar1090-db import,,,,
AE5EB4,163346,,BELL 206 JetRanger,B06,Mil,tar1090-db import,,,,
AE5EB5,163347,,BELL 206 JetRanger,B06,Mil,tar1090-db import,,,,
AE5EB6,162013,,BELL 206 JetRanger,B06,Mil,tar1090-db import,,,,
AE5EB7,162014,,BELL 206 JetRanger,B06,Mil,tar1090-db import,,,,
AE5EB9,162016,,BELL 206 JetRanger,B06,Mil,tar1090-db import,,,,
AE5EBA,162020,,BELL 206 JetRanger,B06,Mil,tar1090-db import,,,,
AE5EBB,162021,,BELL 206 JetRanger,B06,Mil,tar1090-db import,,,,
AE5EBC,162022,,BELL 206 JetRanger,B06,Mil,tar1090-db import,,,,
AE5EBD,162024,,BELL 206 JetRanger,B06,Mil,tar1090-db import,,,,
AE5EC2,162030,,BELL 206 JetRanger,B06,Mil,tar1090-db import,,,,
AE5EC3,162031,,BELL 206 JetRanger,B06,Mil,tar1090-db import,,,,
AE5EC6,162035,,BELL 206 JetRanger,B06,Mil,tar1090-db import,,,,
AE5ECA,162040,,BELL 206 JetRanger,B06,Mil,tar1090-db import,,,,
AE5ECD,162043,,BELL 206 JetRanger,B06,Mil,tar1090-db import,,,,
AE5ECE,162044,,BELL 206 JetRanger,B06,Mil,tar1090-db import,,,,
AE5ED2,162048,,BELL 206 JetRanger,B06,Mil,tar1090-db import,,,,
AE5ED6,162052,,BELL 206 JetRanger,B06,Mil,tar1090-db import,,,,
AE5ED9,162056,,BELL 206 JetRanger,B06,Mil,tar1090-db import,,,,
AE5EDB,162058,,BELL 206 JetRanger,B06,Mil,tar1090-db import,,,,
AE5EDC,162060,,BELL 206 JetRanger,B06,Mil,tar1090-db import,,,,
AE5EDD,162061,,BELL 206 JetRanger,B06,Mil,tar1090-db import,,,,
AE5EE4,162666,,BELL 206 JetRanger,B06,Mil,tar1090-db import,,,,
AE5EE8,162670,,BELL 206 JetRanger,B06,Mil,tar1090-db import,,,,
AE5EE9,162671,,BELL 206 JetRanger,B06,Mil,tar1090-db import,,,,
AE5EEB,162674,,BELL 206 JetRanger,B06,Mil,tar1090-db import,,,,
AE5EEE,162677,,BELL 206 JetRanger,B06,Mil,tar1090-db import,,,,
AE5EF0,162679,,BELL 206 JetRanger,B06,Mil,tar1090-db import,,,,
AE5EF1,162680,,BELL 206 JetRanger,B06,Mil,tar1090-db import,,,,
AE5EF2,162681,,BELL 206 JetRanger,B06,Mil,tar1090-db import,,,,
AE5EF3,162683,,BELL 206 JetRanger,B06,Mil,tar1090-db import,,,,
AE5EF9,162813,,BELL 206 JetRanger,B06,Mil,tar1090-db import,,,,
AE5EFA,162814,,BELL 206 JetRanger,B06,Mil,tar1090-db import,,,,
AE5EFC,162816,,BELL 206 JetRanger,B06,Mil,tar1090-db import,,,,
AE5EFD,162817,,BELL 206 JetRanger,B06,Mil,tar1090-db import,,,,
AE5F01,162821,,BELL 206 JetRanger,B06,Mil,tar1090-db import,,,,
AE5F03,162823,,BELL 206 JetRanger,B06,Mil,tar1090-db import,,,,
AE5F04,150191,,DE HAVILLAND DHC-2 Beaver,DHC2,Mil,tar1090-db import,,,,
AE5F05,164525,,DE HAVILLAND DHC-2 Beaver,DHC2,Mil,tar1090-db import,,,,
AE5F16,10-20321,,Sikorsky HH-60U Ghost Hawk,H60,Mil,tar1090-db import,,,,
AE5F17,10-20322,,Sikorsky HH-60U Ghost Hawk,H60,Mil,tar1090-db import,,,,
AE5F18,10-20323,,Sikorsky HH-60U Ghost Hawk,H60,Mil,tar1090-db import,,,,
AE5F19,16-00276,,DE HAVILLAND DHC-8-300 Dash 8,DH8C,Mil,tar1090-db import,,,,
AE5F1C,169485,,B407,B407,Mil,tar1090-db import,,,,
AE5F1D,169486,,B407,B407,Mil,tar1090-db import,,,,
AE5F1E,169487,,B407,B407,Mil,tar1090-db import,,,,
AE5F1F,169488,,B407,B407,Mil,tar1090-db import,,,,
AE5F20,169489,,B407,B407,Mil,tar1090-db import,,,,
AE5F21,169490,,B407,B407,Mil,tar1090-db import,,,,
AE5F22,169491,,B407,B407,Mil,tar1090-db import,,,,
AE5F23,169492,,B407,B407,Mil,tar1090-db import,,,,
AE5F29,169398,,BOEING FA-18 SUPER HORNET,F18S,Mil,tar1090-db import,,,,
AE5F2A,169399,,F18S,F18S,Mil,tar1090-db import,,,,
AE5F2B,169400,,F18S,F18S,Mil,tar1090-db import,,,,
AE5F2C,169401,,F18S,F18S,Mil,tar1090-db import,,,,
AE5F31,169406,,Boeing EA-18G Growler,F18S,Mil,tar1090-db import,,,,
AE5F76,17-03126,,MCDONNELL DOUGLAS AH-64 Apache,H64,Mil,tar1090-db import,,,,
AE5F77,17-03127,,H64,H64,Mil,tar1090-db import,,,,
AE5F78,17-03128,,H64,H64,Mil,tar1090-db import,,,,
AE5F79,17-03129,,MCDONNELL DOUGLAS AH-64 Apache,H64,Mil,tar1090-db import,,,,
AE5F7A,17-03130,,MCDONNELL DOUGLAS AH-64 Apache,H64,Mil,tar1090-db import,,,,
AE5F7B,17-03131,,H64,H64,Mil,tar1090-db import,,,,
AE5F7C,17-03132,,H64,H64,Mil,tar1090-db import,,,,
AE5F7D,17-03133,,H64,H64,Mil,tar1090-db import,,,,
AE5F7E,17-03134,,H64,H64,Mil,tar1090-db import,,,,
AE5F7F,17-03135,,H64,H64,Mil,tar1090-db import,,,,
AE5F80,17-03136,,MCDONNELL DOUGLAS AH-64 Apache,H64,Mil,tar1090-db import,,,,
AE5F81,17-03137,,H64,H64,Mil,tar1090-db import,,,,
AE5F82,17-03138,,MCDONNELL DOUGLAS AH-64 Apache,H64,Mil,tar1090-db import,,,,
AE5F83,17-03139,,MCDONNELL DOUGLAS AH-64 Apache,H64,Mil,tar1090-db import,,,,
AE5F84,17-03140,,MCDONNELL DOUGLAS AH-64 Apache,H64,Mil,tar1090-db import,,,,
AE5F85,17-03141,,MCDONNELL DOUGLAS AH-64 Apache,H64,Mil,tar1090-db import,,,,
AE5F86,17-03142,,H64,H64,Mil,tar1090-db import,,,,
AE5F87,17-03143,,MCDONNELL DOUGLAS AH-64 Apache,H64,Mil,tar1090-db import,,,,
AE5F88,17-03144,,MCDONNELL DOUGLAS AH-64 Apache,H64,Mil,tar1090-db import,,,,
AE5F89,17-03145,,H64,H64,Mil,tar1090-db import,,,,
AE5F8A,17-03146,,H64,H64,Mil,tar1090-db import,,,,
AE5F8B,17-03147,,MCDONNELL DOUGLAS AH-64 Apache,H64,Mil,tar1090-db import,,,,
AE5F8C,17-03148,,MCDONNELL DOUGLAS AH-64 Apache,H64,Mil,tar1090-db import,,,,
AE5F8D,17-03149,,MCDONNELL DOUGLAS AH-64 Apache,H64,Mil,tar1090-db import,,,,
AE5F8E,17-03150,,H64,H64,Mil,tar1090-db import,,,,
AE5F8F,17-03151,,MCDONNELL DOUGLAS AH-64 Apache,H64,Mil,tar1090-db import,,,,
AE5F90,17-03152,,MCDONNELL DOUGLAS AH-64 Apache,H64,Mil,tar1090-db import,,,,
AE5FB1,15-5161,,F35,F35,Mil,tar1090-db import,,,,
AE5FB2,15-5162,,F35,F35,Mil,tar1090-db import,,,,
AE5FB3,15-5163,,F35,F35,Mil,tar1090-db import,,,,
AE5FB4,15-5164,,F35,F35,Mil,tar1090-db import,,,,
AE5FB5,15-5165,,F35,F35,Mil,tar1090-db import,,,,
AE5FB6,15-5166,,F35,F35,Mil,tar1090-db import,,,,
AE5FB7,15-5167,,F35,F35,Mil,tar1090-db import,,,,
AE5FB8,15-5168,,F35,F35,Mil,tar1090-db import,,,,
AE5FB9,15-5169,,F35,F35,Mil,tar1090-db import,,,,
AE5FBA,15-5170,,F35,F35,Mil,tar1090-db import,,,,
AE5FBB,15-5171,,F35,F35,Mil,tar1090-db import,,,,
AE5FBC,15-5172,,F35,F35,Mil,tar1090-db import,,,,
AE5FBD,15-5173,,F35,F35,Mil,tar1090-db import,,,,
AE5FBE,15-5174,,F35,F35,Mil,tar1090-db import,,,,
AE5FBF,15-5175,,F35,F35,Mil,tar1090-db import,,,,
AE5FC0,15-5176,,F35,F35,Mil,tar1090-db import,,,,
AE5FC1,15-5177,,F35,F35,Mil,tar1090-db import,,,,
AE5FC2,15-5178,,F35,F35,Mil,tar1090-db import,,,,
AE5FC3,15-5179,,F35,F35,Mil,tar1090-db import,,,,
AE5FC4,15-5180,,F35,F35,Mil,tar1090-db import,,,,
AE5FC5,15-5181,,F35,F35,Mil,tar1090-db import,,,,
AE5FC6,15-5182,,F35,F35,Mil,tar1090-db import,,,,
AE5FC7,15-5183,,F35,F35,Mil,tar1090-db import,,,,
AE5FC8,15-5184,,F35,F35,Mil,tar1090-db import,,,,
AE5FC9,15-5185,,F35,F35,Mil,tar1090-db import,,,,
AE5FCA,15-5186,,F35,F35,Mil,tar1090-db import,,,,
AE5FCB,15-5187,,F35,F35,Mil,tar1090-db import,,,,
AE5FCC,15-5188,,F35,F35,Mil,tar1090-db import,,,,
AE5FCD,15-5189,,F35,F35,Mil,tar1090-db import,,,,
AE5FCE,15-5190,,F35,F35,Mil,tar1090-db import,,,,
AE5FCF,15-5191,,F35,F35,Mil,tar1090-db import,,,,
AE5FE7,82-23836,,DE HAVILLAND DHC-6 Twin Otter,DHC6,Mil,tar1090-db import,,,,
AE6004,17-20917,,SIKORSKY UH-60 Black Hawk,H60,Mil,tar1090-db import,,,,
AE6005,17-20918,,SIKORSKY UH-60 Black Hawk,H60,Mil,tar1090-db import,,,,
AE6006,17-20919,,SIKORSKY UH-60 Black Hawk,H60,Mil,tar1090-db import,,,,
AE6007,17-20920,,SIKORSKY UH-60 Black Hawk,H60,Mil,tar1090-db import,,,,
AE6008,17-20921,,SIKORSKY UH-60 Black Hawk,H60,Mil,tar1090-db import,,,,
AE6009,17-20922,,SIKORSKY UH-60 Black Hawk,H60,Mil,tar1090-db import,,,,
AE600B,17-20924,,SIKORSKY UH-60 Black Hawk,H60,Mil,tar1090-db import,,,,
AE600C,17-20925,,SIKORSKY UH-60 Black Hawk,H60,Mil,tar1090-db import,,,,
AE600D,17-20926,,SIKORSKY UH-60 Black Hawk,H60,Mil,tar1090-db import,,,,
AE600E,17-20927,,SIKORSKY UH-60 Black Hawk,H60,Mil,tar1090-db import,,,,
AE600F,17-20928,,SIKORSKY UH-60 Black Hawk,H60,Mil,tar1090-db import,,,,
AE6010,17-20929,,SIKORSKY UH-60 Black Hawk,H60,Mil,tar1090-db import,,,,
AE6011,17-20930,,SIKORSKY UH-60 Black Hawk,H60,Mil,tar1090-db import,,,,
AE6012,17-20931,,SIKORSKY UH-60 Black Hawk,H60,Mil,tar1090-db import,,,,
AE6013,17-20932,,SIKORSKY UH-60 Black Hawk,H60,Mil,tar1090-db import,,,,
AE6014,17-20933,,SIKORSKY UH-60 Black Hawk,H60,Mil,tar1090-db import,,,,
AE6015,17-20934,,SIKORSKY UH-60 Black Hawk,H60,Mil,tar1090-db import,,,,
AE6016,17-20935,,SIKORSKY UH-60 Black Hawk,H60,Mil,tar1090-db import,,,,
AE6017,17-20936,,SIKORSKY UH-60 Black Hawk,H60,Mil,tar1090-db import,,,,
AE6018,17-20937,,SIKORSKY UH-60 Black Hawk,H60,Mil,tar1090-db import,,,,
AE6019,17-20938,,SIKORSKY UH-60 Black Hawk,H60,Mil,tar1090-db import,,,,
AE601A,17-20939,,SIKORSKY UH-60 Black Hawk,H60,Mil,tar1090-db import,,,,
AE601B,17-20940,,SIKORSKY UH-60 Black Hawk,H60,Mil,tar1090-db import,,,,
AE601C,17-20941,,SIKORSKY UH-60 Black Hawk,H60,Mil,tar1090-db import,,,,
AE601D,17-20942,,SIKORSKY UH-60 Black Hawk,H60,Mil,tar1090-db import,,,,
AE601E,17-20943,,SIKORSKY UH-60 Black Hawk,H60,Mil,tar1090-db import,,,,
AE601F,17-20944,,SIKORSKY UH-60 Black Hawk,H60,Mil,tar1090-db import,,,,
AE6020,17-20945,,SIKORSKY UH-60 Black Hawk,H60,Mil,tar1090-db import,,,,
AE6021,17-20946,,SIKORSKY UH-60 Black Hawk,H60,Mil,tar1090-db import,,,,
AE6022,17-20947,,SIKORSKY UH-60 Black Hawk,H60,Mil,tar1090-db import,,,,
AE6023,17-20948,,SIKORSKY UH-60 Black Hawk,H60,Mil,tar1090-db import,,,,
AE6024,17-20949,,SIKORSKY UH-60 Black Hawk,H60,Mil,tar1090-db import,,,,
AE6025,17-20950,,SIKORSKY UH-60 Black Hawk,H60,Mil,tar1090-db import,,,,
AE6026,17-20951,,SIKORSKY UH-60 Black Hawk,H60,Mil,tar1090-db import,,,,
AE6028,17-20953,,SIKORSKY UH-60 Black Hawk,H60,Mil,tar1090-db import,,,,
AE6029,17-20954,,SIKORSKY UH-60 Black Hawk,H60,Mil,tar1090-db import,,,,
AE602A,17-20955,,SIKORSKY UH-60 Black Hawk,H60,Mil,tar1090-db import,,,,
AE602B,17-20956,,SIKORSKY UH-60 Black Hawk,H60,Mil,tar1090-db import,,,,
AE602C,17-20957,,SIKORSKY UH-60 Black Hawk,H60,Mil,tar1090-db import,,,,
AE602D,17-20958,,SIKORSKY UH-60 Black Hawk,H60,Mil,tar1090-db import,,,,
AE602E,17-20959,,SIKORSKY UH-60 Black Hawk,H60,Mil,tar1090-db import,,,,
AE602F,17-20960,,SIKORSKY UH-60 Black Hawk,H60,Mil,tar1090-db import,,,,
AE6030,17-20961,,SIKORSKY UH-60 Black Hawk,H60,Mil,tar1090-db import,,,,
AE6031,17-20962,,SIKORSKY UH-60 Black Hawk,H60,Mil,tar1090-db import,,,,
AE6032,17-20963,,SIKORSKY UH-60 Black Hawk,H60,Mil,tar1090-db import,,,,
AE6033,17-20964,,SIKORSKY UH-60 Black Hawk,H60,Mil,tar1090-db import,,,,
AE6034,17-20965,,SIKORSKY UH-60 Black Hawk,H60,Mil,tar1090-db import,,,,
AE6035,17-20966,,SIKORSKY UH-60 Black Hawk,H60,Mil,tar1090-db import,,,,
AE6038,17-20969,,SIKORSKY UH-60 Black Hawk,H60,Mil,tar1090-db import,,,,
AE603A,17-20971,,SIKORSKY UH-60 Black Hawk,H60,Mil,tar1090-db import,,,,
AE603C,17-20973,,SIKORSKY UH-60 Black Hawk,H60,Mil,tar1090-db import,,,,
AE603D,17-20974,,SIKORSKY UH-60 Black Hawk,H60,Mil,tar1090-db import,,,,
AE603E,17-20975,,SIKORSKY UH-60 Black Hawk,H60,Mil,tar1090-db import,,,,
AE603F,17-20976,,SIKORSKY UH-60 Black Hawk,H60,Mil,tar1090-db import,,,,
AE6040,17-20977,,SIKORSKY UH-60 Black Hawk,H60,Mil,tar1090-db import,,,,
AE6047,17-03154,,MCDONNELL DOUGLAS AH-64 Apache,H64,Mil,tar1090-db import,,,,
AE6048,17-03155,,MCDONNELL DOUGLAS AH-64 Apache,H64,Mil,tar1090-db import,,,,
AE6049,17-03156,,MCDONNELL DOUGLAS AH-64 Apache,H64,Mil,tar1090-db import,,,,
AE604A,17-03157,,MCDONNELL DOUGLAS AH-64 Apache,H64,Mil,tar1090-db import,,,,
AE604B,17-03158,,MCDONNELL DOUGLAS AH-64 Apache,H64,Mil,tar1090-db import,,,,
AE604C,17-03159,,H64,H64,Mil,tar1090-db import,,,,
AE604D,17-03160,,MCDONNELL DOUGLAS AH-64 Apache,H64,Mil,tar1090-db import,,,,
AE604E,17-03161,,MCDONNELL DOUGLAS AH-64 Apache,H64,Mil,tar1090-db import,,,,
AE604F,17-03162,,MCDONNELL DOUGLAS AH-64 Apache,H64,Mil,tar1090-db import,,,,
AE6050,17-03163,,H64,H64,Mil,tar1090-db import,,,,
AE6051,17-03164,,MCDONNELL DOUGLAS AH-64 Apache,H64,Mil,tar1090-db import,,,,
AE6052,17-03165,,MCDONNELL DOUGLAS AH-64 Apache,H64,Mil,tar1090-db import,,,,
AE6053,17-03166,,MCDONNELL DOUGLAS AH-64 Apache,H64,Mil,tar1090-db import,,,,
AE6055,17-03168,,MCDONNELL DOUGLAS AH-64 Apache,H64,Mil,tar1090-db import,,,,
AE6056,17-03169,,MCDONNELL DOUGLAS AH-64 Apache,H64,Mil,tar1090-db import,,,,
AE6057,17-03170,,MCDONNELL DOUGLAS AH-64 Apache,H64,Mil,tar1090-db import,,,,
AE6058,17-03171,,H64,H64,Mil,tar1090-db import,,,,
AE6059,17-03172,,MCDONNELL DOUGLAS AH-64 Apache,H64,Mil,tar1090-db import,,,,
AE605A,17-03173,,MCDONNELL DOUGLAS AH-64 Apache,H64,Mil,tar1090-db import,,,,
AE605B,17-03174,,MCDONNELL DOUGLAS AH-64 Apache,H64,Mil,tar1090-db import,,,,
AE605C,17-03175,,MCDONNELL DOUGLAS AH-64 Apache,H64,Mil,tar1090-db import,,,,
AE605D,17-03176,,MCDONNELL DOUGLAS AH-64 Apache,H64,Mil,tar1090-db import,,,,
AE605F,17-03178,,MCDONNELL DOUGLAS AH-64 Apache,H64,Mil,tar1090-db import,,,,
AE6060,17-03179,,MCDONNELL DOUGLAS AH-64 Apache,H64,Mil,tar1090-db import,,,,
AE6061,17-03180,,MCDONNELL DOUGLAS AH-64 Apache,H64,Mil,tar1090-db import,,,,
AE6062,17-03181,,MCDONNELL DOUGLAS AH-64 Apache,H64,Mil,tar1090-db import,,,,
AE6063,17-03182,,MCDONNELL DOUGLAS AH-64 Apache,H64,Mil,tar1090-db import,,,,
AE6064,17-03183,,H64,H64,Mil,tar1090-db import,,,,
AE6065,17-03184,,MCDONNELL DOUGLAS AH-64 Apache,H64,Mil,tar1090-db import,,,,
AE6066,17-03185,,MCDONNELL DOUGLAS AH-64 Apache,H64,Mil,tar1090-db import,,,,
AE6067,17-03186,,MCDONNELL DOUGLAS AH-64 Apache,H64,Mil,tar1090-db import,,,,
AE6068,17-03187,,MCDONNELL DOUGLAS AH-64 Apache,H64,Mil,tar1090-db import,,,,
AE6069,17-03188,,MCDONNELL DOUGLAS AH-64 Apache,H64,Mil,tar1090-db import,,,,
AE606A,17-03189,,MCDONNELL DOUGLAS AH-64 Apache,H64,Mil,tar1090-db import,,,,
AE606B,17-03190,,MCDONNELL DOUGLAS AH-64 Apache,H64,Mil,tar1090-db import,,,,
AE606C,17-03191,,MCDONNELL DOUGLAS AH-64 Apache,H64,Mil,tar1090-db import,,,,
AE606D,17-03192,,MCDONNELL DOUGLAS AH-64 Apache,H64,Mil,tar1090-db import,,,,
AE606E,17-03193,,MCDONNELL DOUGLAS AH-64 Apache,H64,Mil,tar1090-db import,,,,
AE606F,17-03194,,Boeing AH-64E Apache,H64,Mil,tar1090-db import,,,,
AE6070,17-03195,,MCDONNELL DOUGLAS AH-64 Apache,H64,Mil,tar1090-db import,,,,
AE6071,17-03196,,H64,H64,Mil,tar1090-db import,,,,
AE6072,17-03197,,MCDONNELL DOUGLAS AH-64 Apache,H64,Mil,tar1090-db import,,,,
AE60AF,17-2029,,Embraer A-29B Super Tucano,E314,Mil,tar1090-db import,,,,
AE60B0,17-2030,,Embraer A-29B Super Tucano,E314,Mil,tar1090-db import,,,,
AE60B1,17-2031,,Embraer A-29B Super Tucano,E314,Mil,tar1090-db import,,,,
AE60B2,17-2032,,Embraer A-29B Super Tucano,E314,Mil,tar1090-db import,,,,
AE60E8,160280,,Beech T-34C Mentor,T34T,Mil,tar1090-db import,,,,
AE60EA,160475,,Beech T-34C Mentor,T34T,Mil,tar1090-db import,,,,
AE60EB,160478,,Beech T-34C Mentor,T34T,Mil,tar1090-db import,,,,
AE60ED,160506,,Beech T-34C Mentor,T34T,Mil,tar1090-db import,,,,
AE60EE,160531,,Beech T-34C Mentor,T34T,Mil,tar1090-db import,,,,
AE60F0,160945,,Beech T-34C Mentor,T34T,Mil,tar1090-db import,,,,
AE60F1,160949,,Beech T-34C Mentor,T34T,Mil,tar1090-db import,,,,
AE60F3,161832,,Beech T-34C Mentor,T34T,Mil,tar1090-db import,,,,
AE60F4,161846,,Beech T-34C Mentor,T34T,Mil,tar1090-db import,,,,
AE60F6,164160,,Beech T-34C Mentor,T34T,Mil,tar1090-db import,,,,
AE60F8,09-1118,,BEECH 200 Super King Air,BE20,Mil,tar1090-db import,,,,
AE60F9,169641,,F18S,F18S,Mil,tar1090-db import,,,,
AE60FA,169642,,BOEING FA-18 SUPER HORNET,F18S,Mil,tar1090-db import,,,,
AE60FB,169643,,BOEING FA-18 SUPER HORNET,F18S,Mil,tar1090-db import,,,,
AE60FC,169644,,BOEING FA-18 SUPER HORNET,F18S,Mil,tar1090-db import,,,,
AE60FD,169645,,F18S,F18S,Mil,tar1090-db import,,,,
AE60FE,169646,,BOEING FA-18 SUPER HORNET,F18S,Mil,tar1090-db import,,,,
AE60FF,169647,,BOEING FA-18 SUPER HORNET,F18S,Mil,tar1090-db import,,,,
AE6100,169648,,F18S,F18S,Mil,tar1090-db import,,,,
AE6101,169649,,Boeing F/A-18F Super Hornet,F18S,Mil,tar1090-db import,,,,
AE6102,169650,,F18S,F18S,Mil,tar1090-db import,,,,
AE6103,169651,,F18S,F18S,Mil,tar1090-db import,,,,
AE6104,169652,,F18S,F18S,Mil,tar1090-db import,,,,
AE6105,169653,,F18S,F18S,Mil,tar1090-db import,,,,
AE6106,169654,,BOEING FA-18 SUPER HORNET,F18S,Mil,tar1090-db import,,,,
AE610A,163186,,BRITISH AEROSPACE Harrier,HAR,Mil,tar1090-db import,,,,
AE614A,165002,,BRITISH AEROSPACE Harrier,HAR,Mil,tar1090-db import,,,,
AE6175,164129,,BRITISH AEROSPACE Harrier,HAR,Mil,tar1090-db import,,,,
AE6184,169181,,S92,S92,Mil,tar1090-db import,,,,
AE6185,169182,,S92,S92,Mil,tar1090-db import,,,,
AE6186,169183,,S92,S92,Mil,tar1090-db import,,,,
AE6187,169184,,S92,S92,Mil,tar1090-db import,,,,
AE6188,169185,,S92,S92,Mil,tar1090-db import,,,,
AE6189,169186,,S92,S92,Mil,tar1090-db import,,,,
AE618A,169187,,S92,S92,Mil,tar1090-db import,,,,
AE618B,169188,,S92,S92,Mil,tar1090-db import,,,,
AE618C,169189,,SIKORSKY S-92 Helibus,S92,Mil,tar1090-db import,,,,
AE618D,169190,,S92,S92,Mil,tar1090-db import,,,,
AE618E,169191,,SIKORSKY S-92 Helibus,S92,Mil,tar1090-db import,,,,
AE618F,169192,,S92,S92,Mil,tar1090-db import,,,,
AE6190,169193,,S92,S92,Mil,tar1090-db import,,,,
AE6191,169194,,SIKORSKY S-92 Helibus,S92,Mil,tar1090-db import,,,,
AE6192,169195,,S92,S92,Mil,tar1090-db import,,,,
AE6193,169196,,SIKORSKY S-92 Helibus,S92,Mil,tar1090-db import,,,,
AE6194,169197,,SIKORSKY S-92 Helibus,S92,Mil,tar1090-db import,,,,
AE6195,169198,,SIKORSKY S-92 Helibus,S92,Mil,tar1090-db import,,,,
AE6196,169199,,SIKORSKY S-92 Helibus,S92,Mil,tar1090-db import,,,,
AE6197,79-23256,,DE HAVILLAND DHC-6 Twin Otter,DHC6,Mil,tar1090-db import,,,,
AE61AC,17-02224,,Q1,Q1,Mil,tar1090-db import,,,,
AE61B4,169019,,SIKORSKY CH-53 Super Stallion,H53S,Mil,tar1090-db import,,,,
AE61B5,169020,,SIKORSKY CH-53 Super Stallion,H53S,Mil,tar1090-db import,,,,
AE61B6,169021,,SIKORSKY CH-53 Super Stallion,H53S,Mil,tar1090-db import,,,,
AE61B7,169022,,SIKORSKY CH-53 Super Stallion,H53S,Mil,tar1090-db import,,,,
AE61B8,169662,,SIKORSKY CH-53 Super Stallion,H53S,Mil,tar1090-db import,,,,
AE61B9,169663,,SIKORSKY CH-53 Super Stallion,H53S,Mil,tar1090-db import,,,,
AE61CB,761548,,NORTHROP F-5 Tiger 2,F5,Mil,tar1090-db import,,,,
AE61D2,761557,,F5,F5,Mil,tar1090-db import,,,,
AE61D5,761562,,F5,F5,Mil,tar1090-db import,,,,
AE61D8,761568,,F5,F5,Mil,tar1090-db import,,,,
AE61DA,761571,,NORTHROP F-5 Tiger 2,F5,Mil,tar1090-db import,,,,
AE61DD,761575,,NORTHROP F-5 Tiger 2,F5,Mil,tar1090-db import,,,,
AE61E1,761583,,F5,F5,Mil,tar1090-db import,,,,
AE61E4,761591,,F5,F5,Mil,tar1090-db import,,,,
AE61E7,810834,,F5,F5,Mil,tar1090-db import,,,,
AE6208,18-20996,,H60,H60,Mil,tar1090-db import,,,,
AE6209,18-20997,,SIKORSKY UH-60 Black Hawk,H60,Mil,tar1090-db import,,,,
AE620A,18-21098,,SIKORSKY UH-60 Black Hawk,H60,Mil,tar1090-db import,,,,
AE620B,18-20999,,SIKORSKY UH-60 Black Hawk,H60,Mil,tar1090-db import,,,,
AE620C,18-21000,,SIKORSKY UH-60 Black Hawk,H60,Mil,tar1090-db import,,,,
AE620D,18-21001,,SIKORSKY UH-60 Black Hawk,H60,Mil,tar1090-db import,,,,
AE620E,18-21002,,SIKORSKY UH-60 Black Hawk,H60,Mil,tar1090-db import,,,,
AE620F,18-21003,,SIKORSKY UH-60 Black Hawk,H60,Mil,tar1090-db import,,,,
AE6210,18-21004,,SIKORSKY UH-60 Black Hawk,H60,Mil,tar1090-db import,,,,
AE6211,18-21005,,SIKORSKY UH-60 Black Hawk,H60,Mil,tar1090-db import,,,,
AE6212,18-21006,,SIKORSKY UH-60 Black Hawk,H60,Mil,tar1090-db import,,,,
AE6213,18-21007,,SIKORSKY UH-60 Black Hawk,H60,Mil,tar1090-db import,,,,
AE6214,18-21008,,SIKORSKY UH-60 Black Hawk,H60,Mil,tar1090-db import,,,,
AE6215,18-21009,,SIKORSKY UH-60 Black Hawk,H60,Mil,tar1090-db import,,,,
AE6216,18-21010,,SIKORSKY UH-60 Black Hawk,H60,Mil,tar1090-db import,,,,
AE6217,18-21011,,SIKORSKY UH-60 Black Hawk,H60,Mil,tar1090-db import,,,,
AE6218,18-21012,,SIKORSKY UH-60 Black Hawk,H60,Mil,tar1090-db import,,,,
AE6219,18-21013,,SIKORSKY UH-60 Black Hawk,H60,Mil,tar1090-db import,,,,
AE621B,18-21015,,SIKORSKY UH-60 Black Hawk,H60,Mil,tar1090-db import,,,,
AE621C,18-21016,,SIKORSKY UH-60 Black Hawk,H60,Mil,tar1090-db import,,,,
AE621D,18-21017,,SIKORSKY UH-60 Black Hawk,H60,Mil,tar1090-db import,,,,
AE621E,18-21018,,SIKORSKY UH-60 Black Hawk,H60,Mil,tar1090-db import,,,,
AE621F,18-21019,,H60,H60,Mil,tar1090-db import,,,,
AE6220,18-21020,,SIKORSKY UH-60 Black Hawk,H60,Mil,tar1090-db import,,,,
AE6221,18-21021,,SIKORSKY UH-60 Black Hawk,H60,Mil,tar1090-db import,,,,
AE6222,18-21022,,SIKORSKY UH-60 Black Hawk,H60,Mil,tar1090-db import,,,,
AE6223,18-21023,,SIKORSKY UH-60 Black Hawk,H60,Mil,tar1090-db import,,,,
AE6224,18-21024,,SIKORSKY UH-60 Black Hawk,H60,Mil,tar1090-db import,,,,
AE6225,18-21025,,SIKORSKY UH-60 Black Hawk,H60,Mil,tar1090-db import,,,,
AE6227,18-21027,,SIKORSKY UH-60 Black Hawk,H60,Mil,tar1090-db import,,,,
AE6228,69-6600,,Bell UH-1N Iroquois,B212,Mil,tar1090-db import,,,,
AE6233,69-6633,,B212,B212,Mil,tar1090-db import,,,,
AE623A,69-6646,,BELL 212,B212,Mil,tar1090-db import,,,,
AE6240,69-6655,,BELL 212,B212,Mil,tar1090-db import,,,,
AE6241,69-6656,,B212,B212,Mil,tar1090-db import,,,,
AE6242,69-6657,,B212,B212,Mil,tar1090-db import,,,,
AE6243,69-6658,,B212,B212,Mil,tar1090-db import,,,,
AE6246,69-6663,,BELL 212,B212,Mil,tar1090-db import,,,,
AE6248,69-6666,,BELL 212,B212,Mil,tar1090-db import,,,,
AE624A,69-6668,,B212,B212,Mil,tar1090-db import,,,,
AE624B,69-6669,,BELL 212,B212,Mil,tar1090-db import,,,,
AE624E,69-7538,,BELL 212,B212,Mil,tar1090-db import,,,,
AE625E,163599,,HAWK,HAWK,Mil,tar1090-db import,,,,
AE6261,163604,,HAWK,HAWK,Mil,tar1090-db import,,,,
AE6262,163605,,BRITISH AEROSPACE T-45 Goshawk,HAWK,Mil,tar1090-db import,,,,
AE6263,163606,,HAWK,HAWK,Mil,tar1090-db import,,,,
AE6264,163607,,HAWK,HAWK,Mil,tar1090-db import,,,,
AE6265,163608,,HAWK,HAWK,Mil,tar1090-db import,,,,
AE6266,163609,,BRITISH AEROSPACE T-45 Goshawk,HAWK,Mil,tar1090-db import,,,,
AE6269,163613,,HAWK,HAWK,Mil,tar1090-db import,,,,
AE626E,163618,,HAWK,HAWK,Mil,tar1090-db import,,,,
AE626F,163619,,BRITISH AEROSPACE T-45 Goshawk,HAWK,Mil,tar1090-db import,,,,
AE6273,163623,,HAWK,HAWK,Mil,tar1090-db import,,,,
AE6276,163626,,HAWK,HAWK,Mil,tar1090-db import,,,,
AE6277,163628,,HAWK,HAWK,Mil,tar1090-db import,,,,
AE6279,163631,,HAWK,HAWK,Mil,tar1090-db import,,,,
AE627B,163635,,HAWK,HAWK,Mil,tar1090-db import,,,,
AE627C,163636,,HAWK,HAWK,Mil,tar1090-db import,,,,
AE627E,163638,,HAWK,HAWK,Mil,tar1090-db import,,,,
AE627F,165641,,HAWK,HAWK,Mil,tar1090-db import,,,,
AE6281,163643,,HAWK,HAWK,Mil,tar1090-db import,,,,
AE6283,163646,,HAWK,HAWK,Mil,tar1090-db import,,,,
AE6286,163649,,HAWK,HAWK,Mil,tar1090-db import,,,,
AE6287,163650,,HAWK,HAWK,Mil,tar1090-db import,,,,
AE6288,163651,,HAWK,HAWK,Mil,tar1090-db import,,,,
AE628C,163655,,HAWK,HAWK,Mil,tar1090-db import,,,,
AE6290,165057,,BRITISH AEROSPACE T-45 Goshawk,HAWK,Mil,tar1090-db import,,,,
AE6292,165059,,HAWK,HAWK,Mil,tar1090-db import,,,,
AE6293,165060,,HAWK,HAWK,Mil,tar1090-db import,,,,
AE6296,165063,,HAWK,HAWK,Mil,tar1090-db import,,,,
AE6297,165064,,HAWK,HAWK,Mil,tar1090-db import,,,,
AE6298,165065,,BRITISH AEROSPACE T-45 Goshawk,HAWK,Mil,tar1090-db import,,,,
AE6299,165067,,BRITISH AEROSPACE T-45 Goshawk,HAWK,Mil,tar1090-db import,,,,
AE629A,165068,,HAWK,HAWK,Mil,tar1090-db import,,,,
AE629B,165070,,HAWK,HAWK,Mil,tar1090-db import,,,,
AE629C,165071,,HAWK,HAWK,Mil,tar1090-db import,,,,
AE629D,165072,,HAWK,HAWK,Mil,tar1090-db import,,,,
AE629E,165073,,HAWK,HAWK,Mil,tar1090-db import,,,,
AE62A0,165076,,HAWK,HAWK,Mil,tar1090-db import,,,,
AE62A1,165078,,HAWK,HAWK,Mil,tar1090-db import,,,,
AE62A8,165085,,BRITISH AEROSPACE T-45 Goshawk,HAWK,Mil,tar1090-db import,,,,
AE62A9,165086,,BRITISH AEROSPACE T-45 Goshawk,HAWK,Mil,tar1090-db import,,,,
AE62B0,165459,,BRITISH AEROSPACE T-45 Goshawk,HAWK,Mil,tar1090-db import,,,,
AE62B1,165460,,BRITISH AEROSPACE T-45 Goshawk,HAWK,Mil,tar1090-db import,,,,
AE62B3,165462,,HAWK,HAWK,Mil,tar1090-db import,,,,
AE62B7,165466,,HAWK,HAWK,Mil,tar1090-db import,,,,
AE62B8,165467,,HAWK,HAWK,Mil,tar1090-db import,,,,
AE62BA,165469,,HAWK,HAWK,Mil,tar1090-db import,,,,
AE62BB,165470,,HAWK,HAWK,Mil,tar1090-db import,,,,
AE62BC,165471,,HAWK,HAWK,Mil,tar1090-db import,,,,
AE62BD,165472,,HAWK,HAWK,Mil,tar1090-db import,,,,
AE62BE,165473,,BRITISH AEROSPACE T-45 Goshawk,HAWK,Mil,tar1090-db import,,,,
AE62C1,165477,,HAWK,HAWK,Mil,tar1090-db import,,,,
AE62D2,165496,,HAWK,HAWK,Mil,tar1090-db import,,,,
AE62D3,165497,,HAWK,HAWK,Mil,tar1090-db import,,,,
AE62D4,165498,,HAWK,HAWK,Mil,tar1090-db import,,,,
AE62D6,165599,,HAWK,HAWK,Mil,tar1090-db import,,,,
AE62D7,165600,,BRITISH AEROSPACE T-45 Goshawk,HAWK,Mil,tar1090-db import,,,,
AE62DA,165603,,HAWK,HAWK,Mil,tar1090-db import,,,,
AE62DD,165607,,HAWK,HAWK,Mil,tar1090-db import,,,,
AE62DF,165608,,BRITISH AEROSPACE T-45 Goshawk,HAWK,Mil,tar1090-db import,,,,
AE62E6,165615,,BRITISH AEROSPACE T-45 Goshawk,HAWK,Mil,tar1090-db import,,,,
AE62E9,165618,,HAWK,HAWK,Mil,tar1090-db import,,,,
AE62EE,165623,,HAWK,HAWK,Mil,tar1090-db import,,,,
AE62EF,165624,,HAWK,HAWK,Mil,tar1090-db import,,,,
AE62F1,165626,,HAWK,HAWK,Mil,tar1090-db import,,,,
AE62F3,165628,,BRITISH AEROSPACE T-45 Goshawk,HAWK,Mil,tar1090-db import,,,,
AE62F4,165629,,BRITISH AEROSPACE T-45 Goshawk,HAWK,Mil,tar1090-db import,,,,
AE62F5,165630,,BRITISH AEROSPACE T-45 Goshawk,HAWK,Mil,tar1090-db import,,,,
AE62F7,165633,,BRITISH AEROSPACE T-45 Goshawk,HAWK,Mil,tar1090-db import,,,,
AE62FA,165636,,HAWK,HAWK,Mil,tar1090-db import,,,,
AE62FB,165637,,BRITISH AEROSPACE T-45 Goshawk,HAWK,Mil,tar1090-db import,,,,
AE62FD,165639,,HAWK,HAWK,Mil,tar1090-db import,,,,
AE62FF,165641,,BRITISH AEROSPACE T-45 Goshawk,HAWK,Mil,tar1090-db import,,,,
AE6300,165643,,HAWK,HAWK,Mil,tar1090-db import,,,,
AE6301,165644,,HAWK,HAWK,Mil,tar1090-db import,,,,
AE6302,165645,,HAWK,HAWK,Mil,tar1090-db import,,,,
AE6303,165646,,HAWK,HAWK,Mil,tar1090-db import,,,,
AE6304,167073,,HAWK,HAWK,Mil,tar1090-db import,,,,
AE6306,167075,,HAWK,HAWK,Mil,tar1090-db import,,,,
AE6308,167078,,BRITISH AEROSPACE T-45 Goshawk,HAWK,Mil,tar1090-db import,,,,
AE6309,167079,,HAWK,HAWK,Mil,tar1090-db import,,,,
AE630A,167080,,HAWK,HAWK,Mil,tar1090-db import,,,,
AE630B,167082,,HAWK,HAWK,Mil,tar1090-db import,,,,
AE630F,167086,,HAWK,HAWK,Mil,tar1090-db import,,,,
AE6311,167088,,BRITISH AEROSPACE T-45 Goshawk,HAWK,Mil,tar1090-db import,,,,
AE6313,167090,,BRITISH AEROSPACE T-45 Goshawk,HAWK,Mil,tar1090-db import,,,,
AE6314,167091,,HAWK,HAWK,Mil,tar1090-db import,,,,
AE6315,167092,,HAWK,HAWK,Mil,tar1090-db import,,,,
AE6317,167094,,HAWK,HAWK,Mil,tar1090-db import,,,,
AE631A,167097,,HAWK,HAWK,Mil,tar1090-db import,,,,
AE631E,167101,,HAWK,HAWK,Mil,tar1090-db import,,,,
AE6326,16-72431,,Airbus Helicopters UH-72A Lakota,EC45,Mil,tar1090-db import,,,,
AE6327,16-72432,,Airbus Helicopters UH-72A Lakota,EC45,Mil,tar1090-db import,,,,
AE6328,19-72433,,Airbus Helicopters UH-72A Lakota,EC45,Mil,tar1090-db import,,,,
AE6329,19-72434,,Airbus Helicopters UH-72A Lakota,EC45,Mil,tar1090-db import,,,,
AE632A,19-72435,,Airbus Helicopters UH-72A Lakota,EC45,Mil,tar1090-db import,,,,
AE632B,19-72436,,Airbus Helicopters UH-72A Lakota,EC45,Mil,tar1090-db import,,,,
AE632C,19-72437,,Airbus Helicopters UH-72A Lakota,EC45,Mil,tar1090-db import,,,,
AE6330,19-72440,,AIRBUS HELICOPTERS EC-145,EC45,Mil,tar1090-db import,,,,
AE6331,19-72441,,AIRBUS HELICOPTERS EC-145,EC45,Mil,tar1090-db import,,,,
AE6332,19-72442,,AIRBUS HELICOPTERS EC-145,EC45,Mil,tar1090-db import,,,,
AE6333,19-72443,,AIRBUS HELICOPTERS EC-145,EC45,Mil,tar1090-db import,,,,
AE6334,19-72444,,AIRBUS HELICOPTERS EC-145,EC45,Mil,tar1090-db import,,,,
AE6335,19-72445,,AIRBUS HELICOPTERS EC-145,EC45,Mil,tar1090-db import,,,,
AE6336,19-72446,,AIRBUS HELICOPTERS EC-145,EC45,Mil,tar1090-db import,,,,
AE6338,19-72448,,Airbus Helicopters UH-72A Lakota,EC45,Mil,tar1090-db import,,,,
AE6339,19-72449,,Airbus Helicopters UH-72A Lakota,EC45,Mil,tar1090-db import,,,,
AE633F,19-72455,,Airbus Helicopters UH-72A Lakota,EC45,Mil,tar1090-db import,,,,
AE6340,19-72456,,Airbus Helicopters UH-72A Lakota,EC45,Mil,tar1090-db import,,,,
AE6341,19-72457,,Airbus Helicopters UH-72A Lakota,EC45,Mil,tar1090-db import,,,,
AE6342,19-72458,,Airbus Helicopters UH-72A Lakota,EC45,Mil,tar1090-db import,,,,
AE6343,19-72459,,AIRBUS HELICOPTERS EC-145,EC45,Mil,tar1090-db import,,,,
AE6344,19-72460,,Airbus Helicopters UH-72A Lakota,EC45,Mil,tar1090-db import,,,,
AE6345,19-72461,,Airbus Helicopters UH-72A Lakota,EC45,Mil,tar1090-db import,,,,
AE6346,19-72462,,Airbus Helicopters UH-72A Lakota,EC45,Mil,tar1090-db import,,,,
AE6348,21-72464,,AIRBUS HELICOPTERS EC-145,EC45,Mil,tar1090-db import,,,,
AE6349,21-72465,,AIRBUS HELICOPTERS EC-145,EC45,Mil,tar1090-db import,,,,
AE634A,21-72466,,AIRBUS HELICOPTERS EC-145,EC45,Mil,tar1090-db import,,,,
AE634C,21-72468,,AIRBUS HELICOPTERS EC-145,EC45,Mil,tar1090-db import,,,,
AE634D,21-72469,,AIRBUS HELICOPTERS EC-145,EC45,Mil,tar1090-db import,,,,
AE634F,22-72471,,AIRBUS HELICOPTERS EC-145,EC45,Mil,tar1090-db import,,,,
AE6351,22-72473,,AIRBUS HELICOPTERS EC-145,EC45,Mil,tar1090-db import,,,,
AE6352,22-72474,,AIRBUS HELICOPTERS EC-145,EC45,Mil,tar1090-db import,,,,
AE6353,22-72475,,AIRBUS HELICOPTERS EC-145,EC45,Mil,tar1090-db import,,,,
AE6354,22-72476,,AIRBUS HELICOPTERS EC-145,EC45,Mil,tar1090-db import,,,,
AE6358,22-72480,,AIRBUS HELICOPTERS EC-145,EC45,Mil,tar1090-db import,,,,
AE6359,22-72481,,AIRBUS HELICOPTERS EC-145,EC45,Mil,tar1090-db import,,,,
AE6361,19-5495,,F35,F35,Mil,tar1090-db import,,,,
AE636C,18-21028,,SIKORSKY UH-60 Black Hawk,H60,Mil,tar1090-db import,,,,
AE636D,18-21029,,SIKORSKY UH-60 Black Hawk,H60,Mil,tar1090-db import,,,,
AE636E,18-21030,,SIKORSKY UH-60 Black Hawk,H60,Mil,tar1090-db import,,,,
AE6371,18-21033,,SIKORSKY UH-60 Black Hawk,H60,Mil,tar1090-db import,,,,
AE6372,18-03198,,MCDONNELL DOUGLAS AH-64 Apache,H64,Mil,tar1090-db import,,,,
AE6373,18-03199,,MCDONNELL DOUGLAS AH-64 Apache,H64,Mil,tar1090-db import,,,,
AE6374,18-03200,,MCDONNELL DOUGLAS AH-64 Apache,H64,Mil,tar1090-db import,,,,
AE6375,18-03201,,MCDONNELL DOUGLAS AH-64 Apache,H64,Mil,tar1090-db import,,,,
AE6376,18-03202,,MCDONNELL DOUGLAS AH-64 Apache,H64,Mil,tar1090-db import,,,,
AE6377,18-03203,,MCDONNELL DOUGLAS AH-64 Apache,H64,Mil,tar1090-db import,,,,
AE6378,18-03204,,MCDONNELL DOUGLAS AH-64 Apache,H64,Mil,tar1090-db import,,,,
AE6379,18-03205,,MCDONNELL DOUGLAS AH-64 Apache,H64,Mil,tar1090-db import,,,,
AE637A,18-03206,,MCDONNELL DOUGLAS AH-64 Apache,H64,Mil,tar1090-db import,,,,
AE637B,18-03207,,MCDONNELL DOUGLAS AH-64 Apache,H64,Mil,tar1090-db import,,,,
AE637C,18-03208,,H64,H64,Mil,tar1090-db import,,,,
AE637D,18-03209,,MCDONNELL DOUGLAS AH-64 Apache,H64,Mil,tar1090-db import,,,,
AE637E,18-03210,,MCDONNELL DOUGLAS AH-64 Apache,H64,Mil,tar1090-db import,,,,
AE637F,18-03211,,MCDONNELL DOUGLAS AH-64 Apache,H64,Mil,tar1090-db import,,,,
AE6380,18-03212,,MCDONNELL DOUGLAS AH-64 Apache,H64,Mil,tar1090-db import,,,,
AE6381,18-03213,,MCDONNELL DOUGLAS AH-64 Apache,H64,Mil,tar1090-db import,,,,
AE6382,18-03214,,MCDONNELL DOUGLAS AH-64 Apache,H64,Mil,tar1090-db import,,,,
AE6383,18-03215,,MCDONNELL DOUGLAS AH-64 Apache,H64,Mil,tar1090-db import,,,,
AE6384,18-03216,,MCDONNELL DOUGLAS AH-64 Apache,H64,Mil,tar1090-db import,,,,
AE6385,18-03217,,MCDONNELL DOUGLAS AH-64 Apache,H64,Mil,tar1090-db import,,,,
AE6386,18-03218,,MCDONNELL DOUGLAS AH-64 Apache,H64,Mil,tar1090-db import,,,,
AE6388,18-03220,,MCDONNELL DOUGLAS AH-64 Apache,H64,Mil,tar1090-db import,,,,
AE6389,18-03221,,MCDONNELL DOUGLAS AH-64 Apache,H64,Mil,tar1090-db import,,,,
AE638A,18-03222,,MCDONNELL DOUGLAS AH-64 Apache,H64,Mil,tar1090-db import,,,,
AE638B,18-03223,,MCDONNELL DOUGLAS AH-64 Apache,H64,Mil,tar1090-db import,,,,
AE6392,18-21034,,SIKORSKY UH-60 Black Hawk,H60,Mil,tar1090-db import,,,,
AE6393,18-21035,,SIKORSKY UH-60 Black Hawk,H60,Mil,tar1090-db import,,,,
AE6394,18-21036,,SIKORSKY UH-60 Black Hawk,H60,Mil,tar1090-db import,,,,
AE63D3,65-10361,,Northrop T-38A Talon,T38,Mil,tar1090-db import,,,,
AE63D5,22-46105,,B762,B762,Mil,tar1090-db import,,,,
AE63D6,65-10442,,Northrop T-38A Talon,T38,Mil,tar1090-db import,,,,
AE63D7,66-8402,,Northrop T-38A Talon,T38,Mil,tar1090-db import,,,,
AE63D8,67-14826,,Northrop T-38A Talon,T38,Mil,tar1090-db import,,,,
AE63D9,67-14831,,Northrop T-38A Talon,T38,Mil,tar1090-db import,,,,
AE63DA,67-14845,,Northrop T-38A Talon,T38,Mil,tar1090-db import,,,,
AE63DD,64-13217,,Northrop T-38A Talon,T38,Mil,tar1090-db import,,,,
AE63DE,64-13240,,Northrop T-38A Talon,T38,Mil,tar1090-db import,,,,
AE63DF,64-13247,,Northrop T-38A Talon,T38,Mil,tar1090-db import,,,,
AE63E3,64-13301,,Northrop T-38A Talon,T38,Mil,tar1090-db import,,,,
AE63E4,64-13304,,Northrop T-38A Talon,T38,Mil,tar1090-db import,,,,
AE63E6,65-10429,,Northrop T-38A Talon,T38,Mil,tar1090-db import,,,,
AE63EB,63-8218,,Northrop T-38A Talon,T38,Mil,tar1090-db import,,,,
AE63EC,63-8229,,Northrop T-38A Talon,T38,Mil,tar1090-db import,,,,
AE63EE,67-14939,,Northrop T-38A Talon,T38,Mil,tar1090-db import,,,,
AE63F1,63-8131,,Northrop T-38A Talon,T38,Mil,tar1090-db import,,,,
AE63F5,62-3615,,Northrop T-38A Talon,T38,Mil,tar1090-db import,,,,
AE63F6,62-3706,,Northrop T-38A Talon,T38,Mil,tar1090-db import,,,,
AE63F7,63-8154,,Northrop T-38A Talon,T38,Mil,tar1090-db import,,,,
AE63FA,67-14923,,Northrop T-38A Talon,T38,Mil,tar1090-db import,,,,
AE63FE,68-8177,,Northrop T-38A Talon,T38,Mil,tar1090-db import,,,,
AE6403,68-8205,,Northrop T-38A Talon,T38,Mil,tar1090-db import,,,,
AE6408,62-3715,,Northrop T-38A Talon,T38,Mil,tar1090-db import,,,,
AE6409,62-3660,,Northrop T-38A Talon,T38,Mil,tar1090-db import,,,,
AE640A,169734,,F18S,F18S,Mil,tar1090-db import,,,,
AE640C,169736,,F18S,F18S,Mil,tar1090-db import,,,,
AE640D,169737,,F18S,F18S,Mil,tar1090-db import,,,,
AE640E,169738,,F18S,F18S,Mil,tar1090-db import,,,,
AE640F,169739,,F18S,F18S,Mil,tar1090-db import,,,,
AE6410,169740,,BOEING FA-18 SUPER HORNET,F18S,Mil,tar1090-db import,,,,
AE6411,169741,,F18S,F18S,Mil,tar1090-db import,,,,
AE6412,169742,,BOEING FA-18 SUPER HORNET,F18S,Mil,tar1090-db import,,,,
AE6413,169743,,BOEING FA-18 SUPER HORNET,F18S,Mil,tar1090-db import,,,,
AE6414,169744,,F18S,F18S,Mil,tar1090-db import,,,,
AE6415,169745,,F18S,F18S,Mil,tar1090-db import,,,,
AE6416,169746,,F18S,F18S,Mil,tar1090-db import,,,,
AE6417,169747,,BOEING FA-18 SUPER HORNET,F18S,Mil,tar1090-db import,,,,
AE6418,169748,,BOEING FA-18 SUPER HORNET,F18S,Mil,tar1090-db import,,,,
AE6419,169749,,F18S,F18S,Mil,tar1090-db import,,,,
AE641A,169750,,BOEING FA-18 SUPER HORNET,F18S,Mil,tar1090-db import,,,,
AE641B,169751,,BOEING FA-18 SUPER HORNET,F18S,Mil,tar1090-db import,,,,
AE6421,169483,,E2,E2,Mil,tar1090-db import,,,,
AE6478,19-21038,,SIKORSKY UH-60 Black Hawk,H60,Mil,tar1090-db import,,,,
AE6479,19-21039,,SIKORSKY UH-60 Black Hawk,H60,Mil,tar1090-db import,,,,
AE647A,19-21040,,SIKORSKY UH-60 Black Hawk,H60,Mil,tar1090-db import,,,,
AE647C,19-21042,,SIKORSKY UH-60 Black Hawk,H60,Mil,tar1090-db import,,,,
AE647D,19-21043,,SIKORSKY UH-60 Black Hawk,H60,Mil,tar1090-db import,,,,
AE647E,19-21044,,SIKORSKY UH-60 Black Hawk,H60,Mil,tar1090-db import,,,,
AE647F,19-21045,,SIKORSKY UH-60 Black Hawk,H60,Mil,tar1090-db import,,,,
AE6481,19-21047,,SIKORSKY UH-60 Black Hawk,H60,Mil,tar1090-db import,,,,
AE6483,19-21049,,SIKORSKY UH-60 Black Hawk,H60,Mil,tar1090-db import,,,,
AE6486,19-21052,,SIKORSKY UH-60 Black Hawk,H60,Mil,tar1090-db import,,,,
AE6487,19-21053,,SIKORSKY UH-60 Black Hawk,H60,Mil,tar1090-db import,,,,
AE6488,19-21054,,SIKORSKY UH-60 Black Hawk,H60,Mil,tar1090-db import,,,,
AE648B,19-21057,,SIKORSKY UH-60 Black Hawk,H60,Mil,tar1090-db import,,,,
AE648E,19-21060,,SIKORSKY UH-60 Black Hawk,H60,Mil,tar1090-db import,,,,
AE6490,19-21062,,SIKORSKY UH-60 Black Hawk,H60,Mil,tar1090-db import,,,,
AE6491,19-21063,,SIKORSKY UH-60 Black Hawk,H60,Mil,tar1090-db import,,,,
AE6492,19-21064,,SIKORSKY UH-60 Black Hawk,H60,Mil,tar1090-db import,,,,
AE6493,19-21065,,SIKORSKY UH-60 Black Hawk,H60,Mil,tar1090-db import,,,,
AE6494,19-21066,,SIKORSKY UH-60 Black Hawk,H60,Mil,tar1090-db import,,,,
AE6495,19-21067,,SIKORSKY UH-60 Black Hawk,H60,Mil,tar1090-db import,,,,
AE6496,19-21068,,SIKORSKY UH-60 Black Hawk,H60,Mil,tar1090-db import,,,,
AE6497,19-21069,,SIKORSKY UH-60 Black Hawk,H60,Mil,tar1090-db import,,,,
AE6498,19-21070,,SIKORSKY UH-60 Black Hawk,H60,Mil,tar1090-db import,,,,
AE6499,19-21071,,SIKORSKY UH-60 Black Hawk,H60,Mil,tar1090-db import,,,,
AE649A,19-21087,,SIKORSKY UH-60 Black Hawk,H60,Mil,tar1090-db import,,,,
AE649B,19-21088,,SIKORSKY UH-60 Black Hawk,H60,Mil,tar1090-db import,,,,
AE649C,19-21089,,SIKORSKY UH-60 Black Hawk,H60,Mil,tar1090-db import,,,,
AE649D,19-21090,,SIKORSKY UH-60 Black Hawk,H60,Mil,tar1090-db import,,,,
AE649E,19-21091,,SIKORSKY UH-60 Black Hawk,H60,Mil,tar1090-db import,,,,
AE64A3,19-21072,,SIKORSKY UH-60 Black Hawk,H60,Mil,tar1090-db import,,,,
AE64A4,19-21073,,SIKORSKY UH-60 Black Hawk,H60,Mil,tar1090-db import,,,,
AE64A5,19-21074,,SIKORSKY UH-60 Black Hawk,H60,Mil,tar1090-db import,,,,
AE64A6,19-21075,,SIKORSKY UH-60 Black Hawk,H60,Mil,tar1090-db import,,,,
AE64A7,19-21076,,SIKORSKY UH-60 Black Hawk,H60,Mil,tar1090-db import,,,,
AE64A8,19-21077,,SIKORSKY UH-60 Black Hawk,H60,Mil,tar1090-db import,,,,
AE64A9,19-21078,,SIKORSKY UH-60 Black Hawk,H60,Mil,tar1090-db import,,,,
AE64AA,19-21079,,SIKORSKY UH-60 Black Hawk,H60,Mil,tar1090-db import,,,,
AE64AB,19-21080,,SIKORSKY UH-60 Black Hawk,H60,Mil,tar1090-db import,,,,
AE64AC,19-21081,,SIKORSKY UH-60 Black Hawk,H60,Mil,tar1090-db import,,,,
AE64AD,19-21082,,SIKORSKY UH-60 Black Hawk,H60,Mil,tar1090-db import,,,,
AE64AE,19-21083,,SIKORSKY UH-60 Black Hawk,H60,Mil,tar1090-db import,,,,
AE64AF,19-21084,,SIKORSKY UH-60 Black Hawk,H60,Mil,tar1090-db import,,,,
AE64B0,19-21085,,SIKORSKY UH-60 Black Hawk,H60,Mil,tar1090-db import,,,,
AE64B1,19-21086,,SIKORSKY UH-60 Black Hawk,H60,Mil,tar1090-db import,,,,
AE64CC,21-0024,,BOEING 737-700,B737,Mil,tar1090-db import,,,,
AE654A,73-1155,,BOEING 737-200,B732,Mil,tar1090-db import,,,,
AE65F3,18-03225,,H64,H64,Mil,tar1090-db import,,,,
AE65F4,18-03226,,MCDONNELL DOUGLAS AH-64 Apache,H64,Mil,tar1090-db import,,,,
AE65F5,18-03227,,MCDONNELL DOUGLAS AH-64 Apache,H64,Mil,tar1090-db import,,,,
AE65F6,18-03228,,MCDONNELL DOUGLAS AH-64 Apache,H64,Mil,tar1090-db import,,,,
AE65F7,18-03229,,MCDONNELL DOUGLAS AH-64 Apache,H64,Mil,tar1090-db import,,,,
AE65F8,18-03230,,MCDONNELL DOUGLAS AH-64 Apache,H64,Mil,tar1090-db import,,,,
AE65F9,18-03231,,MCDONNELL DOUGLAS AH-64 Apache,H64,Mil,tar1090-db import,,,,
AE65FA,18-03232,,MCDONNELL DOUGLAS AH-64 Apache,H64,Mil,tar1090-db import,,,,
AE65FC,18-03234,,MCDONNELL DOUGLAS AH-64 Apache,H64,Mil,tar1090-db import,,,,
AE65FD,18-03235,,MCDONNELL DOUGLAS AH-64 Apache,H64,Mil,tar1090-db import,,,,
AE65FE,18-03236,,MCDONNELL DOUGLAS AH-64 Apache,H64,Mil,tar1090-db import,,,,
AE65FF,18-03237,,MCDONNELL DOUGLAS AH-64 Apache,H64,Mil,tar1090-db import,,,,
AE6600,18-03238,,MCDONNELL DOUGLAS AH-64 Apache,H64,Mil,tar1090-db import,,,,
AE6601,18-03239,,MCDONNELL DOUGLAS AH-64 Apache,H64,Mil,tar1090-db import,,,,
AE6602,18-03240,,MCDONNELL DOUGLAS AH-64 Apache,H64,Mil,tar1090-db import,,,,
AE6603,18-03241,,MCDONNELL DOUGLAS AH-64 Apache,H64,Mil,tar1090-db import,,,,
AE6604,18-03242,,MCDONNELL DOUGLAS AH-64 Apache,H64,Mil,tar1090-db import,,,,
AE6605,18-03243,,MCDONNELL DOUGLAS AH-64 Apache,H64,Mil,tar1090-db import,,,,
AE6606,18-03244,,MCDONNELL DOUGLAS AH-64 Apache,H64,Mil,tar1090-db import,,,,
AE6607,18-03245,,MCDONNELL DOUGLAS AH-64 Apache,H64,Mil,tar1090-db import,,,,
AE6608,18-03246,,MCDONNELL DOUGLAS AH-64 Apache,H64,Mil,tar1090-db import,,,,
AE6609,18-03247,,MCDONNELL DOUGLAS AH-64 Apache,H64,Mil,tar1090-db import,,,,
AE660A,18-03248,,MCDONNELL DOUGLAS AH-64 Apache,H64,Mil,tar1090-db import,,,,
AE660D,17-01002,,BOEING-VERTOL CH-47 Chinook,H47,Mil,tar1090-db import,,,,
AE660E,17-01003,,BOEING-VERTOL CH-47 Chinook,H47,Mil,tar1090-db import,,,,
AE675D,19-5487,,F35,F35,Mil,tar1090-db import,,,,
AE68F0,01-0415,,PILATUS PC-12,PC12,Mil,tar1090-db import,,,,
AE68F1,07-0779,,PC12,PC12,Mil,tar1090-db import,,,,
AE68F2,07-0793,,PC12,PC12,Mil,tar1090-db import,,,,
AE6901,169887,,SIKORSKY UH-60 Black Hawk,H60,Mil,tar1090-db import,,,,
AE6902,169888,,SIKORSKY UH-60 Black Hawk,H60,Mil,tar1090-db import,,,,
AE6903,169889,,SIKORSKY UH-60 Black Hawk,H60,Mil,tar1090-db import,,,,
AE6904,169890,,SIKORSKY UH-60 Black Hawk,H60,Mil,tar1090-db import,,,,
AE6905,169891,,SIKORSKY UH-60 Black Hawk,H60,Mil,tar1090-db import,,,,
AE6906,169892,,H60,H60,Mil,tar1090-db import,,,,
AE6907,169893,,H60,H60,Mil,tar1090-db import,,,,
AE6908,169894,,H60,H60,Mil,tar1090-db import,,,,
AE6909,686958,,BELL 206 JetRanger,B06,Mil,tar1090-db import,,,,
AE690A,696121,,BELL 206 JetRanger,B06,Mil,tar1090-db import,,,,
AE690B,20376,,BELL 206 JetRanger,B06,Mil,tar1090-db import,,,,
AE690C,705199,,BELL 206 JetRanger,B06,Mil,tar1090-db import,,,,
AE690D,696225,,BELL 206 JetRanger,B06,Mil,tar1090-db import,,,,
AE6913,18-5913,,LOCKHEED MARTIN C-130J Super Hercules,C30J,Mil,tar1090-db import,,,,
AE6914,18-5914,,Lockheed Martin C-130J-30 Hercules,C30J,Mil,tar1090-db import,,,,
AE6915,18-5916,,Lockheed Martin MC-130J Commando II,C30J,Mil,tar1090-db import,,,,
AE6917,18-5919,,Lockheed Martin C-130J-30 Hercules,C30J,Mil,tar1090-db import,,,,
AE691D,169807,,SUCO,SUCO,Mil,tar1090-db import,,,,
AE691E,169808,,SUCO,SUCO,Mil,tar1090-db import,,,,
AE691F,169809,,SUCO,SUCO,Mil,tar1090-db import,,,,
AE6920,169810,,SUCO,SUCO,Mil,tar1090-db import,,,,
AE6921,169811,,SUCO,SUCO,Mil,tar1090-db import,,,,
AE6922,169812,,SUCO,SUCO,Mil,tar1090-db import,,,,
AE6923,169813,,SUCO,SUCO,Mil,tar1090-db import,,,,
AE6924,169814,,SUCO,SUCO,Mil,tar1090-db import,,,,
AE6925,169815,,SUCO,SUCO,Mil,tar1090-db import,,,,
AE6926,169816,,SUCO,SUCO,Mil,tar1090-db import,,,,
AE6927,169817,,SUCO,SUCO,Mil,tar1090-db import,,,,
AE6928,169818,,SUCO,SUCO,Mil,tar1090-db import,,,,
AE6929,169819,,SUCO,SUCO,Mil,tar1090-db import,,,,
AE692A,169820,,SUCO,SUCO,Mil,tar1090-db import,,,,
AE692B,169821,,SUCO,SUCO,Mil,tar1090-db import,,,,
AE692C,169822,,SUCO,SUCO,Mil,tar1090-db import,,,,
AE692D,169823,,SUCO,SUCO,Mil,tar1090-db import,,,,
AE692E,169824,,SUCO,SUCO,Mil,tar1090-db import,,,,
AE692F,169825,,SUCO,SUCO,Mil,tar1090-db import,,,,
AE6930,169826,,SUCO,SUCO,Mil,tar1090-db import,,,,
AE6931,169827,,SUCO,SUCO,Mil,tar1090-db import,,,,
AE6932,169828,,SUCO,SUCO,Mil,tar1090-db import,,,,
AE6933,169829,,SUCO,SUCO,Mil,tar1090-db import,,,,
AE6934,169830,,SUCO,SUCO,Mil,tar1090-db import,,,,
AE6935,169831,,SUCO,SUCO,Mil,tar1090-db import,,,,
AE6936,169832,,SUCO,SUCO,Mil,tar1090-db import,,,,
AE6937,169833,,SUCO,SUCO,Mil,tar1090-db import,,,,
AE6938,169834,,SUCO,SUCO,Mil,tar1090-db import,,,,
AE6939,169835,,SUCO,SUCO,Mil,tar1090-db import,,,,
AE693A,169836,,SUCO,SUCO,Mil,tar1090-db import,,,,
AE693B,169837,,SUCO,SUCO,Mil,tar1090-db import,,,,
AE693C,169838,,SUCO,SUCO,Mil,tar1090-db import,,,,
AE693D,169839,,SUCO,SUCO,Mil,tar1090-db import,,,,
AE693E,169840,,SUCO,SUCO,Mil,tar1090-db import,,,,
AE693F,169841,,SUCO,SUCO,Mil,tar1090-db import,,,,
AE6940,169842,,SUCO,SUCO,Mil,tar1090-db import,,,,
AE6941,169843,,SUCO,SUCO,Mil,tar1090-db import,,,,
AE6942,169844,,SUCO,SUCO,Mil,tar1090-db import,,,,
AE6943,169845,,SUCO,SUCO,Mil,tar1090-db import,,,,
AE6944,169846,,SUCO,SUCO,Mil,tar1090-db import,,,,
AE6945,169847,,SUCO,SUCO,Mil,tar1090-db import,,,,
AE6946,169848,,SUCO,SUCO,Mil,tar1090-db import,,,,
AE6947,169849,,SUCO,SUCO,Mil,tar1090-db import,,,,
AE6948,169850,,SUCO,SUCO,Mil,tar1090-db import,,,,
AE6949,169851,,SUCO,SUCO,Mil,tar1090-db import,,,,
AE694A,169852,,SUCO,SUCO,Mil,tar1090-db import,,,,
AE694B,169853,,SUCO,SUCO,Mil,tar1090-db import,,,,
AE694C,169854,,SUCO,SUCO,Mil,tar1090-db import,,,,
AE694D,169855,,SUCO,SUCO,Mil,tar1090-db import,,,,
AE694E,169856,,SUCO,SUCO,Mil,tar1090-db import,,,,
AE694F,169857,,SUCO,SUCO,Mil,tar1090-db import,,,,
AE6953,169973,,Boeing F/A-18F Super Hornet,F18S,Mil,tar1090-db import,,,,
AE6960,19-5945,,Lockheed Martin C-130J-30 Hercules,C30J,Mil,tar1090-db import,,,,
AE6965,83-24146,,BEECH 200 Super King Air,BE20,Mil,tar1090-db import,,,,
AE6966,83-24147,,BEECH 200 Super King Air,BE20,Mil,tar1090-db import,,,,
AE6971,19-02238,,Q1,Q1,Mil,tar1090-db import,,,,
AE6988,80-23423,,SIKORSKY UH-60 Black Hawk,H60,Mil,tar1090-db import,,,,
AE6989,79-23297,,SIKORSKY UH-60 Black Hawk,H60,Mil,tar1090-db import,,,,
AE698A,82-23747,,SIKORSKY UH-60 Black Hawk,H60,Mil,tar1090-db import,,,,
AE698B,78-23010,,SIKORSKY UH-60 Black Hawk,H60,Mil,tar1090-db import,,,,
AE698C,79-23320,,SIKORSKY UH-60 Black Hawk,H60,Mil,tar1090-db import,,,,
AE698D,79-23344,,SIKORSKY UH-60 Black Hawk,H60,Mil,tar1090-db import,,,,
AE698E,79-23350,,SIKORSKY UH-60 Black Hawk,H60,Mil,tar1090-db import,,,,
AE6990,82-23670,,SIKORSKY UH-60 Black Hawk,H60,Mil,tar1090-db import,,,,
AE6993,169897,,B407,B407,Mil,tar1090-db import,,,,
AE6994,169899,,B407,B407,Mil,tar1090-db import,,,,
AE6997,16-08479,,BOEING-VERTOL CH-47 Chinook,H47,Mil,tar1090-db import,,,,
AE6998,16-08480,,BOEING-VERTOL CH-47 Chinook,H47,Mil,tar1090-db import,,,,
AE6999,17-08481,,BOEING-VERTOL CH-47 Chinook,H47,Mil,tar1090-db import,,,,
AE699A,17-08482,,BOEING-VERTOL CH-47 Chinook,H47,Mil,tar1090-db import,,,,
AE699B,17-08483,,BOEING-VERTOL CH-47 Chinook,H47,Mil,tar1090-db import,,,,
AE699C,18-08484,,BOEING-VERTOL CH-47 Chinook,H47,Mil,tar1090-db import,,,,
AE699F,18-08487,,BOEING-VERTOL CH-47 Chinook,H47,Mil,tar1090-db import,,,,
AE69BE,19-01262,,B407,B407,Mil,tar1090-db import,,,,
AE69BF,19-01263,,B407,B407,Mil,tar1090-db import,,,,
AE69C0,19-01264,,B407,B407,Mil,tar1090-db import,,,,
AE69C1,19-01265,,B407,B407,Mil,tar1090-db import,,,,
AE69C4,14-00183,,MIL Mi-8/9/17/19/171/172,MI8,Mil,tar1090-db import,,,,
AE69C5,14-00184,,MIL Mi-8/9/17/19/171/172,MI8,Mil,tar1090-db import,,,,
AE69C6,14-00185,,MI8,MI8,Mil,tar1090-db import,,,,
AE69C7,17-00186,,MIL Mi-8/9/17/19/171/172,MI8,Mil,tar1090-db import,,,,
AE69D0,12-01141,,B407,B407,Mil,tar1090-db import,,,,
AE69D1,12-01142,,B407,B407,Mil,tar1090-db import,,,,
AE69D2,12-01143,,B407,B407,Mil,tar1090-db import,,,,
AE69D3,12-01144,,B407,B407,Mil,tar1090-db import,,,,
AE69DA,15-00201,,DH8C,DH8C,Mil,tar1090-db import,,,,
AE69DC,14-00841,,BEECHCRAFT Super King Air 350,B350,Mil,tar1090-db import,,,,
AE69DD,14-00841,,B350,B350,Mil,tar1090-db import,,,,
AE69DF,14-00841,,B350,B350,Mil,tar1090-db import,,,,
AE69E1,14-00841,,B350,B350,Mil,tar1090-db import,,,,
AE69ED,17-0314,,DH8C,DH8C,Mil,tar1090-db import,,,,
AE69F8,14-00182,,MI8,MI8,Mil,tar1090-db import,,,,
AE69FA,17-0314,,DH8C,DH8C,Mil,tar1090-db import,,,,
AE6A15,170040,,Lockheed Martin KC-130J Hercules,C30J,Mil,tar1090-db import,,,,
AE6A17,20-21101,,Sikorsky UH-60M Black Hawk,H60,Mil,tar1090-db import,,,,
AE6A19,20-21103,,Sikorsky UH-60M Black Hawk,H60,Mil,tar1090-db import,,,,
AE6A1A,20-21104,,Sikorsky UH-60M Black Hawk,H60,Mil,tar1090-db import,,,,
AE6A1B,20-21105,,Sikorsky UH-60M Black Hawk,H60,Mil,tar1090-db import,,,,
AE6A1C,20-21106,,Sikorsky UH-60M Black Hawk,H60,Mil,tar1090-db import,,,,
AE6A1D,20-21107,,Sikorsky UH-60M Black Hawk,H60,Mil,tar1090-db import,,,,
AE6A1E,20-21108,,Sikorsky UH-60M Black Hawk,H60,Mil,tar1090-db import,,,,
AE6A1F,20-21109,,Sikorsky UH-60M Black Hawk,H60,Mil,tar1090-db import,,,,
AE6A21,20-21111,,Sikorsky UH-60M Black Hawk,H60,Mil,tar1090-db import,,,,
AE6A22,20-21112,,Sikorsky UH-60M Black Hawk,H60,Mil,tar1090-db import,,,,
AE6A25,20-21115,,Sikorsky UH-60M Black Hawk,H60,Mil,tar1090-db import,,,,
AE6A28,20-21118,,Sikorsky UH-60M Black Hawk,H60,Mil,tar1090-db import,,,,
AE6A29,20-21119,,Sikorsky UH-60M Black Hawk,H60,Mil,tar1090-db import,,,,
AE6A2A,20-21120,,Sikorsky UH-60M Black Hawk,H60,Mil,tar1090-db import,,,,
AE6A2B,20-21121,,Sikorsky HH-60M Black Hawk,H60,Mil,tar1090-db import,,,,
AE6A2C,20-21122,,Sikorsky HH-60M Black Hawk,H60,Mil,tar1090-db import,,,,
AE6A2D,20-21123,,Sikorsky HH-60M Black Hawk,H60,Mil,tar1090-db import,,,,
AE6A2E,20-21124,,Sikorsky HH-60M Black Hawk,H60,Mil,tar1090-db import,,,,
AE6A2F,20-21125,,Sikorsky HH-60M Black Hawk,H60,Mil,tar1090-db import,,,,
AE6A30,20-21126,,Sikorsky HH-60M Black Hawk,H60,Mil,tar1090-db import,,,,
AE6A31,20-21127,,Sikorsky HH-60M Black Hawk,H60,Mil,tar1090-db import,,,,
AE6A32,20-21128,,Sikorsky HH-60M Black Hawk,H60,Mil,tar1090-db import,,,,
AE6A33,20-21129,,Sikorsky HH-60M Black Hawk,H60,Mil,tar1090-db import,,,,
AE6A34,20-21130,,Sikorsky HH-60M Black Hawk,H60,Mil,tar1090-db import,,,,
AE6A35,20-21131,,Sikorsky HH-60M Black Hawk,H60,Mil,tar1090-db import,,,,
AE6A36,20-21132,,Sikorsky HH-60M Black Hawk,H60,Mil,tar1090-db import,,,,
AE6A37,20-21133,,Sikorsky HH-60M Black Hawk,H60,Mil,tar1090-db import,,,,
AE6A38,20-21134,,Sikorsky HH-60M Black Hawk,H60,Mil,tar1090-db import,,,,
AE6A39,20-21135,,Sikorsky HH-60M Black Hawk,H60,Mil,tar1090-db import,,,,
AE6A43,19-03250,,MCDONNELL DOUGLAS AH-64 Apache,H64,Mil,tar1090-db import,,,,
AE6A44,19-03251,,H64,H64,Mil,tar1090-db import,,,,
AE6A45,19-03252,,H64,H64,Mil,tar1090-db import,,,,
AE6A46,19-03253,,MCDONNELL DOUGLAS AH-64 Apache,H64,Mil,tar1090-db import,,,,
AE6A47,19-03254,,Boeing AH-64E Apache,H64,Mil,tar1090-db import,,,,
AE6A48,19-03255,,H64,H64,Mil,tar1090-db import,,,,
AE6A49,19-03256,,H64,H64,Mil,tar1090-db import,,,,
AE6A4A,19-03257,,H64,H64,Mil,tar1090-db import,,,,
AE6A4B,19-03258,,H64,H64,Mil,tar1090-db import,,,,
AE6A4C,19-03259,,H64,H64,Mil,tar1090-db import,,,,
AE6A4D,19-03260,,MCDONNELL DOUGLAS AH-64 Apache,H64,Mil,tar1090-db import,,,,
AE6A4E,19-03261,,H64,H64,Mil,tar1090-db import,,,,
AE6A4F,19-03262,,MCDONNELL DOUGLAS AH-64 Apache,H64,Mil,tar1090-db import,,,,
AE6A50,19-03263,,H64,H64,Mil,tar1090-db import,,,,
AE6A51,19-03264,,H64,H64,Mil,tar1090-db import,,,,
AE6A52,19-03265,,H64,H64,Mil,tar1090-db import,,,,
AE6A53,19-03266,,H64,H64,Mil,tar1090-db import,,,,
AE6A54,19-03267,,MCDONNELL DOUGLAS AH-64 Apache,H64,Mil,tar1090-db import,,,,
AE6A56,19-03269,,H64,H64,Mil,tar1090-db import,,,,
AE6A57,19-03270,,H64,H64,Mil,tar1090-db import,,,,
AE6A58,19-03271,,MCDONNELL DOUGLAS AH-64 Apache,H64,Mil,tar1090-db import,,,,
AE6A59,19-03272,,MCDONNELL DOUGLAS AH-64 Apache,H64,Mil,tar1090-db import,,,,
AE6A6A,19-5473,,F35,F35,Mil,tar1090-db import,,,,
AE6A6E,20-1101,,BEECHCRAFT T-6 Texan 2,TEX2,Mil,tar1090-db import,,,,
AE6A6F,20-1102,,BEECHCRAFT T-6 Texan 2,TEX2,Mil,tar1090-db import,,,,
AE6A70,20-2101,,Embraer A-29B Super Tucano,E314,Mil,tar1090-db import,,,,
AE6A71,20-2102,,Embraer A-29B Super Tucano,E314,Mil,tar1090-db import,,,,
AE6A72,19-21096,,SIKORSKY UH-60 Black Hawk,H60,Mil,tar1090-db import,,,,
AE6A73,19-21097,,SIKORSKY UH-60 Black Hawk,H60,Mil,tar1090-db import,,,,
AE6A74,19-21098,,SIKORSKY UH-60 Black Hawk,H60,Mil,tar1090-db import,,,,
AE6A75,19-21099,,SIKORSKY UH-60 Black Hawk,H60,Mil,tar1090-db import,,,,
AE6A7A,20-21140,,Sikorsky UH-60M Black Hawk,H60,Mil,tar1090-db import,,,,
AE6A7C,20-21142,,Sikorsky UH-60M Black Hawk,H60,Mil,tar1090-db import,,,,
AE6A7E,20-21144,,Sikorsky UH-60M Black Hawk,H60,Mil,tar1090-db import,,,,
AE6A7F,20-21145,,Sikorsky UH-60M Black Hawk,H60,Mil,tar1090-db import,,,,
AE6A80,20-21146,,Sikorsky UH-60M Black Hawk,H60,Mil,tar1090-db import,,,,
AE6A81,20-21147,,Sikorsky UH-60M Black Hawk,H60,Mil,tar1090-db import,,,,
AE6A82,20-21148,,Sikorsky UH-60M Black Hawk,H60,Mil,tar1090-db import,,,,
AE6A83,20-21149,,Sikorsky UH-60M Black Hawk,H60,Mil,tar1090-db import,,,,
AE6A84,20-21150,,Sikorsky UH-60M Black Hawk,H60,Mil,tar1090-db import,,,,
AE6A86,20-21152,,Sikorsky UH-60M Black Hawk,H60,Mil,tar1090-db import,,,,
AE6A87,20-21153,,Sikorsky UH-60M Black Hawk,H60,Mil,tar1090-db import,,,,
AE6A88,20-21154,,Sikorsky UH-60M Black Hawk,H60,Mil,tar1090-db import,,,,
AE6A89,20-21155,,Sikorsky UH-60M Black Hawk,H60,Mil,tar1090-db import,,,,
AE6A8A,20-21156,,Sikorsky UH-60M Black Hawk,H60,Mil,tar1090-db import,,,,
AE6A8B,20-21157,,Sikorsky UH-60M Black Hawk,H60,Mil,tar1090-db import,,,,
AE6A8D,20-21159,,Sikorsky UH-60M Black Hawk,H60,Mil,tar1090-db import,,,,
AE6A8E,20-21160,,Sikorsky UH-60M Black Hawk,H60,Mil,tar1090-db import,,,,
AE6A8F,20-21161,,Sikorsky UH-60M Black Hawk,H60,Mil,tar1090-db import,,,,
AE6A91,20-21163,,Sikorsky UH-60M Black Hawk,H60,Mil,tar1090-db import,,,,
AE6A92,20-21164,,Sikorsky UH-60M Black Hawk,H60,Mil,tar1090-db import,,,,
AE6A93,20-21165,,Sikorsky UH-60M Black Hawk,H60,Mil,tar1090-db import,,,,
AE6A94,20-21166,,Sikorsky UH-60M Black Hawk,H60,Mil,tar1090-db import,,,,
AE6A95,20-21167,,Sikorsky UH-60M Black Hawk,H60,Mil,tar1090-db import,,,,
AE6A96,20-21168,,Sikorsky UH-60M Black Hawk,H60,Mil,tar1090-db import,,,,
AE6A97,20-21169,,Sikorsky UH-60M Black Hawk,H60,Mil,tar1090-db import,,,,
AE6A98,20-21170,,Sikorsky UH-60M Black Hawk,H60,Mil,tar1090-db import,,,,
AE6A9A,20-21172,,Sikorsky UH-60M Black Hawk,H60,Mil,tar1090-db import,,,,
AE6A9B,20-21173,,Sikorsky UH-60M Black Hawk,H60,Mil,tar1090-db import,,,,
AE6AB4,168713,,V22,V22,Mil,tar1090-db import,,,,
AE6AB5,168714,,V22,V22,Mil,tar1090-db import,,,,
AE6AB8,170001,,SIKORSKY CH-53 Super Stallion,H53S,Mil,tar1090-db import,,,,
AE6ABB,170004,,H53S,H53S,Mil,tar1090-db import,,,,
AE6ABC,170005,,SIKORSKY CH-53 Super Stallion,H53S,Mil,tar1090-db import,,,,
AE6ABD,170006,,SIKORSKY CH-53 Super Stallion,H53S,Mil,tar1090-db import,,,,
AE6ABF,170008,,SIKORSKY CH-53 Super Stallion,H53S,Mil,tar1090-db import,,,,
AE6AC0,170009,,SIKORSKY CH-53 Super Stallion,H53S,Mil,tar1090-db import,,,,
AE6AC1,170010,,SIKORSKY CH-53 Super Stallion,H53S,Mil,tar1090-db import,,,,
AE6AC2,170011,,SIKORSKY CH-53 Super Stallion,H53S,Mil,tar1090-db import,,,,
AE6AC3,170012,,SIKORSKY CH-53 Super Stallion,H53S,Mil,tar1090-db import,,,,
AE6B00,20-5570,,F35,F35,Mil,tar1090-db import,,,,
AE6B7C,19-03274,,MCDONNELL DOUGLAS AH-64 Apache,H64,Mil,tar1090-db import,,,,
AE6B7D,19-03275,,H64,H64,Mil,tar1090-db import,,,,
AE6B81,19-03279,,Boeing AH-64E Apache,H64,Mil,tar1090-db import,,,,
AE6B83,19-03298,,MCDONNELL DOUGLAS AH-64 Apache,H64,Mil,tar1090-db import,,,,
AE6B86,09-05674,,MCDONNELL DOUGLAS AH-64 Apache,H64,Mil,tar1090-db import,,,,
AE6B87,09-05687,,MCDONNELL DOUGLAS AH-64 Apache,H64,Mil,tar1090-db import,,,,
AE6B8A,19-03281,,MCDONNELL DOUGLAS AH-64 Apache,H64,Mil,tar1090-db import,,,,
AE6B8C,19-03283,,MCDONNELL DOUGLAS AH-64 Apache,H64,Mil,tar1090-db import,,,,
AE6B90,19-03288,,Boeing AH-64E Apache,H64,Mil,tar1090-db import,,,,
AE6B91,19-03289,,MCDONNELL DOUGLAS AH-64 Apache,H64,Mil,tar1090-db import,,,,
AE6B92,19-03300,,MCDONNELL DOUGLAS AH-64 Apache,H64,Mil,tar1090-db import,,,,
AE6BC7,13-20583,,SIKORSKY UH-60 Black Hawk,H60,Mil,tar1090-db import,,,,
AE6BC8,13-20590,,SIKORSKY UH-60 Black Hawk,H60,Mil,tar1090-db import,,,,
AE6BC9,13-20638,,SIKORSKY UH-60 Black Hawk,H60,Mil,tar1090-db import,,,,
AE6BCA,12-20543,,SIKORSKY UH-60 Black Hawk,H60,Mil,tar1090-db import,,,,
AE6BCB,19-21095,,SIKORSKY UH-60 Black Hawk,H60,Mil,tar1090-db import,,,,
AE6BCD,20-2103,,EMBRAER EMB-314 Super Tucano,E314,Mil,tar1090-db import,,,,
AE6BD5,85-0069,,ROCKWELL B-1 Lancer,B1,Mil,tar1090-db import,,,,
AE6BE6,86-0095,,B1,B1,Mil,tar1090-db import,,,,
AE6C0C,19-5922,,Lockheed Martin MC-130J Commando II,C30J,Mil,tar1090-db import,,,,
AE6C10,20-5933,,Lockheed Martin MC-130J Commando II,C30J,Mil,tar1090-db import,,,,
AE6C14,170272,,Lockheed Martin KC-130J Hercules,C30J,Mil,tar1090-db import,,,,
AE6C15,170273,,Lockheed Martin KC-130J Hercules,C30J,Mil,tar1090-db import,,,,
AE6C1C,170280,,LOCKHEED MARTIN C-130J Super Hercules,C30J,Mil,tar1090-db import,,,,
AE6C1D,170281,,LOCKHEED MARTIN C-130J Super Hercules,C30J,Mil,tar1090-db import,,,,
AE6C1F,170283,,LOCKHEED MARTIN C-130J Super Hercules,C30J,Mil,tar1090-db import,,,,
AE6C20,170284,,LOCKHEED MARTIN C-130J Super Hercules,C30J,Mil,tar1090-db import,,,,
AE6C21,170285,,LOCKHEED MARTIN C-130J Super Hercules,C30J,Mil,tar1090-db import,,,,
AE6C22,170286,,LOCKHEED MARTIN C-130J Super Hercules,C30J,Mil,tar1090-db import,,,,
AE6C23,170287,,LOCKHEED MARTIN C-130J Super Hercules,C30J,Mil,tar1090-db import,,,,
AE6C24,170288,,LOCKHEED MARTIN C-130J Super Hercules,C30J,Mil,tar1090-db import,,,,
AE6C25,170289,,LOCKHEED MARTIN C-130J Super Hercules,C30J,Mil,tar1090-db import,,,,
AE6C26,170290,,LOCKHEED MARTIN C-130J Super Hercules,C30J,Mil,tar1090-db import,,,,
AE6C2D,19-03299,,Boeing AH-64E Apache,H64,Mil,tar1090-db import,,,,
AE6C2E,19-03300,,H64,H64,Mil,tar1090-db import,,,,
AE6C2F,19-03301,,H64,H64,Mil,tar1090-db import,,,,
AE6C30,20-03303,,MCDONNELL DOUGLAS AH-64 Apache,H64,Mil,tar1090-db import,,,,
AE6C33,18-02909,,BOEING-VERTOL CH-47 Chinook,H47,Mil,tar1090-db import,,,,
AE6C34,18-02910,,BOEING-VERTOL CH-47 Chinook,H47,Mil,tar1090-db import,,,,
AE6C39,20-0001,,F15,F15,Mil,tar1090-db import,,,,
AE6C3A,20-0002,,F15,F15,Mil,tar1090-db import,,,,
AE6C3B,20-0003,,MCDONNELL-DOUGLAS F-15 Eagle,F15,Mil,tar1090-db import,,,,
AE6C3C,20-0004,,F15,F15,Mil,tar1090-db import,,,,
AE6C3D,20-0005,,F15,F15,Mil,tar1090-db import,,,,
AE6C3E,20-0006,,F15,F15,Mil,tar1090-db import,,,,
AE6C3F,20-0007,,F15,F15,Mil,tar1090-db import,,,,
AE6C40,20-0008,,F15,F15,Mil,tar1090-db import,,,,
AE6C41,14-14480,,Sikorsky HH-60W Jolly Green II,H60,Mil,tar1090-db import,,,,
AE6C42,14-14481,,Sikorsky HH-60W Jolly Green II,H60,Mil,tar1090-db import,,,,
AE6C43,14-14482,,Sikorsky HH-60W Jolly Green II,H60,Mil,tar1090-db import,,,,
AE6C45,14-14484,,Sikorsky HH-60W Jolly Green II,H60,Mil,tar1090-db import,,,,
AE6C46,17-14485,,Sikorsky HH-60W Jolly Green II,H60,Mil,tar1090-db import,,,,
AE6C47,17-14486,,Sikorsky HH-60W Jolly Green II,H60,Mil,tar1090-db import,,,,
AE6C48,17-14487,,Sikorsky HH-60W Jolly Green II,H60,Mil,tar1090-db import,,,,
AE6C49,17-14488,,Sikorsky HH-60W Jolly Green II,H60,Mil,tar1090-db import,,,,
AE6C4A,17-14489,,Sikorsky HH-60W Jolly Green II,H60,Mil,tar1090-db import,,,,
AE6C4B,21-21210,,H60,H60,Mil,tar1090-db import,,,,
AE6C4F,20-03305,,MCDONNELL DOUGLAS AH-64 Apache,H64,Mil,tar1090-db import,,,,
AE6C53,20-03309,,MCDONNELL DOUGLAS AH-64 Apache,H64,Mil,tar1090-db import,,,,
AE6C54,20-03310,,MCDONNELL DOUGLAS AH-64 Apache,H64,Mil,tar1090-db import,,,,
AE6C55,20-03311,,MCDONNELL DOUGLAS AH-64 Apache,H64,Mil,tar1090-db import,,,,
AE6C56,20-03312,,MCDONNELL DOUGLAS AH-64 Apache,H64,Mil,tar1090-db import,,,,
AE6C57,20-03313,,MCDONNELL DOUGLAS AH-64 Apache,H64,Mil,tar1090-db import,,,,
AE6C58,20-03314,,MCDONNELL DOUGLAS AH-64 Apache,H64,Mil,tar1090-db import,,,,
AE6C59,20-03315,,MCDONNELL DOUGLAS AH-64 Apache,H64,Mil,tar1090-db import,,,,
AE6C5A,20-03316,,MCDONNELL DOUGLAS AH-64 Apache,H64,Mil,tar1090-db import,,,,
AE6C5B,20-03317,,MCDONNELL DOUGLAS AH-64 Apache,H64,Mil,tar1090-db import,,,,
AE6C5C,20-03318,,MCDONNELL DOUGLAS AH-64 Apache,H64,Mil,tar1090-db import,,,,
AE6C5D,20-03319,,MCDONNELL DOUGLAS AH-64 Apache,H64,Mil,tar1090-db import,,,,
AE6C5E,20-03320,,MCDONNELL DOUGLAS AH-64 Apache,H64,Mil,tar1090-db import,,,,
AE6C5F,20-03321,,MCDONNELL DOUGLAS AH-64 Apache,H64,Mil,tar1090-db import,,,,
AE6C60,20-03322,,MCDONNELL DOUGLAS AH-64 Apache,H64,Mil,tar1090-db import,,,,
AE6C61,20-03323,,MCDONNELL DOUGLAS AH-64 Apache,H64,Mil,tar1090-db import,,,,
AE6C62,20-03324,,MCDONNELL DOUGLAS AH-64 Apache,H64,Mil,tar1090-db import,,,,
AE6C63,20-03325,,MCDONNELL DOUGLAS AH-64 Apache,H64,Mil,tar1090-db import,,,,
AE6C64,20-03326,,MCDONNELL DOUGLAS AH-64 Apache,H64,Mil,tar1090-db import,,,,
AE6C65,20-21174,,Sikorsky UH-60M Black Hawk,H60,Mil,tar1090-db import,,,,
AE6C66,20-21175,,Sikorsky UH-60M Black Hawk,H60,Mil,tar1090-db import,,,,
AE6C67,20-21176,,Sikorsky UH-60M Black Hawk,H60,Mil,tar1090-db import,,,,
AE6C68,20-21177,,Sikorsky UH-60M Black Hawk,H60,Mil,tar1090-db import,,,,
AE6C69,20-21178,,Sikorsky UH-60M Black Hawk,H60,Mil,tar1090-db import,,,,
AE6C6A,20-21179,,Sikorsky UH-60M Black Hawk,H60,Mil,tar1090-db import,,,,
AE6C6B,20-21180,,Sikorsky UH-60M Black Hawk,H60,Mil,tar1090-db import,,,,
AE6C6C,20-21181,,Sikorsky UH-60M Black Hawk,H60,Mil,tar1090-db import,,,,
AE6C6D,20-21182,,Sikorsky UH-60M Black Hawk,H60,Mil,tar1090-db import,,,,
AE6C6E,20-21183,,Sikorsky UH-60M Black Hawk,H60,Mil,tar1090-db import,,,,
AE6C6F,20-21184,,Sikorsky UH-60M Black Hawk,H60,Mil,tar1090-db import,,,,
AE6C70,20-21185,,Sikorsky UH-60M Black Hawk,H60,Mil,tar1090-db import,,,,
AE6C71,20-21186,,Sikorsky UH-60M Black Hawk,H60,Mil,tar1090-db import,,,,
AE6C72,20-21187,,Sikorsky UH-60M Black Hawk,H60,Mil,tar1090-db import,,,,
AE6C73,21-21188,,Sikorsky UH-60M Black Hawk,H60,Mil,tar1090-db import,,,,
AE6C75,21-21190,,Sikorsky UH-60M Black Hawk,H60,Mil,tar1090-db import,,,,
AE6C76,21-21191,,Sikorsky UH-60M Black Hawk,H60,Mil,tar1090-db import,,,,
AE6C77,21-21192,,Sikorsky UH-60M Black Hawk,H60,Mil,tar1090-db import,,,,
AE6C78,21-21193,,Sikorsky UH-60M Black Hawk,H60,Mil,tar1090-db import,,,,
AE6C79,21-21194,,Sikorsky UH-60M Black Hawk,H60,Mil,tar1090-db import,,,,
AE6C7A,20-21195,,SIKORSKY UH-60 Black Hawk,H60,Mil,tar1090-db import,,,,
AE6C7C,21-21197,,Sikorsky HH-60M Black Hawk,H60,Mil,tar1090-db import,,,,
AE6C7D,21-21198,,Sikorsky HH-60M Black Hawk,H60,Mil,tar1090-db import,,,,
AE6C7E,21-21199,,Sikorsky HH-60M Black Hawk,H60,Mil,tar1090-db import,,,,
AE6C7F,21-21200,,Sikorsky HH-60M Black Hawk,H60,Mil,tar1090-db import,,,,
AE6C80,21-21201,,Sikorsky HH-60M Black Hawk,H60,Mil,tar1090-db import,,,,
AE6C81,21-21202,,Sikorsky HH-60M Black Hawk,H60,Mil,tar1090-db import,,,,
AE6C83,21-21204,,Sikorsky HH-60M Black Hawk,H60,Mil,tar1090-db import,,,,
AE6C85,21-21206,,Sikorsky HH-60M Black Hawk,H60,Mil,tar1090-db import,,,,
AE6C86,21-21207,,Sikorsky HH-60M Black Hawk,H60,Mil,tar1090-db import,,,,
AE6C87,21-21208,,Sikorsky HH-60M Black Hawk,H60,Mil,tar1090-db import,,,,
AE6C88,21-21209,,Sikorsky HH-60M Black Hawk,H60,Mil,tar1090-db import,,,,
AE6CA1,20-03328,,H64,H64,Mil,tar1090-db import,,,,
AE6CA3,20-03332,,H64,H64,Mil,tar1090-db import,,,,
AE6CA4,22563,,BEECH 200 Super King Air,BE20,Mil,tar1090-db import,,,,
AE6CA5,23133,,BEECH 200 Super King Air,BE20,Mil,tar1090-db import,,,,
AE6CA6,60-0034,,B52,B52,Mil,tar1090-db import,,,,
AE6CA7,20-03327,,MCDONNELL DOUGLAS AH-64 Apache,H64,Mil,tar1090-db import,,,,
AE6CA8,20-03328,,MCDONNELL DOUGLAS AH-64 Apache,H64,Mil,tar1090-db import,,,,
AE6CA9,20-03329,,MCDONNELL DOUGLAS AH-64 Apache,H64,Mil,tar1090-db import,,,,
AE6CAA,20-03330,,MCDONNELL DOUGLAS AH-64 Apache,H64,Mil,tar1090-db import,,,,
AE6CAB,20-03331,,MCDONNELL DOUGLAS AH-64 Apache,H64,Mil,tar1090-db import,,,,
AE6CAC,20-03332,,MCDONNELL DOUGLAS AH-64 Apache,H64,Mil,tar1090-db import,,,,
AE6CAD,20-03333,,MCDONNELL DOUGLAS AH-64 Apache,H64,Mil,tar1090-db import,,,,
AE6CAE,20-03334,,MCDONNELL DOUGLAS AH-64 Apache,H64,Mil,tar1090-db import,,,,
AE6CAF,20-03335,,MCDONNELL DOUGLAS AH-64 Apache,H64,Mil,tar1090-db import,,,,
AE6CB0,20-03336,,MCDONNELL DOUGLAS AH-64 Apache,H64,Mil,tar1090-db import,,,,
AE6CB1,20-03337,,MCDONNELL DOUGLAS AH-64 Apache,H64,Mil,tar1090-db import,,,,
AE6CB2,20-03338,,MCDONNELL DOUGLAS AH-64 Apache,H64,Mil,tar1090-db import,,,,
AE6CB3,20-03339,,MCDONNELL DOUGLAS AH-64 Apache,H64,Mil,tar1090-db import,,,,
AE6CB4,20-03340,,MCDONNELL DOUGLAS AH-64 Apache,H64,Mil,tar1090-db import,,,,
AE6CB5,20-03341,,MCDONNELL DOUGLAS AH-64 Apache,H64,Mil,tar1090-db import,,,,
AE6CB6,20-03342,,MCDONNELL DOUGLAS AH-64 Apache,H64,Mil,tar1090-db import,,,,
AE6CB7,20-03343,,MCDONNELL DOUGLAS AH-64 Apache,H64,Mil,tar1090-db import,,,,
AE6CB8,20-03344,,MCDONNELL DOUGLAS AH-64 Apache,H64,Mil,tar1090-db import,,,,
AE6CB9,20-03345,,MCDONNELL DOUGLAS AH-64 Apache,H64,Mil,tar1090-db import,,,,
AE6CBA,20-03346,,MCDONNELL DOUGLAS AH-64 Apache,H64,Mil,tar1090-db import,,,,
AE6CBB,20-03347,,MCDONNELL DOUGLAS AH-64 Apache,H64,Mil,tar1090-db import,,,,
AE6CBC,20-03348,,MCDONNELL DOUGLAS AH-64 Apache,H64,Mil,tar1090-db import,,,,
AE6CBD,20-03349,,MCDONNELL DOUGLAS AH-64 Apache,H64,Mil,tar1090-db import,,,,
AE6CBE,20-03350,,MCDONNELL DOUGLAS AH-64 Apache,H64,Mil,tar1090-db import,,,,
AE6CC0,20-03352,,MCDONNELL DOUGLAS AH-64 Apache,H64,Mil,tar1090-db import,,,,
AE6CC1,20-03353,,MCDONNELL DOUGLAS AH-64 Apache,H64,Mil,tar1090-db import,,,,
AE6CC2,20-03354,,MCDONNELL DOUGLAS AH-64 Apache,H64,Mil,tar1090-db import,,,,
AE6CC3,20-03355,,MCDONNELL DOUGLAS AH-64 Apache,H64,Mil,tar1090-db import,,,,
AE6CC4,20-03356,,MCDONNELL DOUGLAS AH-64 Apache,H64,Mil,tar1090-db import,,,,
AE6CC5,20-03357,,MCDONNELL DOUGLAS AH-64 Apache,H64,Mil,tar1090-db import,,,,
AE6CC6,20-03358,,MCDONNELL DOUGLAS AH-64 Apache,H64,Mil,tar1090-db import,,,,
AE6CC7,20-03359,,MCDONNELL DOUGLAS AH-64 Apache,H64,Mil,tar1090-db import,,,,
AE6CC8,20-03360,,MCDONNELL DOUGLAS AH-64 Apache,H64,Mil,tar1090-db import,,,,
AE6CC9,20-03361,,MCDONNELL DOUGLAS AH-64 Apache,H64,Mil,tar1090-db import,,,,
AE6CCA,20-03362,,MCDONNELL DOUGLAS AH-64 Apache,H64,Mil,tar1090-db import,,,,
AE6CCB,20-03363,,MCDONNELL DOUGLAS AH-64 Apache,H64,Mil,tar1090-db import,,,,
AE6CCC,20-03364,,MCDONNELL DOUGLAS AH-64 Apache,H64,Mil,tar1090-db import,,,,
AE6CCD,20-03365,,MCDONNELL DOUGLAS AH-64 Apache,H64,Mil,tar1090-db import,,,,
AE6CCE,12-09034,,MCDONNELL DOUGLAS AH-64 Apache,H64,Mil,tar1090-db import,,,,
AE6CCF,12-09036,,MCDONNELL DOUGLAS AH-64 Apache,H64,Mil,tar1090-db import,,,,
AE6CD2,17-03167,,MCDONNELL DOUGLAS AH-64 Apache,H64,Mil,tar1090-db import,,,,
AE6CD6,19-03286,,MCDONNELL DOUGLAS AH-64 Apache,H64,Mil,tar1090-db import,,,,
AE6CD7,19-03287,,MCDONNELL DOUGLAS AH-64 Apache,H64,Mil,tar1090-db import,,,,
AE6CDB,18-03224,,MCDONNELL DOUGLAS AH-64 Apache,H64,Mil,tar1090-db import,,,,
AE6CDD,19-03273,,MCDONNELL DOUGLAS AH-64 Apache,H64,Mil,tar1090-db import,,,,
AE6CDE,19-03276,,MCDONNELL DOUGLAS AH-64 Apache,H64,Mil,tar1090-db import,,,,
AE6CDF,19-03277,,MCDONNELL DOUGLAS AH-64 Apache,H64,Mil,tar1090-db import,,,,
AE6CE2,18-03230,,H64,H64,Mil,tar1090-db import,,,,
AE6CE4,19-03278,,MCDONNELL DOUGLAS AH-64 Apache,H64,Mil,tar1090-db import,,,,
AE6CE9,6055,,SIKORSKY UH-60 Black Hawk,H60,Mil,tar1090-db import,,,,
AE6CEB,6056,,SIKORSKY UH-60 Black Hawk,H60,Mil,tar1090-db import,,,,
AE6CEC,6058,,SIKORSKY UH-60 Black Hawk,H60,Mil,tar1090-db import,,,,
AE6CED,6059,,SIKORSKY UH-60 Black Hawk,H60,Mil,tar1090-db import,,,,
AE6CEE,6060,,SIKORSKY UH-60 Black Hawk,H60,Mil,tar1090-db import,,,,
AE6CEF,6061,,SIKORSKY UH-60 Black Hawk,H60,Mil,tar1090-db import,,,,
AE6CF0,6062,,SIKORSKY UH-60 Black Hawk,H60,Mil,tar1090-db import,,,,
AE6CF3,18-02911,,BOEING-VERTOL CH-47 Chinook,H47,Mil,tar1090-db import,,,,
AE6CF4,18-02912,,BOEING-VERTOL CH-47 Chinook,H47,Mil,tar1090-db import,,,,
AE6CF5,19-02913,,BOEING-VERTOL CH-47 Chinook,H47,Mil,tar1090-db import,,,,
AE6CF6,19-02914,,BOEING-VERTOL CH-47 Chinook,H47,Mil,tar1090-db import,,,,
AE6CF7,19-02915,,BOEING-VERTOL CH-47 Chinook,H47,Mil,tar1090-db import,,,,
AE6CF8,19-02916,,BOEING-VERTOL CH-47 Chinook,H47,Mil,tar1090-db import,,,,
AE6CFA,19-02918,,BOEING-VERTOL CH-47 Chinook,H47,Mil,tar1090-db import,,,,
AE6CFB,19-02919,,BOEING-VERTOL CH-47 Chinook,H47,Mil,tar1090-db import,,,,
AE6CFC,20-02920,,BOEING-VERTOL CH-47 Chinook,H47,Mil,tar1090-db import,,,,
AE6CFD,20-02921,,BOEING-VERTOL CH-47 Chinook,H47,Mil,tar1090-db import,,,,
AE6CFE,20-02922,,BOEING-VERTOL CH-47 Chinook,H47,Mil,tar1090-db import,,,,
AE6CFF,20-02923,,BOEING-VERTOL CH-47 Chinook,H47,Mil,tar1090-db import,,,,
AE6D00,20-02924,,BOEING-VERTOL CH-47 Chinook,H47,Mil,tar1090-db import,,,,
AE6D01,20-02925,,BOEING-VERTOL CH-47 Chinook,H47,Mil,tar1090-db import,,,,
AE6D02,20-02926,,BOEING-VERTOL CH-47 Chinook,H47,Mil,tar1090-db import,,,,
AE6D03,21-02927,,BOEING-VERTOL CH-47 Chinook,H47,Mil,tar1090-db import,,,,
AE6D04,21-02928,,H47,H47,Mil,tar1090-db import,,,,
AE6D05,21-02929,,BOEING-VERTOL CH-47 Chinook,H47,Mil,tar1090-db import,,,,
AE6D06,21-02930,,BOEING-VERTOL CH-47 Chinook,H47,Mil,tar1090-db import,,,,
AE6D07,21-02931,,BOEING-VERTOL CH-47 Chinook,H47,Mil,tar1090-db import,,,,
AE6D08,21-02932,,BOEING-VERTOL CH-47 Chinook,H47,Mil,tar1090-db import,,,,
AE6D09,21-02933,,BOEING-VERTOL CH-47 Chinook,H47,Mil,tar1090-db import,,,,
AE6D0A,22-02934,,BOEING-VERTOL CH-47 Chinook,H47,Mil,tar1090-db import,,,,
AE6D0B,22-02935,,BOEING-VERTOL CH-47 Chinook,H47,Mil,tar1090-db import,,,,
AE6D0C,22-02936,,H47,H47,Mil,tar1090-db import,,,,
AE6D0D,22-02937,,BOEING-VERTOL CH-47 Chinook,H47,Mil,tar1090-db import,,,,
AE6D0E,22-02938,,BOEING-VERTOL CH-47 Chinook,H47,Mil,tar1090-db import,,,,
AE6D0F,22-02939,,H47,H47,Mil,tar1090-db import,,,,
AE6D10,22-02940,,H47,H47,Mil,tar1090-db import,,,,
AE6D19,19-5476,,F35,F35,Mil,tar1090-db import,,,,
AE6D30,20-02162,,Q1,Q1,Mil,tar1090-db import,,,,
AE6D31,20-02163,,Q1,Q1,Mil,tar1090-db import,,,,
AE6D32,20-02164,,Q1,Q1,Mil,tar1090-db import,,,,
AE6D34,20-02166,,Q1,Q1,Mil,tar1090-db import,,,,
AE6D35,20-02167,,Q1,Q1,Mil,tar1090-db import,,,,
AE6D36,20-02168,,Q1,Q1,Mil,tar1090-db import,,,,
AE6D37,20-02269,,Q1,Q1,Mil,tar1090-db import,,,,
AE6D38,20-02170,,Q1,Q1,Mil,tar1090-db import,,,,
AE6D3C,170138,,AgustaWestland TH-73A Thrasher,A119,Mil,tar1090-db import,,,,
AE6D3F,170141,,AGUSTA AW-119 Koala,A119,Mil,tar1090-db import,,,,
AE6D43,170145,,AgustaWestland TH-73A Thrasher,A119,Mil,tar1090-db import,,,,
AE6D44,170146,,AGUSTA AW-119 Koala,A119,Mil,tar1090-db import,,,,
AE6D45,170147,,AGUSTA AW-119 Koala,A119,Mil,tar1090-db import,,,,
AE6D48,170150,,AGUSTA AW-119 Koala,A119,Mil,tar1090-db import,,,,
AE6D4B,170153,,AGUSTA AW-119 Koala,A119,Mil,tar1090-db import,,,,
AE6D4D,170155,,AGUSTA AW-119 Koala,A119,Mil,tar1090-db import,,,,
AE6D52,170160,,A119,A119,Mil,tar1090-db import,,,,
AE6D53,170161,,AgustaWestland TH-73A Thrasher,A119,Mil,tar1090-db import,,,,
AE6D56,170164,,AgustaWestland TH-73A Thrasher,A119,Mil,tar1090-db import,,,,
AE6D5E,21-21211,,H60,H60,Mil,tar1090-db import,,,,
AE6D5F,21-21212,,Sikorsky HH-60M Black Hawk,H60,Mil,tar1090-db import,,,,
AE6D60,21-21213,,Sikorsky HH-60M Black Hawk,H60,Mil,tar1090-db import,,,,
AE6D63,08-07051,,MCDONNELL DOUGLAS AH-64 Apache,H64,Mil,tar1090-db import,,,,
AE6D67,11-09017,,MCDONNELL DOUGLAS AH-64 Apache,H64,Mil,tar1090-db import,,,,
AE6D68,11-09018,,MCDONNELL DOUGLAS AH-64 Apache,H64,Mil,tar1090-db import,,,,
AE6D69,11-09019,,H64,H64,Mil,tar1090-db import,,,,
AE6D6A,11-09020,,MCDONNELL DOUGLAS AH-64 Apache,H64,Mil,tar1090-db import,,,,
AE6D6C,19-03255,,MCDONNELL DOUGLAS AH-64 Apache,H64,Mil,tar1090-db import,,,,
AE6D6D,19-03284,,MCDONNELL DOUGLAS AH-64 Apache,H64,Mil,tar1090-db import,,,,
AE6D6F,19-03291,,MCDONNELL DOUGLAS AH-64 Apache,H64,Mil,tar1090-db import,,,,
AE6D70,19-03292,,MCDONNELL DOUGLAS AH-64 Apache,H64,Mil,tar1090-db import,,,,
AE6D72,19-03296,,MCDONNELL DOUGLAS AH-64 Apache,H64,Mil,tar1090-db import,,,,
AE6D73,19-03297,,MCDONNELL DOUGLAS AH-64 Apache,H64,Mil,tar1090-db import,,,,
AE6D74,21-7001,,BOEING T-7 Red Hawk,BT7,Mil,tar1090-db import,,,,
AE6D76,21-7003,,BOEING T-7 Red Hawk,BT7,Mil,tar1090-db import,,,,
AE6D77,21-7004,,BOEING T-7 Red Hawk,BT7,Mil,tar1090-db import,,,,
AE6D78,21-7005,,BOEING T-7 Red Hawk,BT7,Mil,tar1090-db import,,,,
AE6D79,20-5939,,Lockheed Martin MC-130J Commando II,C30J,Mil,tar1090-db import,,,,
AE6D7C,20-5946,,Lockheed Martin MC-130J Commando II,C30J,Mil,tar1090-db import,,,,
AE6D82,20-5961,,LOCKHEED MARTIN C-130J Super Hercules,C30J,Mil,tar1090-db import,,,,
AE6D84,21-5973,,LOCKHEED MARTIN C-130J Super Hercules,C30J,Mil,tar1090-db import,,,,
AE6D86,21-5981,,LOCKHEED MARTIN C-130J Super Hercules,C30J,Mil,tar1090-db import,,,,
AE6D87,22-5985,,LOCKHEED MARTIN C-130J Super Hercules,C30J,Mil,tar1090-db import,,,,
AE6D88,22-5989,,LOCKHEED MARTIN C-130J Super Hercules,C30J,Mil,tar1090-db import,,,,
AE6D89,22-5993,,LOCKHEED MARTIN C-130J Super Hercules,C30J,Mil,tar1090-db import,,,,
AE6D8A,22-5994,,LOCKHEED MARTIN C-130J Super Hercules,C30J,Mil,tar1090-db import,,,,
AE6D8B,169953,,F18S,F18S,Mil,tar1090-db import,,,,
AE6D8C,169954,,F18S,F18S,Mil,tar1090-db import,,,,
AE6D8D,169955,,F18S,F18S,Mil,tar1090-db import,,,,
AE6D8E,169956,,Boeing F/A-18E Super Hornet,F18S,Mil,tar1090-db import,,,,
AE6D8F,169957,,BOEING FA-18 SUPER HORNET,F18S,Mil,tar1090-db import,,,,
AE6D9C,169970,,Boeing F/A-18F Super Hornet,F18S,Mil,tar1090-db import,,,,
AE6D9D,169971,,F18S,F18S,Mil,tar1090-db import,,,,
AE6DA0,169975,,F18S,F18S,Mil,tar1090-db import,,,,
AE6DA1,21-21214,,Sikorsky HH-60M Black Hawk,H60,Mil,tar1090-db import,,,,
AE6DA2,21-21215,,Sikorsky HH-60M Black Hawk,H60,Mil,tar1090-db import,,,,
AE6DA3,19-14490,,Sikorsky HH-60W Jolly Green II,H60,Mil,tar1090-db import,,,,
AE6DA4,19-14491,,Sikorsky HH-60W Jolly Green II,H60,Mil,tar1090-db import,,,,
AE6DA5,19-14492,,Sikorsky HH-60W Jolly Green II,H60,Mil,tar1090-db import,,,,
AE6DA6,19-14493,,Sikorsky HH-60W Jolly Green II,H60,Mil,tar1090-db import,,,,
AE6DA7,19-14494,,Sikorsky HH-60W Jolly Green II,H60,Mil,tar1090-db import,,,,
AE6DA8,19-14495,,Sikorsky HH-60W Jolly Green II,H60,Mil,tar1090-db import,,,,
AE6DA9,19-14496,,Sikorsky HH-60W Jolly Green II,H60,Mil,tar1090-db import,,,,
AE6DAB,19-14498,,Sikorsky HH-60W Jolly Green II,H60,Mil,tar1090-db import,,,,
AE6DAC,19-14499,,Sikorsky HH-60W Jolly Green II,H60,Mil,tar1090-db import,,,,
AE6DAD,20-00924,,BEECHCRAFT Super King Air 350,B350,Mil,tar1090-db import,,,,
AE6DAE,21-03366,,Boeing AH-64E Apache,H64,Mil,tar1090-db import,,,,
AE6DAF,21-03367,,Boeing AH-64E Apache,H64,Mil,tar1090-db import,,,,
AE6DB0,21-03368,,Boeing AH-64E Apache,H64,Mil,tar1090-db import,,,,
AE6DB1,21-03369,,Boeing AH-64E Apache,H64,Mil,tar1090-db import,,,,
AE6DB2,21-03370,,Boeing AH-64E Apache,H64,Mil,tar1090-db import,,,,
AE6DB3,21-03371,,Boeing AH-64E Apache,H64,Mil,tar1090-db import,,,,
AE6DB4,21-03372,,Boeing AH-64E Apache,H64,Mil,tar1090-db import,,,,
AE6DB5,21-03373,,Boeing AH-64E Apache,H64,Mil,tar1090-db import,,,,
AE6DB6,21-03374,,Boeing AH-64E Apache,H64,Mil,tar1090-db import,,,,
AE6DB7,21-03375,,H64,H64,Mil,tar1090-db import,,,,
AE6DB8,21-03376,,Boeing AH-64E Apache,H64,Mil,tar1090-db import,,,,
AE6DB9,21-03377,,Boeing AH-64E Apache,H64,Mil,tar1090-db import,,,,
AE6DBA,21-03378,,Boeing AH-64E Apache,H64,Mil,tar1090-db import,,,,
AE6DBB,21-03379,,Boeing AH-64E Apache,H64,Mil,tar1090-db import,,,,
AE6DBC,21-03380,,Boeing AH-64E Apache,H64,Mil,tar1090-db import,,,,
AE6DBD,21-03381,,Boeing AH-64E Apache,H64,Mil,tar1090-db import,,,,
AE6DBE,21-03382,,Boeing AH-64E Apache,H64,Mil,tar1090-db import,,,,
AE6DBF,21-03383,,Boeing AH-64E Apache,H64,Mil,tar1090-db import,,,,
AE6DC0,21-03384,,Boeing AH-64E Apache,H64,Mil,tar1090-db import,,,,
AE6DC1,21-03385,,Boeing AH-64E Apache,H64,Mil,tar1090-db import,,,,
AE6DC2,21-03386,,Boeing AH-64E Apache,H64,Mil,tar1090-db import,,,,
AE6DC5,21-03389,,Boeing AH-64E Apache,H64,Mil,tar1090-db import,,,,
AE6DC7,20-03307,,MCDONNELL DOUGLAS AH-64 Apache,H64,Mil,tar1090-db import,,,,
AE6DC8,20-03304,,MCDONNELL DOUGLAS AH-64 Apache,H64,Mil,tar1090-db import,,,,
AE6DC9,19-03308,,MCDONNELL DOUGLAS AH-64 Apache,H64,Mil,tar1090-db import,,,,
AE6DCA,19-03301,,MCDONNELL DOUGLAS AH-64 Apache,H64,Mil,tar1090-db import,,,,
AE6DCB,19-03293,,MCDONNELL DOUGLAS AH-64 Apache,H64,Mil,tar1090-db import,,,,
AE6DCC,19-03251,,MCDONNELL DOUGLAS AH-64 Apache,H64,Mil,tar1090-db import,,,,
AE6DCD,19-03256,,MCDONNELL DOUGLAS AH-64 Apache,H64,Mil,tar1090-db import,,,,
AE6DCE,19-03294,,MCDONNELL DOUGLAS AH-64 Apache,H64,Mil,tar1090-db import,,,,
AE6E1B,20-5571,,F35,F35,Mil,tar1090-db import,,,,
AE6E1C,20-5572,,F35,F35,Mil,tar1090-db import,,,,
AE6E1D,20-5573,,F35,F35,Mil,tar1090-db import,,,,
AE6E1E,20-5574,,F35,F35,Mil,tar1090-db import,,,,
AE6E1F,20-5575,,F35,F35,Mil,tar1090-db import,,,,
AE6E20,20-5576,,F35,F35,Mil,tar1090-db import,,,,
AE6E21,20-5577,,F35,F35,Mil,tar1090-db import,,,,
AE6E22,20-5578,,F35,F35,Mil,tar1090-db import,,,,
AE6E23,20-5579,,F35,F35,Mil,tar1090-db import,,,,
AE6E24,20-5580,,F35,F35,Mil,tar1090-db import,,,,
AE6E25,20-5581,,F35,F35,Mil,tar1090-db import,,,,
AE6E26,20-5582,,F35,F35,Mil,tar1090-db import,,,,
AE6E27,20-5583,,F35,F35,Mil,tar1090-db import,,,,
AE6E28,20-5584,,F35,F35,Mil,tar1090-db import,,,,
AE6E29,20-5585,,F35,F35,Mil,tar1090-db import,,,,
AE6E2A,20-5586,,F35,F35,Mil,tar1090-db import,,,,
AE6E2B,20-5587,,F35,F35,Mil,tar1090-db import,,,,
AE6E2C,20-5588,,F35,F35,Mil,tar1090-db import,,,,
AE6E2D,20-5589,,F35,F35,Mil,tar1090-db import,,,,
AE6E2E,20-5590,,F35,F35,Mil,tar1090-db import,,,,
AE6E2F,20-5591,,F35,F35,Mil,tar1090-db import,,,,
AE6E30,20-5592,,F35,F35,Mil,tar1090-db import,,,,
AE6E31,20-5593,,F35,F35,Mil,tar1090-db import,,,,
AE6E32,20-5594,,F35,F35,Mil,tar1090-db import,,,,
AE6E33,20-5595,,F35,F35,Mil,tar1090-db import,,,,
AE6E34,20-5596,,F35,F35,Mil,tar1090-db import,,,,
AE6E35,20-5597,,F35,F35,Mil,tar1090-db import,,,,
AE6E36,20-5598,,F35,F35,Mil,tar1090-db import,,,,
AE6E37,20-5599,,F35,F35,Mil,tar1090-db import,,,,
AE6E38,20-5600,,F35,F35,Mil,tar1090-db import,,,,
AE6E39,20-5601,,F35,F35,Mil,tar1090-db import,,,,
AE6E3A,20-5602,,F35,F35,Mil,tar1090-db import,,,,
AE6E3B,20-5603,,F35,F35,Mil,tar1090-db import,,,,
AE6E3C,20-5604,,F35,F35,Mil,tar1090-db import,,,,
AE6E3D,20-5605,,F35,F35,Mil,tar1090-db import,,,,
AE6E76,20-14502,,Sikorsky HH-60W Jolly Green II,H60,Mil,tar1090-db import,,,,
AE6E77,20-14503,,Sikorsky HH-60W Jolly Green II,H60,Mil,tar1090-db import,,,,
AE6E79,20-14505,,Sikorsky HH-60W Jolly Green II,H60,Mil,tar1090-db import,,,,
AE6E7A,20-14506,,Sikorsky HH-60W Jolly Green II,H60,Mil,tar1090-db import,,,,
AE6E7B,20-14507,,Sikorsky HH-60W Jolly Green II,H60,Mil,tar1090-db import,,,,
AE6E7C,20-14508,,Sikorsky HH-60W Jolly Green II,H60,Mil,tar1090-db import,,,,
AE6E7D,20-14509,,Sikorsky HH-60W Jolly Green II,H60,Mil,tar1090-db import,,,,
AE6E7F,20-14511,,SIKORSKY UH-60 Black Hawk,H60,Mil,tar1090-db import,,,,
AE6E80,11-3013,,Dornier C-146A Wolfhound,D328,Mil,tar1090-db import,,,,
AE6ED5,18-02971,,BOEING-VERTOL CH-47 Chinook,H47,Mil,tar1090-db import,,,,
AE6ED6,18-02972,,BOEING-VERTOL CH-47 Chinook,H47,Mil,tar1090-db import,,,,
AE6ED7,18-02973,,BOEING-VERTOL CH-47 Chinook,H47,Mil,tar1090-db import,,,,
AE6ED8,18-02974,,BOEING-VERTOL CH-47 Chinook,H47,Mil,tar1090-db import,,,,
AE6ED9,19-02975,,BOEING-VERTOL CH-47 Chinook,H47,Mil,tar1090-db import,,,,
AE6EDA,20-02976,,BOEING-VERTOL CH-47 Chinook,H47,Mil,tar1090-db import,,,,
AE6EDB,21-21210,,SIKORSKY UH-60 Black Hawk,H60,Mil,tar1090-db import,,,,
AE6EDC,19-21046,,H60,H60,Mil,tar1090-db import,,,,
AE73D8,170173,,AgustaWestland TH-73A Thrasher,A119,Mil,tar1090-db import,,,,
AE73D9,170174,,A119,A119,Mil,tar1090-db import,,,,
AE73DD,170178,,AGUSTA AW-119 Koala,A119,Mil,tar1090-db import,,,,
AE73DF,170180,,AGUSTA AW-119 Koala,A119,Mil,tar1090-db import,,,,
AE73E6,170187,,AGUSTA AW-119 Koala,A119,Mil,tar1090-db import,,,,
AE73F4,170201,,A119,A119,Mil,tar1090-db import,,,,
AE73F5,170202,,AGUSTA AW-119 Koala,A119,Mil,tar1090-db import,,,,
AE73FA,170207,,A119,A119,Mil,tar1090-db import,,,,
AE73FB,170208,,A119,A119,Mil,tar1090-db import,,,,
AE73FD,170210,,AGUSTA AW-119 Koala,A119,Mil,tar1090-db import,,,,
AE7400,170213,,A119,A119,Mil,tar1090-db import,,,,
AE7404,170217,,AGUSTA AW-119 Koala,A119,Mil,tar1090-db import,,,,
AE740D,170226,,AGUSTA AW-119 Koala,A119,Mil,tar1090-db import,,,,
AE7412,170231,,AGUSTA AW-119 Koala,A119,Mil,tar1090-db import,,,,
AE741A,170239,,AGUSTA AW-119 Koala,A119,Mil,tar1090-db import,,,,
AE741C,170241,,AGUSTA AW-119 Koala,A119,Mil,tar1090-db import,,,,
AE7422,170247,,A119,A119,Mil,tar1090-db import,,,,
AE7425,170250,,AGUSTA AW-119 Koala,A119,Mil,tar1090-db import,,,,
AE7426,170251,,AGUSTA AW-119 Koala,A119,Mil,tar1090-db import,,,,
AE742C,170257,,AGUSTA AW-119 Koala,A119,Mil,tar1090-db import,,,,
AE742E,170259,,AGUSTA AW-119 Koala,A119,Mil,tar1090-db import,,,,
AE7431,170262,,A119,A119,Mil,tar1090-db import,,,,
AE7432,170263,,A119,A119,Mil,tar1090-db import,,,,
AE7433,170264,,AGUSTA AW-119 Koala,A119,Mil,tar1090-db import,,,,
AE7434,170265,,A119,A119,Mil,tar1090-db import,,,,
AE7435,170266,,A119,A119,Mil,tar1090-db import,,,,
AE7436,170267,,AGUSTA AW-119 Koala,A119,Mil,tar1090-db import,,,,
AE743B,170487,,SIKORSKY UH-60 Black Hawk,H60,Mil,tar1090-db import,,,,
AE743C,170488,,SIKORSKY UH-60 Black Hawk,H60,Mil,tar1090-db import,,,,
AE743D,170489,,SIKORSKY UH-60 Black Hawk,H60,Mil,tar1090-db import,,,,
AE743E,170490,,H60,H60,Mil,tar1090-db import,,,,
AE743F,170491,,H60,H60,Mil,tar1090-db import,,,,
AE7440,170492,,H60,H60,Mil,tar1090-db import,,,,
AE7441,170493,,H60,H60,Mil,tar1090-db import,,,,
AE7442,170494,,SIKORSKY UH-60 Black Hawk,H60,Mil,tar1090-db import,,,,
AE7443,170495,,SIKORSKY UH-60 Black Hawk,H60,Mil,tar1090-db import,,,,
AE7444,170496,,SIKORSKY UH-60 Black Hawk,H60,Mil,tar1090-db import,,,,
AE7445,170497,,SIKORSKY UH-60 Black Hawk,H60,Mil,tar1090-db import,,,,
AE7446,170498,,SIKORSKY UH-60 Black Hawk,H60,Mil,tar1090-db import,,,,
AE7473,21-03390,,Boeing AH-64E Apache,H64,Mil,tar1090-db import,,,,
AE7474,21-03391,,Boeing AH-64E Apache,H64,Mil,tar1090-db import,,,,
AE7475,21-03392,,Boeing AH-64E Apache,H64,Mil,tar1090-db import,,,,
AE7476,21-03393,,Boeing AH-64E Apache,H64,Mil,tar1090-db import,,,,
AE7478,21-03395,,Boeing AH-64E Apache,H64,Mil,tar1090-db import,,,,
AE7479,21-03396,,Boeing AH-64E Apache,H64,Mil,tar1090-db import,,,,
AE747A,21-03397,,Boeing AH-64E Apache,H64,Mil,tar1090-db import,,,,
AE747B,21-03398,,Boeing AH-64E Apache,H64,Mil,tar1090-db import,,,,
AE747C,21-03399,,Boeing AH-64E Apache,H64,Mil,tar1090-db import,,,,
AE747D,21-03400,,Boeing AH-64E Apache,H64,Mil,tar1090-db import,,,,
AE747E,21-03401,,Boeing AH-64E Apache,H64,Mil,tar1090-db import,,,,
AE747F,21-03402,,Boeing AH-64E Apache,H64,Mil,tar1090-db import,,,,
AE7480,21-03403,,MCDONNELL DOUGLAS AH-64 Apache,H64,Mil,tar1090-db import,,,,
AE7481,21-03404,,MCDONNELL DOUGLAS AH-64 Apache,H64,Mil,tar1090-db import,,,,
AE7482,21-03405,,MCDONNELL DOUGLAS AH-64 Apache,H64,Mil,tar1090-db import,,,,
AE7484,21-03407,,Boeing AH-64E Apache,H64,Mil,tar1090-db import,,,,
AE7485,21-03408,,Boeing AH-64E Apache,H64,Mil,tar1090-db import,,,,
AE7486,21-03409,,Boeing AH-64E Apache,H64,Mil,tar1090-db import,,,,
AE7487,21-03410,,Boeing AH-64E Apache,H64,Mil,tar1090-db import,,,,
AE7488,21-03411,,Boeing AH-64E Apache,H64,Mil,tar1090-db import,,,,
AE7489,21-03412,,MCDONNELL DOUGLAS AH-64 Apache,H64,Mil,tar1090-db import,,,,
AE748A,21-03413,,Boeing AH-64E Apache,H64,Mil,tar1090-db import,,,,
AE748B,21-03414,,Boeing AH-64E Apache,H64,Mil,tar1090-db import,,,,
AE748C,21-03415,,Boeing AH-64E Apache,H64,Mil,tar1090-db import,,,,
AE748E,21-03417,,Boeing AH-64E Apache,H64,Mil,tar1090-db import,,,,
AE74A1,170482,,P8,P8,Mil,tar1090-db import,,,,
AE74A2,170483,,P8,P8,Mil,tar1090-db import,,,,
AE74A3,170484,,P8,P8,Mil,tar1090-db import,,,,
AE74A6,22-21218,,Sikorsky UH-60M Black Hawk,H60,Mil,tar1090-db import,,,,
AE74A7,22-21219,,Sikorsky UH-60M Black Hawk,H60,Mil,tar1090-db import,,,,
AE74A8,22-21220,,Sikorsky UH-60M Black Hawk,H60,Mil,tar1090-db import,,,,
AE74A9,22-21221,,Sikorsky UH-60M Black Hawk,H60,Mil,tar1090-db import,,,,
AE74AA,22-21222,,Sikorsky UH-60M Black Hawk,H60,Mil,tar1090-db import,,,,
AE74AB,22-21223,,Sikorsky UH-60M Black Hawk,H60,Mil,tar1090-db import,,,,
AE74AC,22-21224,,SIKORSKY UH-60 Black Hawk,H60,Mil,tar1090-db import,,,,
AE74AD,22-21225,,SIKORSKY UH-60 Black Hawk,H60,Mil,tar1090-db import,,,,
AE74AE,22-21226,,SIKORSKY UH-60 Black Hawk,H60,Mil,tar1090-db import,,,,
AE74AF,22-21227,,Sikorsky HH-60M Black Hawk,H60,Mil,tar1090-db import,,,,
AE74B0,22-21228,,Sikorsky HH-60M Black Hawk,H60,Mil,tar1090-db import,,,,
AE74B1,22-21229,,Sikorsky HH-60M Black Hawk,H60,Mil,tar1090-db import,,,,
AE74B2,22-21230,,Sikorsky HH-60M Black Hawk,H60,Mil,tar1090-db import,,,,
AE74B3,22-21231,,Sikorsky HH-60M Black Hawk,H60,Mil,tar1090-db import,,,,
AE74B4,22-21232,,Sikorsky HH-60M Black Hawk,H60,Mil,tar1090-db import,,,,
AE74B5,22-21233,,Sikorsky HH-60M Black Hawk,H60,Mil,tar1090-db import,,,,
AE74B6,22-21234,,Sikorsky HH-60M Black Hawk,H60,Mil,tar1090-db import,,,,
AE74B7,22-21235,,Sikorsky HH-60M Black Hawk,H60,Mil,tar1090-db import,,,,
AE74B8,22-21236,,Sikorsky HH-60M Black Hawk,H60,Mil,tar1090-db import,,,,
AE74B9,22-21237,,SIKORSKY UH-60 Black Hawk,H60,Mil,tar1090-db import,,,,
AE74BA,22-21238,,Sikorsky HH-60M Black Hawk,H60,Mil,tar1090-db import,,,,
AE74BC,22-21240,,Sikorsky HH-60M Black Hawk,H60,Mil,tar1090-db import,,,,
AE74BD,22-21241,,Sikorsky HH-60M Black Hawk,H60,Mil,tar1090-db import,,,,
AE74BE,21-03419,,Boeing AH-64E Apache,H64,Mil,tar1090-db import,,,,
AE74BF,21-03420,,Boeing AH-64E Apache,H64,Mil,tar1090-db import,,,,
AE74C0,21-03421,,Boeing AH-64E Apache,H64,Mil,tar1090-db import,,,,
AE74C1,21-03422,,Boeing AH-64E Apache,H64,Mil,tar1090-db import,,,,
AE74C3,21-03424,,MCDONNELL DOUGLAS AH-64 Apache,H64,Mil,tar1090-db import,,,,
AE74C4,21-03425,,Boeing AH-64E Apache,H64,Mil,tar1090-db import,,,,
AE74C5,21-03426,,Boeing AH-64E Apache,H64,Mil,tar1090-db import,,,,
AE74C6,21-03427,,MCDONNELL DOUGLAS AH-64 Apache,H64,Mil,tar1090-db import,,,,
AE74C7,21-03428,,MCDONNELL DOUGLAS AH-64 Apache,H64,Mil,tar1090-db import,,,,
AE74C8,21-03429,,MCDONNELL DOUGLAS AH-64 Apache,H64,Mil,tar1090-db import,,,,
AE74C9,21-03430,,Boeing AH-64E Apache,H64,Mil,tar1090-db import,,,,
AE74CA,21-03431,,MCDONNELL DOUGLAS AH-64 Apache,H64,Mil,tar1090-db import,,,,
AE74CB,21-03432,,Boeing AH-64E Apache,H64,Mil,tar1090-db import,,,,
AE74CC,21-03433,,Boeing AH-64E Apache,H64,Mil,tar1090-db import,,,,
AE74CD,21-03434,,MCDONNELL DOUGLAS AH-64 Apache,H64,Mil,tar1090-db import,,,,
AE74CE,21-03435,,Boeing AH-64E Apache,H64,Mil,tar1090-db import,,,,
AE74CF,21-03436,,MCDONNELL DOUGLAS AH-64 Apache,H64,Mil,tar1090-db import,,,,
AE74D1,21-03438,,Boeing AH-64E Apache,H64,Mil,tar1090-db import,,,,
AE74D2,21-03439,,MCDONNELL DOUGLAS AH-64 Apache,H64,Mil,tar1090-db import,,,,
AE74D3,21-03440,,MCDONNELL DOUGLAS AH-64 Apache,H64,Mil,tar1090-db import,,,,
AE74D7,22-03444,,Boeing AH-64E Apache,H64,Mil,tar1090-db import,,,,
AE74D8,22-03445,,MCDONNELL DOUGLAS AH-64 Apache,H64,Mil,tar1090-db import,,,,
AE74D9,22-03446,,MCDONNELL DOUGLAS AH-64 Apache,H64,Mil,tar1090-db import,,,,
AE74DF,22-03452,,MCDONNELL DOUGLAS AH-64 Apache,H64,Mil,tar1090-db import,,,,
AE74E3,22-03456,,Boeing AH-64E Apache,H64,Mil,tar1090-db import,,,,
AE74E4,22-03457,,MCDONNELL DOUGLAS AH-64 Apache,H64,Mil,tar1090-db import,,,,
AE74E5,22-03458,,MCDONNELL DOUGLAS AH-64 Apache,H64,Mil,tar1090-db import,,,,
AE74E6,22-03459,,MCDONNELL DOUGLAS AH-64 Apache,H64,Mil,tar1090-db import,,,,
AE74E8,22-03461,,MCDONNELL DOUGLAS AH-64 Apache,H64,Mil,tar1090-db import,,,,
AE74E9,22-03462,,MCDONNELL DOUGLAS AH-64 Apache,H64,Mil,tar1090-db import,,,,
AE74EA,22-03463,,MCDONNELL DOUGLAS AH-64 Apache,H64,Mil,tar1090-db import,,,,
AE74EB,22-03464,,MCDONNELL DOUGLAS AH-64 Apache,H64,Mil,tar1090-db import,,,,
AE74EC,22-03465,,MCDONNELL DOUGLAS AH-64 Apache,H64,Mil,tar1090-db import,,,,
AE74ED,22-21216,,Sikorsky HH-60M Black Hawk,H60,Mil,tar1090-db import,,,,
AE74EE,22-21217,,Sikorsky HH-60M Black Hawk,H60,Mil,tar1090-db import,,,,
AE779B,21-6001,,LOCKHEED MARTIN C-130J Super Hercules,C30J,Mil,tar1090-db import,,,,
AE779C,21-6003,,LOCKHEED MARTIN C-130J Super Hercules,C30J,Mil,tar1090-db import,,,,
AE779E,21-6006,,LOCKHEED MARTIN C-130J Super Hercules,C30J,Mil,tar1090-db import,,,,
AE779F,20-5982,,LOCKHEED MARTIN C-130J Super Hercules,C30J,Mil,tar1090-db import,,,,
AE77A0,20-5991,,LOCKHEED MARTIN C-130J Super Hercules,C30J,Mil,tar1090-db import,,,,
AE77A1,21-6009,,LOCKHEED MARTIN C-130J Super Hercules,C30J,Mil,tar1090-db import,,,,
AE77A2,21-6010,,C30J,C30J,Mil,tar1090-db import,,,,
AE77A7,170298,,BOEING FA-18 SUPER HORNET,F18S,Mil,tar1090-db import,,,,
AE77A8,170299,,F18S,F18S,Mil,tar1090-db import,,,,
AE77A9,170300,,F18S,F18S,Mil,tar1090-db import,,,,
AE77AA,170301,,F18S,F18S,Mil,tar1090-db import,,,,
AE77AB,170302,,F18S,F18S,Mil,tar1090-db import,,,,
AE77AC,170303,,F18S,F18S,Mil,tar1090-db import,,,,
AE77AD,170304,,F18S,F18S,Mil,tar1090-db import,,,,
AE77AE,170305,,F18S,F18S,Mil,tar1090-db import,,,,
AE77AF,170306,,F18S,F18S,Mil,tar1090-db import,,,,
AE77B0,170307,,F18S,F18S,Mil,tar1090-db import,,,,
AE77B1,170308,,F18S,F18S,Mil,tar1090-db import,,,,
AE77B2,170309,,BOEING FA-18 SUPER HORNET,F18S,Mil,tar1090-db import,,,,
AE77B3,170310,,F18S,F18S,Mil,tar1090-db import,,,,
AE77B4,170311,,F18S,F18S,Mil,tar1090-db import,,,,
AE77B5,170312,,F18S,F18S,Mil,tar1090-db import,,,,
AE77B6,170313,,F18S,F18S,Mil,tar1090-db import,,,,
AE77B7,170314,,F18S,F18S,Mil,tar1090-db import,,,,
AE77B8,170315,,BOEING FA-18 SUPER HORNET,F18S,Mil,tar1090-db import,,,,
AE77B9,170316,,F18S,F18S,Mil,tar1090-db import,,,,
AE77BA,170317,,BOEING FA-18 SUPER HORNET,F18S,Mil,tar1090-db import,,,,
AE77BB,170318,,F18S,F18S,Mil,tar1090-db import,,,,
AE77BC,170319,,F18S,F18S,Mil,tar1090-db import,,,,
AE77BD,170320,,F18S,F18S,Mil,tar1090-db import,,,,
AE77BE,22-21242,,Sikorsky UH-60M Black Hawk,H60,Mil,tar1090-db import,,,,
AE77BF,22-21243,,Sikorsky UH-60M Black Hawk,H60,Mil,tar1090-db import,,,,
AE77C0,22-21244,,SIKORSKY UH-60 Black Hawk,H60,Mil,tar1090-db import,,,,
AE77C1,22-21245,,SIKORSKY UH-60 Black Hawk,H60,Mil,tar1090-db import,,,,
AE77C3,22-21247,,SIKORSKY UH-60 Black Hawk,H60,Mil,tar1090-db import,,,,
AE77C5,94-07007,,CESSNA 208 Caravan,C208,Mil,tar1090-db import,,,,
AE77C6,22-21249,,SIKORSKY UH-60 Black Hawk,H60,Mil,tar1090-db import,,,,
AE77C7,22-21250,,SIKORSKY UH-60 Black Hawk,H60,Mil,tar1090-db import,,,,
AE77CA,23-21253,,SIKORSKY UH-60 Black Hawk,H60,Mil,tar1090-db import,,,,
AE77CE,23-21257,,SIKORSKY UH-60 Black Hawk,H60,Mil,tar1090-db import,,,,
AE77CF,23-21258,,SIKORSKY UH-60 Black Hawk,H60,Mil,tar1090-db import,,,,
AE77D3,23-21262,,SIKORSKY UH-60 Black Hawk,H60,Mil,tar1090-db import,,,,
AE77D4,23-21263,,SIKORSKY UH-60 Black Hawk,H60,Mil,tar1090-db import,,,,
AE77D5,23-21264,,SIKORSKY UH-60 Black Hawk,H60,Mil,tar1090-db import,,,,
AE77D6,23-21265,,SIKORSKY UH-60 Black Hawk,H60,Mil,tar1090-db import,,,,
AE77D7,23-21266,,SIKORSKY UH-60 Black Hawk,H60,Mil,tar1090-db import,,,,
AE77D8,23-21267,,SIKORSKY UH-60 Black Hawk,H60,Mil,tar1090-db import,,,,
AE77D9,23-21268,,SIKORSKY UH-60 Black Hawk,H60,Mil,tar1090-db import,,,,
AE77DA,23-21269,,SIKORSKY UH-60 Black Hawk,H60,Mil,tar1090-db import,,,,
AE77DB,23-21270,,SIKORSKY UH-60 Black Hawk,H60,Mil,tar1090-db import,,,,
AE77DC,23-21271,,SIKORSKY UH-60 Black Hawk,H60,Mil,tar1090-db import,,,,
AE77DD,23-21272,,SIKORSKY UH-60 Black Hawk,H60,Mil,tar1090-db import,,,,
AE77ED,23-21273,,SIKORSKY UH-60 Black Hawk,H60,Mil,tar1090-db import,,,,
AE77EE,23-21274,,SIKORSKY UH-60 Black Hawk,H60,Mil,tar1090-db import,,,,
AE77EF,23-21275,,SIKORSKY UH-60 Black Hawk,H60,Mil,tar1090-db import,,,,
AE77F0,23-21276,,SIKORSKY UH-60 Black Hawk,H60,Mil,tar1090-db import,,,,
AE77F1,24-21277,,SIKORSKY UH-60 Black Hawk,H60,Mil,tar1090-db import,,,,
AE77F2,24-21278,,SIKORSKY UH-60 Black Hawk,H60,Mil,tar1090-db import,,,,
AE77F3,24-21279,,SIKORSKY UH-60 Black Hawk,H60,Mil,tar1090-db import,,,,
AE77F4,24-21280,,SIKORSKY UH-60 Black Hawk,H60,Mil,tar1090-db import,,,,
AE77F5,24-21281,,SIKORSKY UH-60 Black Hawk,H60,Mil,tar1090-db import,,,,
AE77F6,24-21282,,SIKORSKY UH-60 Black Hawk,H60,Mil,tar1090-db import,,,,
AE77F7,24-21283,,SIKORSKY UH-60 Black Hawk,H60,Mil,tar1090-db import,,,,
AE77F8,21-14512,,SIKORSKY UH-60 Black Hawk,H60,Mil,tar1090-db import,,,,
AE77F9,21-14513,,SIKORSKY UH-60 Black Hawk,H60,Mil,tar1090-db import,,,,
AE77FA,21-14514,,SIKORSKY UH-60 Black Hawk,H60,Mil,tar1090-db import,,,,
AE77FC,21-14516,,SIKORSKY UH-60 Black Hawk,H60,Mil,tar1090-db import,,,,
AE77FD,21-14517,,SIKORSKY UH-60 Black Hawk,H60,Mil,tar1090-db import,,,,
AE77FF,21-14519,,SIKORSKY UH-60 Black Hawk,H60,Mil,tar1090-db import,,,,
AE7800,21-14520,,SIKORSKY UH-60 Black Hawk,H60,Mil,tar1090-db import,,,,
AE7801,21-14521,,SIKORSKY UH-60 Black Hawk,H60,Mil,tar1090-db import,,,,
AE7818,170043,,Q4,Q4,Mil,tar1090-db import,,,,
AE7819,170044,,Q4,Q4,Mil,tar1090-db import,,,,
AE7E91,22-03472,,MCDONNELL DOUGLAS AH-64 Apache,H64,Mil,tar1090-db import,,,,
AE7FFF,97-0110,,F16,F16,Mil,tar1090-db import,,,,
AE8410,163918,,E6,E6,Mil,tar1090-db import,,,,
AE8500,09-9205,,C17,C17,Mil,tar1090-db import,,,,
AE86AB,91-26349,,H60,H60,Mil,tar1090-db import,,,,
AE86AC,22-03473,,MCDONNELL DOUGLAS AH-64 Apache,H64,Mil,tar1090-db import,,,,
AE87ED,22-03474,,MCDONNELL DOUGLAS AH-64 Apache,H64,Mil,tar1090-db import,,,,
AE8953,95-26662,,SIKORSKY UH-60 Black Hawk,H60,Mil,tar1090-db import,,,,
AE8955,22-03475,,MCDONNELL DOUGLAS AH-64 Apache,H64,Mil,tar1090-db import,,,,
AE9FF8,22-03476,,MCDONNELL DOUGLAS AH-64 Apache,H64,Mil,tar1090-db import,,,,
AEAAAF,22-03478,,MCDONNELL DOUGLAS AH-64 Apache,H64,Mil,tar1090-db import,,,,
AEB3B5,22-03479,,MCDONNELL DOUGLAS AH-64 Apache,H64,Mil,tar1090-db import,,,,
AEBBCB,22-03480,,MCDONNELL DOUGLAS AH-64 Apache,H64,Mil,tar1090-db import,,,,
AEBBCE,91-26339,,H60,H60,Mil,tar1090-db import,,,,
AEC2F2,22-03481,,MCDONNELL DOUGLAS AH-64 Apache,H64,Mil,tar1090-db import,,,,
AEC9C2,24-03559,,MCDONNELL DOUGLAS AH-64 Apache,H64,Mil,tar1090-db import,,,,
AECB47,22-03482,,MCDONNELL DOUGLAS AH-64 Apache,H64,Mil,tar1090-db import,,,,
AECB4A,90-26281,,SIKORSKY UH-60 Black Hawk,H60,Mil,tar1090-db import,,,,
AECEF7,92-26437,,H60,H60,Mil,tar1090-db import,,,,
AED0D7,10-20279,,H60,H60,Mil,tar1090-db import,,,,
AED15B,22-03483,,MCDONNELL DOUGLAS AH-64 Apache,H64,Mil,tar1090-db import,,,,
AED1CD,22-03484,,MCDONNELL DOUGLAS AH-64 Apache,H64,Mil,tar1090-db import,,,,
AED1D0,92-26453,,H60,H60,Mil,tar1090-db import,,,,
AED489,22-46102,,BOEING 767-200,B762,Mil,tar1090-db import,,,,
AED4A2,24-03534,,MCDONNELL DOUGLAS AH-64 Apache,H64,Mil,tar1090-db import,,,,
AED4A6,170777,,BEECH 200 Super King Air,BE20,Mil,tar1090-db import,,,,
AED4AD,24-21317,,SIKORSKY UH-60 Black Hawk,H60,Mil,tar1090-db import,,,,
AED4AF,23-14555,,SIKORSKY UH-60 Black Hawk,H60,Mil,tar1090-db import,,,,
AED549,170770,,BE20,BE20,Mil,tar1090-db import,,,,
AED554,22-14545,,SIKORSKY UH-60 Black Hawk,H60,Mil,tar1090-db import,,,,
AED555,19-46110,,BOEING 767-200,B762,Mil,tar1090-db import,,,,
AED557,24-1023,,AGUSTA AW-139,A139,Mil,tar1090-db import,,,,
AED558,21-0010,,F15,F15,Mil,tar1090-db import,,,,
AED55D,170296,,SIKORSKY CH-53 Super Stallion,H53S,Mil,tar1090-db import,,,,
AED572,170324,,BOEING FA-18 SUPER HORNET,F18S,Mil,tar1090-db import,,,,
AED573,170761,,BE20,BE20,Mil,tar1090-db import,,,,
AED575,170760,,BE20,BE20,Mil,tar1090-db import,,,,
AED60D,22-14533,,SIKORSKY UH-60 Black Hawk,H60,Mil,tar1090-db import,,,,
AED610,24-21296,,SIKORSKY UH-60 Black Hawk,H60,Mil,tar1090-db import,,,,
AED615,21-14523,,SIKORSKY UH-60 Black Hawk,H60,Mil,tar1090-db import,,,,
AED619,169880,,E2,E2,Mil,tar1090-db import,,,,
AED61A,91-26329,,SIKORSKY UH-60 Black Hawk,H60,Mil,tar1090-db import,,,,
AED61D,18-20980,,SIKORSKY UH-60 Black Hawk,H60,Mil,tar1090-db import,,,,
AED867,23-46124,,BOEING 767-200,B762,Mil,tar1090-db import,,,,
AED870,24-03556,,MCDONNELL DOUGLAS AH-64 Apache,H64,Mil,tar1090-db import,,,,
AED8B5,22-03487,,MCDONNELL DOUGLAS AH-64 Apache,H64,Mil,tar1090-db import,,,,
AED9B8,90-26250,,SIKORSKY UH-60 Black Hawk,H60,Mil,tar1090-db import,,,,
AEDA13,24-03535,,MCDONNELL DOUGLAS AH-64 Apache,H64,Mil,tar1090-db import,,,,
AEDA14,170350,,SIKORSKY CH-53 Super Stallion,H53S,Mil,tar1090-db import,,,,
AEDA18,170778,,BEECH 200 Super King Air,BE20,Mil,tar1090-db import,,,,
AEDA1D,25-21318,,SIKORSKY UH-60 Black Hawk,H60,Mil,tar1090-db import,,,,
AEDA1E,23-14556,,SIKORSKY UH-60 Black Hawk,H60,Mil,tar1090-db import,,,,
AEDA22,22-46103,,BOEING 767-200,B762,Mil,tar1090-db import,,,,
AEDAA6,21-0011,,F15,F15,Mil,tar1090-db import,,,,
AEDAAB,24-1024,,AGUSTA AW-139,A139,Mil,tar1090-db import,,,,
AEDAB0,19-46112,,B762,B762,Mil,tar1090-db import,,,,
AEDAB7,170325,,BOEING FA-18 SUPER HORNET,F18S,Mil,tar1090-db import,,,,
AEDAB9,170762,,BEECH 200 Super King Air,BE20,Mil,tar1090-db import,,,,
AEDABB,170773,,BEECH 200 Super King Air,BE20,Mil,tar1090-db import,,,,
AEDB4C,22-14534,,SIKORSKY UH-60 Black Hawk,H60,Mil,tar1090-db import,,,,
AEDB4E,24-21297,,SIKORSKY UH-60 Black Hawk,H60,Mil,tar1090-db import,,,,
AEDB4F,22-03490,,MCDONNELL DOUGLAS AH-64 Apache,H64,Mil,tar1090-db import,,,,
AEDB51,93-26507,,SIKORSKY UH-60 Black Hawk,H60,Mil,tar1090-db import,,,,
AEDB53,18-20981,,SIKORSKY UH-60 Black Hawk,H60,Mil,tar1090-db import,,,,
AEDB55,21-14524,,SIKORSKY UH-60 Black Hawk,H60,Mil,tar1090-db import,,,,
AEDB56,169881,,E2,E2,Mil,tar1090-db import,,,,
AEDFDF,84-23938,,H60,H60,Mil,tar1090-db import,,,,
AEE57A,22-03491,,MCDONNELL DOUGLAS AH-64 Apache,H64,Mil,tar1090-db import,,,,
AEEB99,169440,,V22,V22,Mil,tar1090-db import,,,,
AEEBAC,169459,,V22,V22,Mil,tar1090-db import,,,,
AEEBAD,169460,,V22,V22,Mil,tar1090-db import,,,,
AEF421,23-46118,,B762,B762,Mil,tar1090-db import,,,,
AEF42D,24-03550,,MCDONNELL DOUGLAS AH-64 Apache,H64,Mil,tar1090-db import,,,,
AEF431,24-0021,,AT8T,AT8T,Mil,tar1090-db import,,,,
AEF436,25-21333,,SIKORSKY UH-60 Black Hawk,H60,Mil,tar1090-db import,,,,
AEF4C4,170340,,BOEING FA-18 SUPER HORNET,F18S,Mil,tar1090-db import,,,,
AEF550,22-03492,,MCDONNELL DOUGLAS AH-64 Apache,H64,Mil,tar1090-db import,,,,
AEF553,95-26612,,SIKORSKY UH-60 Black Hawk,H60,Mil,tar1090-db import,,,,
AEF829,22-46113,,BOEING 767-200,B762,Mil,tar1090-db import,,,,
AEF832,24-03545,,MCDONNELL DOUGLAS AH-64 Apache,H64,Mil,tar1090-db import,,,,
AEF83B,25-21328,,SIKORSKY UH-60 Black Hawk,H60,Mil,tar1090-db import,,,,
AEF94B,24-21287,,SIKORSKY UH-60 Black Hawk,H60,Mil,tar1090-db import,,,,
AEF94D,24-21298,,SIKORSKY UH-60 Black Hawk,H60,Mil,tar1090-db import,,,,
AEF94E,22-03493,,MCDONNELL DOUGLAS AH-64 Apache,H64,Mil,tar1090-db import,,,,
AEF950,89-26187,,H60,H60,Mil,tar1090-db import,,,,
AEF953,18-20983,,SIKORSKY UH-60 Black Hawk,H60,Mil,tar1090-db import,,,,
AEFCDF,22-03494,,MCDONNELL DOUGLAS AH-64 Apache,H64,Mil,tar1090-db import,,,,
AF04FC,22-03495,,MCDONNELL DOUGLAS AH-64 Apache,H64,Mil,tar1090-db import,,,,
AF08A2,22-03496,,MCDONNELL DOUGLAS AH-64 Apache,H64,Mil,tar1090-db import,,,,
AF0948,23-0013,,AIR TRACTOR AT-802,AT8T,Mil,tar1090-db import,,,,
AF094E,24-03542,,MCDONNELL DOUGLAS AH-64 Apache,H64,Mil,tar1090-db import,,,,
AF0955,25-21325,,SIKORSKY UH-60 Black Hawk,H60,Mil,tar1090-db import,,,,
AF0956,23-14563,,SIKORSKY UH-60 Black Hawk,H60,Mil,tar1090-db import,,,,
AF09C4,22-03497,,MCDONNELL DOUGLAS AH-64 Apache,H64,Mil,tar1090-db import,,,,
AF09CE,24-03532,,MCDONNELL DOUGLAS AH-64 Apache,H64,Mil,tar1090-db import,,,,
AF0A4A,24-21288,,SIKORSKY UH-60 Black Hawk,H60,Mil,tar1090-db import,,,,
AF0A4C,24-21299,,SIKORSKY UH-60 Black Hawk,H60,Mil,tar1090-db import,,,,
AF0A4D,22-03498,,MCDONNELL DOUGLAS AH-64 Apache,H64,Mil,tar1090-db import,,,,
AF0DB6,85-24451,,H60,H60,Mil,tar1090-db import,,,,
AF0DF6,85-24451,,H60,H60,Mil,tar1090-db import,,,,
AF1CB7,22-03499,,MCDONNELL DOUGLAS AH-64 Apache,H64,Mil,tar1090-db import,,,,
AF202D,170974,,BEECH 200 Super King Air,BE20,Mil,tar1090-db import,,,,
AF2030,23-46123,,BOEING 767-200,B762,Mil,tar1090-db import,,,,
AF203A,24-03555,,MCDONNELL DOUGLAS AH-64 Apache,H64,Mil,tar1090-db import,,,,
AF2136,22-03500,,MCDONNELL DOUGLAS AH-64 Apache,H64,Mil,tar1090-db import,,,,
AF213C,96-26698,,SIKORSKY UH-60 Black Hawk,H60,Mil,tar1090-db import,,,,
AF37B7,24-03551,,MCDONNELL DOUGLAS AH-64 Apache,H64,Mil,tar1090-db import,,,,
AF37C3,25-21334,,SIKORSKY UH-60 Black Hawk,H60,Mil,tar1090-db import,,,,
AF37C4,24-0022,,AT8T,AT8T,Mil,tar1090-db import,,,,
AF38BE,22-03501,,MCDONNELL DOUGLAS AH-64 Apache,H64,Mil,tar1090-db import,,,,
AF38C4,05-27050,,H60,H60,Mil,tar1090-db import,,,,
AF3B45,22-46100,,BOEING 767-200,B762,Mil,tar1090-db import,,,,
AF3B55,170347,,SIKORSKY CH-53 Super Stallion,H53S,Mil,tar1090-db import,,,,
AF3B58,170772,,BE20,BE20,Mil,tar1090-db import,,,,
AF3B62,25-21315,,SIKORSKY UH-60 Black Hawk,H60,Mil,tar1090-db import,,,,
AF3B64,23-14553,,SIKORSKY UH-60 Black Hawk,H60,Mil,tar1090-db import,,,,
AF3B67,25-7007,,BOEING T-7 Red Hawk,BT7,Mil,tar1090-db import,,,,
AF3BBE,21-0012,,F15,F15,Mil,tar1090-db import,,,,
AF3BC2,170113,,SIKORSKY UH-60 Black Hawk,H60,Mil,tar1090-db import,,,,
AF3BC5,CBP-247,,Q9,Q9,Mil,tar1090-db import,,,,
AF3BC6,170294,,SIKORSKY CH-53 Super Stallion,H53S,Mil,tar1090-db import,,,,
AF3BCA,19-46107,,BOEING 767-200,B762,Mil,tar1090-db import,,,,
AF3BCC,23-1021,,AGUSTA AW-139,A139,Mil,tar1090-db import,,,,
AF3BCD,25-21309,,SIKORSKY UH-60 Black Hawk,H60,Mil,tar1090-db import,,,,
AF3BCE,21-01005,,H47,H47,Mil,tar1090-db import,,,,
AF3BDA,21-08491,,BOEING-VERTOL CH-47 Chinook,H47,Mil,tar1090-db import,,,,
AF3BDE,170756,,BEECH 200 Super King Air,BE20,Mil,tar1090-db import,,,,
AF3BE1,6064,,SIKORSKY UH-60 Black Hawk,H60,Mil,tar1090-db import,,,,
AF3BE2,170765,,BEECH 200 Super King Air,BE20,Mil,tar1090-db import,,,,
AF3BE4,6067,,SIKORSKY UH-60 Black Hawk,H60,Mil,tar1090-db import,,,,
AF3BEA,22-14543,,SIKORSKY UH-60 Black Hawk,H60,Mil,tar1090-db import,,,,
AF3C49,22-14535,,SIKORSKY UH-60 Black Hawk,H60,Mil,tar1090-db import,,,,
AF3C51,21-14525,,SIKORSKY UH-60 Black Hawk,H60,Mil,tar1090-db import,,,,
AF3C54,169882,,E2,E2,Mil,tar1090-db import,,,,
AF3C55,22-03502,,MCDONNELL DOUGLAS AH-64 Apache,H64,Mil,tar1090-db import,,,,
AF3C5B,90-26219,,SIKORSKY UH-60 Black Hawk,H60,Mil,tar1090-db import,,,,
AF4DD8,22-03504,,MCDONNELL DOUGLAS AH-64 Apache,H64,Mil,tar1090-db import,,,,
AF4DDD,97-26752,,SIKORSKY UH-60 Black Hawk,H60,Mil,tar1090-db import,,,,
AF4EE1,170348,,SIKORSKY CH-53 Super Stallion,H53S,Mil,tar1090-db import,,,,
AF4EE3,170776,,BEECH 200 Super King Air,BE20,Mil,tar1090-db import,,,,
AF4EE7,22-46101,,BOEING 767-200,B762,Mil,tar1090-db import,,,,
AF4EED,25-21316,,SIKORSKY UH-60 Black Hawk,H60,Mil,tar1090-db import,,,,
AF4EF0,25-7008,,BOEING T-7 Red Hawk,BT7,Mil,tar1090-db import,,,,
AF4EF1,23-14554,,SIKORSKY UH-60 Black Hawk,H60,Mil,tar1090-db import,,,,
AF4F2F,170114,,SIKORSKY UH-60 Black Hawk,H60,Mil,tar1090-db import,,,,
AF4F31,170295,,SIKORSKY CH-53 Super Stallion,H53S,Mil,tar1090-db import,,,,
AF4F35,25-21310,,SIKORSKY UH-60 Black Hawk,H60,Mil,tar1090-db import,,,,
AF4F43,170757,,BEECH 200 Super King Air,BE20,Mil,tar1090-db import,,,,
AF4F46,170759,,BEECH 200 Super King Air,BE20,Mil,tar1090-db import,,,,
AF4F47,6065,,SIKORSKY UH-60 Black Hawk,H60,Mil,tar1090-db import,,,,
AF4F4B,23-1022,,AGUSTA AW-139,A139,Mil,tar1090-db import,,,,
AF4F4D,19-46109,,BOEING 767-200,B762,Mil,tar1090-db import,,,,
AF4F5C,170767,,BE20,BE20,Mil,tar1090-db import,,,,
AF4F5F,6068,,H60,H60,Mil,tar1090-db import,,,,
AF4F60,22-14544,,SIKORSKY UH-60 Black Hawk,H60,Mil,tar1090-db import,,,,
AF4FA1,22-14536,,SIKORSKY UH-60 Black Hawk,H60,Mil,tar1090-db import,,,,
AF4FA7,21-14526,,SIKORSKY UH-60 Black Hawk,H60,Mil,tar1090-db import,,,,
AF4FA9,169883,,NORTHROP GRUMMAN E-2 Hawkeye,E2,Mil,tar1090-db import,,,,
AF4FAA,22-03505,,MCDONNELL DOUGLAS AH-64 Apache,H64,Mil,tar1090-db import,,,,
AF4FAB,24-21300,,SIKORSKY UH-60 Black Hawk,H60,Mil,tar1090-db import,,,,
AF4FB3,18-20985,,SIKORSKY UH-60 Black Hawk,H60,Mil,tar1090-db import,,,,
AF5149,22-03506,,MCDONNELL DOUGLAS AH-64 Apache,H64,Mil,tar1090-db import,,,,
AF53B8,23-03507,,MCDONNELL DOUGLAS AH-64 Apache,H64,Mil,tar1090-db import,,,,
AF548D,24-03554,,MCDONNELL DOUGLAS AH-64 Apache,H64,Mil,tar1090-db import,,,,
AF54C1,170344,,BOEING FA-18 SUPER HORNET,F18S,Mil,tar1090-db import,,,,
AF551B,23-03508,,MCDONNELL DOUGLAS AH-64 Apache,H64,Mil,tar1090-db import,,,,
AF551E,02-26959,,SIKORSKY UH-60 Black Hawk,H60,Mil,tar1090-db import,,,,
AF612B,24-03557,,MCDONNELL DOUGLAS AH-64 Apache,H64,Mil,tar1090-db import,,,,
AF6130,23-46125,,B762,B762,Mil,tar1090-db import,,,,
AF61C6,23-03509,,MCDONNELL DOUGLAS AH-64 Apache,H64,Mil,tar1090-db import,,,,
AF61CA,97-26755,,SIKORSKY UH-60 Black Hawk,H60,Mil,tar1090-db import,,,,
AF662D,23-03510,,MCDONNELL DOUGLAS AH-64 Apache,H64,Mil,tar1090-db import,,,,
AF6BBD,24-03558,,MCDONNELL DOUGLAS AH-64 Apache,H64,Mil,tar1090-db import,,,,
AF6BCB,23-03511,,MCDONNELL DOUGLAS AH-64 Apache,H64,Mil,tar1090-db import,,,,
AF6C50,23-03512,,MCDONNELL DOUGLAS AH-64 Apache,H64,Mil,tar1090-db import,,,,
AF6C56,97-26751,,SIKORSKY UH-60 Black Hawk,H60,Mil,tar1090-db import,,,,
AF7831,23-03513,,MCDONNELL DOUGLAS AH-64 Apache,H64,Mil,tar1090-db import,,,,
AF7FFE,90-26307,,H60,H60,Mil,tar1090-db import,,,,
AF8023,23-03514,,MCDONNELL DOUGLAS AH-64 Apache,H64,Mil,tar1090-db import,,,,
AF8026,21-0009,,F15,F15,Mil,tar1090-db import,,,,
AF83EB,170346,,SIKORSKY CH-53 Super Stallion,H53S,Mil,tar1090-db import,,,,
AF83ED,170774,,BE20,BE20,Mil,tar1090-db import,,,,
AF83F5,22-0002,,AT8T,AT8T,Mil,tar1090-db import,,,,
AF83FA,25-21314,,SIKORSKY UH-60 Black Hawk,H60,Mil,tar1090-db import,,,,
AF83FE,25-7006,,BOEING T-7 Red Hawk,BT7,Mil,tar1090-db import,,,,
AF83FF,23-14552,,SIKORSKY UH-60 Black Hawk,H60,Mil,tar1090-db import,,,,
AF8400,170510,,C30J,C30J,Mil,tar1090-db import,,,,
AF8403,22-46099,,BOEING 767-200,B762,Mil,tar1090-db import,,,,
AF841C,170112,,SIKORSKY UH-60 Black Hawk,H60,Mil,tar1090-db import,,,,
AF841D,170293,,SIKORSKY CH-53 Super Stallion,H53S,Mil,tar1090-db import,,,,
AF841E,23-1018,,AGUSTA AW-139,A139,Mil,tar1090-db import,,,,
AF8421,CBP-245,,Q9,Q9,Mil,tar1090-db import,,,,
AF8423,21-01004,,BOEING-VERTOL CH-47 Chinook,H47,Mil,tar1090-db import,,,,
AF8424,170810,,C30J,C30J,Mil,tar1090-db import,,,,
AF8433,696121,,B06,B06,Mil,tar1090-db import,,,,
AF8434,6063,,SIKORSKY UH-60 Black Hawk,H60,Mil,tar1090-db import,,,,
AF8440,23-1020,,AGUSTA AW-139,A139,Mil,tar1090-db import,,,,
AF8444,19-46108,,BOEING 767-200,B762,Mil,tar1090-db import,,,,
AF8445,60116,,GLEX,GLEX,Mil,tar1090-db import,,,,
AF8455,21-08490,,BOEING-VERTOL CH-47 Chinook,H47,Mil,tar1090-db import,,,,
AF8457,170764,,BEECH 200 Super King Air,BE20,Mil,tar1090-db import,,,,
AF8458,22-14542,,SIKORSKY UH-60 Black Hawk,H60,Mil,tar1090-db import,,,,
AF847A,22-14537,,SIKORSKY UH-60 Black Hawk,H60,Mil,tar1090-db import,,,,
AF8483,23-03515,,MCDONNELL DOUGLAS AH-64 Apache,H64,Mil,tar1090-db import,,,,
AF8486,21-14527,,SIKORSKY UH-60 Black Hawk,H60,Mil,tar1090-db import,,,,
AF8487,97-26754,,SIKORSKY UH-60 Black Hawk,H60,Mil,tar1090-db import,,,,
AF8489,170292,,SIKORSKY CH-53 Super Stallion,H53S,Mil,tar1090-db import,,,,
AF85A8,170973,,BEECH 200 Super King Air,BE20,Mil,tar1090-db import,,,,
AF85AC,24-03540,,MCDONNELL DOUGLAS AH-64 Apache,H64,Mil,tar1090-db import,,,,
AF85AE,25-21323,,SIKORSKY UH-60 Black Hawk,H60,Mil,tar1090-db import,,,,
AF85B0,23-14561,,SIKORSKY UH-60 Black Hawk,H60,Mil,tar1090-db import,,,,
AF85B8,23-1016,,AGUSTA AW-139,A139,Mil,tar1090-db import,,,,
AF85E7,23-14551,,SIKORSKY UH-60 Black Hawk,H60,Mil,tar1090-db import,,,,
AF85EB,170775,,BE20,BE20,Mil,tar1090-db import,,,,
AF85FB,22-14538,,SIKORSKY UH-60 Black Hawk,H60,Mil,tar1090-db import,,,,
AF85FC,23-03516,,MCDONNELL DOUGLAS AH-64 Apache,H64,Mil,tar1090-db import,,,,
AF85FF,94-26535,,SIKORSKY UH-60 Black Hawk,H60,Mil,tar1090-db import,,,,
AF8601,24-21289,,SIKORSKY UH-60 Black Hawk,H60,Mil,tar1090-db import,,,,
AF8602,21-14528,,SIKORSKY UH-60 Black Hawk,H60,Mil,tar1090-db import,,,,
AF8603,18-20987,,SIKORSKY UH-60 Black Hawk,H60,Mil,tar1090-db import,,,,
AF8606,24-21301,,SIKORSKY UH-60 Black Hawk,H60,Mil,tar1090-db import,,,,
AF878B,23-03517,,MCDONNELL DOUGLAS AH-64 Apache,H64,Mil,tar1090-db import,,,,
AF8DB7,85-24451,,H60,H60,Mil,tar1090-db import,,,,
AF9B55,170971,,BE20,BE20,Mil,tar1090-db import,,,,
AF9B59,24-03538,,MCDONNELL DOUGLAS AH-64 Apache,H64,Mil,tar1090-db import,,,,
AF9B5D,23-14559,,SIKORSKY UH-60 Black Hawk,H60,Mil,tar1090-db import,,,,
AF9B66,22-46106,,BOEING 767-200,B762,Mil,tar1090-db import,,,,
AF9B68,22-1014,,AGUSTA AW-139,A139,Mil,tar1090-db import,,,,
AF9B91,23-14549,,SIKORSKY UH-60 Black Hawk,H60,Mil,tar1090-db import,,,,
AF9B93,170769,,BE20,BE20,Mil,tar1090-db import,,,,
AF9BA1,22-14539,,SIKORSKY UH-60 Black Hawk,H60,Mil,tar1090-db import,,,,
AF9BA4,23-03518,,MCDONNELL DOUGLAS AH-64 Apache,H64,Mil,tar1090-db import,,,,
AF9BA5,21-14529,,SIKORSKY UH-60 Black Hawk,H60,Mil,tar1090-db import,,,,
AF9BA8,06-27089,,SIKORSKY UH-60 Black Hawk,H60,Mil,tar1090-db import,,,,
AF9BA9,24-21302,,SIKORSKY UH-60 Black Hawk,H60,Mil,tar1090-db import,,,,
AF9BAB,18-20988,,SIKORSKY UH-60 Black Hawk,H60,Mil,tar1090-db import,,,,
AF9E12,24-0023,,AT8T,AT8T,Mil,tar1090-db import,,,,
AF9E17,24-03552,,MCDONNELL DOUGLAS AH-64 Apache,H64,Mil,tar1090-db import,,,,
AF9E18,25-21335,,SIKORSKY UH-60 Black Hawk,H60,Mil,tar1090-db import,,,,
AF9E2A,23-46120,,BOEING 767-200,B762,Mil,tar1090-db import,,,,
AF9E53,23-03519,,MCDONNELL DOUGLAS AH-64 Apache,H64,Mil,tar1090-db import,,,,
AF9FDF,83-23886,,H60,H60,Mil,tar1090-db import,,,,
AFA14E,170779,,BE20,BE20,Mil,tar1090-db import,,,,
AFA151,23-14557,,SIKORSKY UH-60 Black Hawk,H60,Mil,tar1090-db import,,,,
AFA152,25-21319,,SIKORSKY UH-60 Black Hawk,H60,Mil,tar1090-db import,,,,
AFA15E,170763,,BEECH 200 Super King Air,BE20,Mil,tar1090-db import,,,,
AFA161,170339,,BOEING FA-18 SUPER HORNET,F18S,Mil,tar1090-db import,,,,
AFA173,24-1025,,AGUSTA AW-139,A139,Mil,tar1090-db import,,,,
AFA174,22-46104,,BOEING 767-200,B762,Mil,tar1090-db import,,,,
AFA175,19-46111,,BOEING 767-200,B762,Mil,tar1090-db import,,,,
AFA187,23-03520,,MCDONNELL DOUGLAS AH-64 Apache,H64,Mil,tar1090-db import,,,,
AFA189,22-14540,,SIKORSKY UH-60 Black Hawk,H60,Mil,tar1090-db import,,,,
AFA18B,21-14530,,SIKORSKY UH-60 Black Hawk,H60,Mil,tar1090-db import,,,,
AFA18C,18-20989,,SIKORSKY UH-60 Black Hawk,H60,Mil,tar1090-db import,,,,
AFA190,23-14547,,SIKORSKY UH-60 Black Hawk,H60,Mil,tar1090-db import,,,,
AFA191,24-21303,,SIKORSKY UH-60 Black Hawk,H60,Mil,tar1090-db import,,,,
AFA195,170766,,BEECH 200 Super King Air,BE20,Mil,tar1090-db import,,,,
AFA80D,25-21327,,SIKORSKY UH-60 Black Hawk,H60,Mil,tar1090-db import,,,,
AFA813,24-03544,,MCDONNELL DOUGLAS AH-64 Apache,H64,Mil,tar1090-db import,,,,
AFA822,23-03521,,MCDONNELL DOUGLAS AH-64 Apache,H64,Mil,tar1090-db import,,,,
AFA82A,24-21290,,SIKORSKY UH-60 Black Hawk,H60,Mil,tar1090-db import,,,,
AFA82B,24-21304,,SIKORSKY UH-60 Black Hawk,H60,Mil,tar1090-db import,,,,
AFABA9,23-03522,,MCDONNELL DOUGLAS AH-64 Apache,H64,Mil,tar1090-db import,,,,
AFABAD,00-26872,,SIKORSKY UH-60 Black Hawk,H60,Mil,tar1090-db import,,,,
AFB21B,170329,,BOEING FA-18 SUPER HORNET,F18S,Mil,tar1090-db import,,,,
AFB220,23-14560,,SIKORSKY UH-60 Black Hawk,H60,Mil,tar1090-db import,,,,
AFB22B,170972,,BE20,BE20,Mil,tar1090-db import,,,,
AFB234,23-03523,,MCDONNELL DOUGLAS AH-64 Apache,H64,Mil,tar1090-db import,,,,
AFB238,18-20991,,SIKORSKY UH-60 Black Hawk,H60,Mil,tar1090-db import,,,,
AFB23C,22-14541,,SIKORSKY UH-60 Black Hawk,H60,Mil,tar1090-db import,,,,
AFB23E,24-21305,,SIKORSKY UH-60 Black Hawk,H60,Mil,tar1090-db import,,,,
AFB24B,23-14550,,SIKORSKY UH-60 Black Hawk,H60,Mil,tar1090-db import,,,,
AFB24F,170771,,BEECH 200 Super King Air,BE20,Mil,tar1090-db import,,,,
AFB66F,24-03562,,H64,H64,Mil,tar1090-db import,,,,
AFB673,23-03524,,MCDONNELL DOUGLAS AH-64 Apache,H64,Mil,tar1090-db import,,,,
AFB674,95-26617,,SIKORSKY UH-60 Black Hawk,H60,Mil,tar1090-db import,,,,
AFB8A2,23-03525,,MCDONNELL DOUGLAS AH-64 Apache,H64,Mil,tar1090-db import,,,,
AFB8A9,24-03561,,MCDONNELL DOUGLAS AH-64 Apache,H64,Mil,tar1090-db import,,,,
AFC64B,23-0014,,AT8T,AT8T,Mil,tar1090-db import,,,,
AFC658,25-21326,,SIKORSKY UH-60 Black Hawk,H60,Mil,tar1090-db import,,,,
AFC659,23-1019,,AGUSTA AW-139,A139,Mil,tar1090-db import,,,,
AFC660,24-03543,,MCDONNELL DOUGLAS AH-64 Apache,H64,Mil,tar1090-db import,,,,
AFC662,23-03526,,MCDONNELL DOUGLAS AH-64 Apache,H64,Mil,tar1090-db import,,,,
AFC663,91-26320,,H60,H60,Mil,tar1090-db import,,,,
AFC664,18-20992,,SIKORSKY UH-60 Black Hawk,H60,Mil,tar1090-db import,,,,
AFC669,24-21291,,SIKORSKY UH-60 Black Hawk,H60,Mil,tar1090-db import,,,,
AFC66A,24-21306,,SIKORSKY UH-60 Black Hawk,H60,Mil,tar1090-db import,,,,
AFC673,24-03533,,MCDONNELL DOUGLAS AH-64 Apache,H64,Mil,tar1090-db import,,,,
AFCA0A,24-0018,,AIR TRACTOR AT-802,AT8T,Mil,tar1090-db import,,,,
AFCA14,25-21330,,SIKORSKY UH-60 Black Hawk,H60,Mil,tar1090-db import,,,,
AFCA17,23-03527,,MCDONNELL DOUGLAS AH-64 Apache,H64,Mil,tar1090-db import,,,,
AFCA18,18-20993,,SIKORSKY UH-60 Black Hawk,H60,Mil,tar1090-db import,,,,
AFCA1F,24-21307,,SIKORSKY UH-60 Black Hawk,H60,Mil,tar1090-db import,,,,
AFCA20,24-21292,,SIKORSKY UH-60 Black Hawk,H60,Mil,tar1090-db import,,,,
AFCA22,24-03547,,MCDONNELL DOUGLAS AH-64 Apache,H64,Mil,tar1090-db import,,,,
AFCA38,23-46115,,B762,B762,Mil,tar1090-db import,,,,
AFCDAD,83-23889,,H60,H60,Mil,tar1090-db import,,,,
AFDAA6,23-03528,,MCDONNELL DOUGLAS AH-64 Apache,H64,Mil,tar1090-db import,,,,
AFEA6A,23-03529,,MCDONNELL DOUGLAS AH-64 Apache,H64,Mil,tar1090-db import,,,,
AFEAC5,24-0020,,AT8T,AT8T,Mil,tar1090-db import,,,,
AFEAC6,25-21332,,SIKORSKY UH-60 Black Hawk,H60,Mil,tar1090-db import,,,,
AFEAC9,24-03549,,MCDONNELL DOUGLAS AH-64 Apache,H64,Mil,tar1090-db import,,,,
AFEAD2,23-46117,,BOEING 767-200,B762,Mil,tar1090-db import,,,,
AFEAD4,23-03530,,MCDONNELL DOUGLAS AH-64 Apache,H64,Mil,tar1090-db import,,,,
AFEAD6,24-03539,,MCDONNELL DOUGLAS AH-64 Apache,H64,Mil,tar1090-db import,,,,
AFEC5C,6066,,SIKORSKY UH-60 Black Hawk,H60,Mil,tar1090-db import,,,,
AFEFFC,23-0017,,AIR TRACTOR AT-802,AT8T,Mil,tar1090-db import,,,,
AFEFFD,25-21329,,SIKORSKY UH-60 Black Hawk,H60,Mil,tar1090-db import,,,,
AFF003,24-03546,,MCDONNELL DOUGLAS AH-64 Apache,H64,Mil,tar1090-db import,,,,
AFF005,24-21293,,SIKORSKY UH-60 Black Hawk,H60,Mil,tar1090-db import,,,,
AFF006,24-21308,,SIKORSKY UH-60 Black Hawk,H60,Mil,tar1090-db import,,,,
AFF011,24-03536,,MCDONNELL DOUGLAS AH-64 Apache,H64,Mil,tar1090-db import,,,,
AFF012,23-46114,,BOEING 767-200,B762,Mil,tar1090-db import,,,,
AFF47E,24-21284,,SIKORSKY UH-60 Black Hawk,H60,Mil,tar1090-db import,,,,
AFF79C,95-26620,,H60,H60,Mil,tar1090-db import,,,,
AFFFFF,MM81701,,AGUSTA AW-109 Grand,A109,Mil,tar1090-db import,,,,
B18BA5,62-3508,,K35R,K35R,Mil,tar1090-db import,,,,
B1A744,165751,,H60,H60,Mil,tar1090-db import,,,,
B1DB41,14-20707,,H60,H60,Mil,tar1090-db import,,,,
B1F4E6,22-03459,,H64,H64,Mil,tar1090-db import,,,,
B1F4E8,22-03461,,H64,H64,Mil,tar1090-db import,,,,
B3E2C2,165478,,HAWK,HAWK,Mil,tar1090-db import,,,,
B9BC5F,18-20984,,H60,H60,Mil,tar1090-db import,,,,
B9C2CF,165469,,HAWK,HAWK,Mil,tar1090-db import,,,,
BA4E53,168220,,V22,V22,Mil,tar1090-db import,,,,
BE09C0,94-26554,,H60,H60,Mil,tar1090-db import,,,,
BE27F7,6007,,H60,H60,Mil,tar1090-db import,,,,
C00943,C-FDNE,,BEECHCRAFT Super King Air 350,B350,Mil,tar1090-db import,,,,
C02043,C-FMFQ,,BEECH 90 King Air,BE9L,Mil,tar1090-db import,,,,
C02044,C-FMFR,,BEECH 90 King Air,BE9L,Mil,tar1090-db import,,,,
C02045,C-FMFS,,BEECH 90 King Air,BE9L,Mil,tar1090-db import,,,,
C02047,C-FMFU,,BEECH 90 King Air,BE9L,Mil,tar1090-db import,,,,
C0204A,C-FMFX,,BEECH 90 King Air,BE9L,Mil,tar1090-db import,,,,
C0204B,C-FMFY,,BEECH 90 King Air,BE9L,Mil,tar1090-db import,,,,
C0204C,C-FMFZ,,BEECH 90 King Air,BE9L,Mil,tar1090-db import,,,,
C02820,C-FPFB,,GROB G-120,G120,Mil,tar1090-db import,,,,
C02825,C-FPFG,,GROB G-120,G120,Mil,tar1090-db import,,,,
C02828,C-FPFJ,,GROB G-120,G120,Mil,tar1090-db import,,,,
C02829,C-FPFK,,GROB G-120,G120,Mil,tar1090-db import,,,,
C0282A,C-FPFL,,GROB G-120,G120,Mil,tar1090-db import,,,,
C0282B,C-FPFM,,GROB G-120,G120,Mil,tar1090-db import,,,,
C0282C,C-FPFN,,GROB G-120,G120,Mil,tar1090-db import,,,,
C0282D,C-FPFO,,GROB G-120,G120,Mil,tar1090-db import,,,,
C02833,C-FPFU,,GROB G-120,G120,Mil,tar1090-db import,,,,
C02834,C-FPFV,,GROB G-120,G120,Mil,tar1090-db import,,,,
C02835,C-FPFW,,GROB G-120,G120,Mil,tar1090-db import,,,,
C032E3,C-FTHA,,BELL 206 JetRanger,B06,Mil,tar1090-db import,,,,
C032E4,C-FTHB,,BELL 206 JetRanger,B06,Mil,tar1090-db import,,,,
C032E5,C-FTHC,,BELL 206 JetRanger,B06,Mil,tar1090-db import,,,,
C032EC,C-FTHJ,,B06,B06,Mil,tar1090-db import,,,,
C032ED,C-FTHK,,B06,B06,Mil,tar1090-db import,,,,
C032EE,C-FTHL,,BELL 206 JetRanger,B06,Mil,tar1090-db import,,,,
C032EF,C-FTHM,,B06,B06,Mil,tar1090-db import,,,,
C032F2,C-FTHP,,BELL 206 JetRanger,B06,Mil,tar1090-db import,,,,
C032F3,C-FTHQ,,BELL 206 JetRanger,B06,Mil,tar1090-db import,,,,
C032F4,C-FTHR,,BELL 206 JetRanger,B06,Mil,tar1090-db import,,,,
C032F8,C-FTHV,,BELL 206 JetRanger,B06,Mil,tar1090-db import,,,,
C032F9,C-FTHW,,BELL 206 JetRanger,B06,Mil,tar1090-db import,,,,
C032FA,C-FTHX,,BELL 206 JetRanger,B06,Mil,tar1090-db import,,,,
C041EF,C-FYZE,,BELL 412,B412,Mil,tar1090-db import,,,,
C041F3,C-FYZI,,BELL 412,B412,Mil,tar1090-db import,,,,
C041F5,C-FYZK,,BELL 412,B412,Mil,tar1090-db import,,,,
C041F6,C-FYZL,,BELL 412,B412,Mil,tar1090-db import,,,,
C041F7,C-FYZM,,BELL 412,B412,Mil,tar1090-db import,,,,
C041FA,C-FYZP,,BELL 412,B412,Mil,tar1090-db import,,,,
C041FB,C-FYZQ,,BELL 412,B412,Mil,tar1090-db import,,,,
C041FC,C-FYZR,,BELL 412,B412,Mil,tar1090-db import,,,,
C041FE,C-FYZT,,BELL 412,B412,Mil,tar1090-db import,,,,
C06CCB,C-GPFE,,GROB G-120,G120,Mil,tar1090-db import,,,,
C06CE0,C-GPFZ,,GROB G-120,G120,Mil,tar1090-db import,,,,
C082F0,C-GXPF,,GROB G-120,G120,Mil,tar1090-db import,,,,
C2AF4F,130332,,Lockheed CC-130H Hercules,C130,Mil,tar1090-db import,,,,
C2AF59,130333,,Lockheed CC-130H Hercules,C130,Mil,tar1090-db import,,,,
C2AF63,130334,,Lockheed CC-130H Hercules,C130,Mil,tar1090-db import,,,,
C2AF6D,130335,,Lockheed CC-130H Hercules,C130,Mil,tar1090-db import,,,,
C2AF77,130336,,Lockheed CC-130H Hercules,C130,Mil,tar1090-db import,,,,
C2AF81,130337,,Lockheed CC-130H Hercules,C130,Mil,tar1090-db import,,,,
C2AFB3,130343,,Lockheed CC-130H Hercules,C130,Mil,tar1090-db import,,,,
C2AFBD,130344,,Lockheed CC-130H Hercules,C130,Mil,tar1090-db import,,,,
C2AFD1,156101,,BEECHCRAFT T-6 Texan 2,TEX2,Mil,tar1090-db import,,,,
C2B003,156106,,BEECHCRAFT T-6 Texan 2,TEX2,Mil,tar1090-db import,,,,
C2B00D,156107,,BEECHCRAFT T-6 Texan 2,TEX2,Mil,tar1090-db import,,,,
C2B017,156108,,BEECHCRAFT T-6 Texan 2,TEX2,Mil,tar1090-db import,,,,
C2B021,156109,,BEECHCRAFT T-6 Texan 2,TEX2,Mil,tar1090-db import,,,,
C2B02B,156110,,BEECHCRAFT T-6 Texan 2,TEX2,Mil,tar1090-db import,,,,
C2B035,156111,,BEECHCRAFT T-6 Texan 2,TEX2,Mil,tar1090-db import,,,,
C2B03F,156112,,BEECHCRAFT T-6 Texan 2,TEX2,Mil,tar1090-db import,,,,
C2B049,156113,,BEECHCRAFT T-6 Texan 2,TEX2,Mil,tar1090-db import,,,,
C2B053,156114,,BEECHCRAFT T-6 Texan 2,TEX2,Mil,tar1090-db import,,,,
C2B067,156116,,BEECHCRAFT T-6 Texan 2,TEX2,Mil,tar1090-db import,,,,
C2B071,156117,,BEECHCRAFT T-6 Texan 2,TEX2,Mil,tar1090-db import,,,,
C2B07B,156118,,BEECHCRAFT T-6 Texan 2,TEX2,Mil,tar1090-db import,,,,
C2B085,156119,,BEECHCRAFT T-6 Texan 2,TEX2,Mil,tar1090-db import,,,,
C2B08F,156120,,BEECHCRAFT T-6 Texan 2,TEX2,Mil,tar1090-db import,,,,
C2B099,156121,,BEECHCRAFT T-6 Texan 2,TEX2,Mil,tar1090-db import,,,,
C2B0A3,156122,,BEECHCRAFT T-6 Texan 2,TEX2,Mil,tar1090-db import,,,,
C2B0AD,156123,,BEECHCRAFT T-6 Texan 2,TEX2,Mil,tar1090-db import,,,,
C2B0B7,156124,,BEECHCRAFT T-6 Texan 2,TEX2,Mil,tar1090-db import,,,,
C2B0C1,156125,,BEECHCRAFT T-6 Texan 2,TEX2,Mil,tar1090-db import,,,,
C2B0CB,156126,,BEECHCRAFT T-6 Texan 2,TEX2,Mil,tar1090-db import,,,,
C2B0FD,149901,,EH10,EH10,Mil,tar1090-db import,,,,
C2B107,149902,,AGUSTA WESTLAND EH-101 Merlin,EH10,Mil,tar1090-db import,,,,
C2B111,149903,,EH10,EH10,Mil,tar1090-db import,,,,
C2B11B,149904,,AGUSTA WESTLAND EH-101 Merlin,EH10,Mil,tar1090-db import,,,,
C2B125,149905,,EH10,EH10,Mil,tar1090-db import,,,,
C2B12F,149906,,AGUSTA WESTLAND EH-101 Merlin,EH10,Mil,tar1090-db import,,,,
C2B139,149907,,AGUSTA WESTLAND EH-101 Merlin,EH10,Mil,tar1090-db import,,,,
C2B143,149908,,AGUSTA WESTLAND EH-101 Merlin,EH10,Mil,tar1090-db import,,,,
C2B14D,149909,,AGUSTA WESTLAND EH-101 Merlin,EH10,Mil,tar1090-db import,,,,
C2B157,149910,,AGUSTA WESTLAND EH-101 Merlin,EH10,Mil,tar1090-db import,,,,
C2B161,149911,,AGUSTA WESTLAND EH-101 Merlin,EH10,Mil,tar1090-db import,,,,
C2B16B,149912,,AGUSTA WESTLAND EH-101 Merlin,EH10,Mil,tar1090-db import,,,,
C2B175,149913,,AGUSTA WESTLAND EH-101 Merlin,EH10,Mil,tar1090-db import,,,,
C2B17F,149914,,EH10,EH10,Mil,tar1090-db import,,,,
C2B189,149915,,AGUSTA WESTLAND EH-101 Merlin,EH10,Mil,tar1090-db import,,,,
C2B2D3,142803,,DE HAVILLAND DHC-8-100 Dash 8,DH8A,Mil,tar1090-db import,,,,
C2B2DD,142804,,DE HAVILLAND DHC-8-100 Dash 8,DH8A,Mil,tar1090-db import,,,,
C2B2E7,142805,,DE HAVILLAND DHC-8-100 Dash 8,DH8A,Mil,tar1090-db import,,,,
C2B2F1,142806,,DE HAVILLAND DHC-8-300 Dash 8,DH8C,Mil,tar1090-db import,,,,
C2B319,13802,,DE HAVILLAND DHC-6 Twin Otter,DHC6,Mil,tar1090-db import,,,,
C2B323,13803,,DE HAVILLAND DHC-6 Twin Otter,DHC6,Mil,tar1090-db import,,,,
C2B39B,144614,,BOMBARDIER CL-600 Challenger,CL60,Mil,tar1090-db import,,,,
C2B3A5,144615,,BOMBARDIER CL-600 Challenger,CL60,Mil,tar1090-db import,,,,
C2B409,148802,,S92,S92,Mil,tar1090-db import,,,,
C2B413,148803,,SIKORSKY S-92 Helibus,S92,Mil,tar1090-db import,,,,
C2B41D,148804,,SIKORSKY S-92 Helibus,S92,Mil,tar1090-db import,,,,
C2B427,148805,,SIKORSKY S-92 Helibus,S92,Mil,tar1090-db import,,,,
C2B431,148806,,SIKORSKY S-92 Helibus,S92,Mil,tar1090-db import,,,,
C2B43B,148807,,SIKORSKY S-92 Helibus,S92,Mil,tar1090-db import,,,,
C2B445,148808,,SIKORSKY S-92 Helibus,S92,Mil,tar1090-db import,,,,
C2B44F,148809,,SIKORSKY S-92 Helibus,S92,Mil,tar1090-db import,,,,
C2B459,148810,,SIKORSKY S-92 Helibus,S92,Mil,tar1090-db import,,,,
C2B463,148811,,SIKORSKY S-92 Helibus,S92,Mil,tar1090-db import,,,,
C2B46D,148812,,SIKORSKY S-92 Helibus,S92,Mil,tar1090-db import,,,,
C2B477,148813,,SIKORSKY S-92 Helibus,S92,Mil,tar1090-db import,,,,
C2B481,148814,,SIKORSKY S-92 Helibus,S92,Mil,tar1090-db import,,,,
C2B48B,148815,,SIKORSKY S-92 Helibus,S92,Mil,tar1090-db import,,,,
C2B495,148816,,S92,S92,Mil,tar1090-db import,,,,
C2B49F,148817,,SIKORSKY S-92 Helibus,S92,Mil,tar1090-db import,,,,
C2B4A9,148818,,SIKORSKY S-92 Helibus,S92,Mil,tar1090-db import,,,,
C2B4B3,148819,,SIKORSKY S-92 Helibus,S92,Mil,tar1090-db import,,,,
C2B4BD,148820,,SIKORSKY S-92 Helibus,S92,Mil,tar1090-db import,,,,
C2B4C7,148821,,SIKORSKY S-92 Helibus,S92,Mil,tar1090-db import,,,,
C2B4DB,148823,,SIKORSKY S-92 Helibus,S92,Mil,tar1090-db import,,,,
C2B4E5,148824,,SIKORSKY S-92 Helibus,S92,Mil,tar1090-db import,,,,
C2B4EF,148825,,S92,S92,Mil,tar1090-db import,,,,
C2B4F9,148826,,SIKORSKY S-92 Helibus,S92,Mil,tar1090-db import,,,,
C2B503,148827,,SIKORSKY S-92 Helibus,S92,Mil,tar1090-db import,,,,
C2B50D,148828,,SIKORSKY S-92 Helibus,S92,Mil,tar1090-db import,,,,
C2B517,148801,,SIKORSKY S-92 Helibus,S92,Mil,tar1090-db import,,,,
C2B57B,130609,,Lockheed Martin CC-130J-30 Hercules,C30J,Mil,tar1090-db import,,,,
C2B5A3,130613,,Lockheed Martin CC-130J-30 Hercules,C30J,Mil,tar1090-db import,,,,
C2B82D,146467,,BELL 412,B412,Mil,tar1090-db import,,,,
C2BB2F,147302,,BOEING-VERTOL CH-47 Chinook,H47,Mil,tar1090-db import,,,,
C2BB39,147303,,BOEING-VERTOL CH-47 Chinook,H47,Mil,tar1090-db import,,,,
C2BB43,147304,,BOEING-VERTOL CH-47 Chinook,H47,Mil,tar1090-db import,,,,
C2BB4D,147305,,BOEING-VERTOL CH-47 Chinook,H47,Mil,tar1090-db import,,,,
C2BB61,147307,,BOEING-VERTOL CH-47 Chinook,H47,Mil,tar1090-db import,,,,
C2BB6B,147308,,BOEING-VERTOL CH-47 Chinook,H47,Mil,tar1090-db import,,,,
C2BB7F,147310,,BOEING-VERTOL CH-47 Chinook,H47,Mil,tar1090-db import,,,,
C2BB89,147311,,BOEING-VERTOL CH-47 Chinook,H47,Mil,tar1090-db import,,,,
C2BB93,147312,,BOEING-VERTOL CH-47 Chinook,H47,Mil,tar1090-db import,,,,
C2BB9D,147313,,BOEING-VERTOL CH-47 Chinook,H47,Mil,tar1090-db import,,,,
C2BBB1,147315,,BOEING-VERTOL CH-47 Chinook,H47,Mil,tar1090-db import,,,,
C2BCAB,295501,,CASA C-295 Persuader,C295,Mil,tar1090-db import,,,,
C2BCB5,295502,,C295,C295,Mil,tar1090-db import,,,,
C2BCC9,295503,,CASA C-295 Persuader,C295,Mil,tar1090-db import,,,,
C2BCD3,295504,,CASA C-295 Persuader,C295,Mil,tar1090-db import,,,,
C2BCDD,295505,,CASA C-295 Persuader,C295,Mil,tar1090-db import,,,,
C2BCE7,295506,,CASA C-295 Persuader,C295,Mil,tar1090-db import,,,,
C2BCF1,295507,,CASA C-295 Persuader,C295,Mil,tar1090-db import,,,,
C2BCFB,295508,,CASA C-295 Persuader,C295,Mil,tar1090-db import,,,,
C2BD05,295509,,CASA C-295 Persuader,C295,Mil,tar1090-db import,,,,
C2BD0F,295510,,CASA C-295 Persuader,C295,Mil,tar1090-db import,,,,
C2BD19,295511,,CASA C-295 Persuader,C295,Mil,tar1090-db import,,,,
C2BD23,295512,,CASA C-295 Persuader,C295,Mil,tar1090-db import,,,,
C2BD2D,295513,,CASA C-295 Persuader,C295,Mil,tar1090-db import,,,,
C2BD37,295514,,CASA C-295 Persuader,C295,Mil,tar1090-db import,,,,
C2BD41,295515,,CASA C-295 Persuader,C295,Mil,tar1090-db import,,,,
C2BD4B,295516,,CASA C-295 Persuader,C295,Mil,tar1090-db import,,,,
C2BDC3,188757,,BOEING FA-18 HORNET,F18H,Mil,tar1090-db import,,,,
C2BDCD,188759,,F18H,F18H,Mil,tar1090-db import,,,,
C2BDE1,188774,,BOEING FA-18 HORNET,F18H,Mil,tar1090-db import,,,,
C2BDFF,188787,,BOEING FA-18 HORNET,F18H,Mil,tar1090-db import,,,,
C2BE27,188053,,F18H,F18H,Mil,tar1090-db import,,,,
C2BE88,188921,,BOEING FA-18 HORNET,F18H,Mil,tar1090-db import,,,,
C2BEDB,188735,,BOEING FA-18 HORNET,F18H,Mil,tar1090-db import,,,,
C2BF17,188936,,F18H,F18H,Mil,tar1090-db import,,,,
C2BF2B,188770,,F18H,F18H,Mil,tar1090-db import,,,,
C2BF67,188932,,F18H,F18H,Mil,tar1090-db import,,,,
C2BFAD,188796,,F18H,F18H,Mil,tar1090-db import,,,,
C2BFC1,188730,,BOEING FA-18 HORNET,F18H,Mil,tar1090-db import,,,,
C2BFD5,188763,,F18H,F18H,Mil,tar1090-db import,,,,
C2BFFD,188782,,BOEING FA-18 HORNET,F18H,Mil,tar1090-db import,,,,
C2C007,188783,,F18H,F18H,Mil,tar1090-db import,,,,
C2C04D,188736,,BOEING FA-18 HORNET,F18H,Mil,tar1090-db import,,,,
C2C07F,188742,,BOEING FA-18 HORNET,F18H,Mil,tar1090-db import,,,,
C2C093,188790,,F18H,F18H,Mil,tar1090-db import,,,,
C2C313,145405,,BEECHCRAFT Super King Air 350,B350,Mil,tar1090-db import,,,,
C2C31D,145407,,BEECHCRAFT Super King Air 350,B350,Mil,tar1090-db import,,,,
C2C4E9,102201,,G12T,G12T,Mil,tar1090-db import,,,,
C2C4F3,102202,,G12T,G12T,Mil,tar1090-db import,,,,
C2C4FD,102203,,GROB G-120TP,G12T,Mil,tar1090-db import,,,,
C2C511,102204,,G12T,G12T,Mil,tar1090-db import,,,,
C2C525,102207,,GROB G-120TP,G12T,Mil,tar1090-db import,,,,
C6D896,2030,,EC45,EC45,Mil,tar1090-db import,,,,
C6E896,2031,,EC45,EC45,Mil,tar1090-db import,,,,
C6F896,2032,,EC45,EC45,Mil,tar1090-db import,,,,
C87F02,NZ7001,,LOCKHEED C-130 Hercules,C130,Mil,tar1090-db import,,,,
C87F03,NZ7002,,LOCKHEED C-130 Hercules,C130,Mil,tar1090-db import,,,,
C87F05,NZ7004,,LOCKHEED C-130 Hercules,C130,Mil,tar1090-db import,,,,
C87F06,NZ7005,,LOCKHEED C-130 Hercules,C130,Mil,tar1090-db import,,,,
C87F16,NZ3401,,AGUSTA AW-109 Grand,A109,Mil,tar1090-db import,,,,
C87F17,NZ3402,,AGUSTA AW-109 Grand,A109,Mil,tar1090-db import,,,,
C87F18,NZ3403,,AGUSTA AW-109 Grand,A109,Mil,tar1090-db import,,,,
C87F19,NZ3404,,AGUSTA AW-109 Grand,A109,Mil,tar1090-db import,,,,
C87F1A,NZ3405,,AGUSTA AW-109 Grand,A109,Mil,tar1090-db import,,,,
C87F21,NZ1401,,BEECHCRAFT T-6 Texan 2,TEX2,Mil,tar1090-db import,,,,
C87F22,NZ1402,,BEECHCRAFT T-6 Texan 2,TEX2,Mil,tar1090-db import,,,,
C87F23,NZ1403,,BEECHCRAFT T-6 Texan 2,TEX2,Mil,tar1090-db import,,,,
C87F24,NZ1404,,BEECHCRAFT T-6 Texan 2,TEX2,Mil,tar1090-db import,,,,
C87F25,NZ1405,,BEECHCRAFT T-6 Texan 2,TEX2,Mil,tar1090-db import,,,,
C87F26,NZ1406,,BEECHCRAFT T-6 Texan 2,TEX2,Mil,tar1090-db import,,,,
C87F27,NZ1407,,BEECHCRAFT T-6 Texan 2,TEX2,Mil,tar1090-db import,,,,
C87F28,NZ1408,,BEECHCRAFT T-6 Texan 2,TEX2,Mil,tar1090-db import,,,,
C87F29,NZ1409,,BEECHCRAFT T-6 Texan 2,TEX2,Mil,tar1090-db import,,,,
C87F2A,NZ1410,,BEECHCRAFT T-6 Texan 2,TEX2,Mil,tar1090-db import,,,,
C87F2B,NZ1411,,BEECHCRAFT T-6 Texan 2,TEX2,Mil,tar1090-db import,,,,
C87F36,NZ2350,,BEECHCRAFT Super King Air 350,B350,Mil,tar1090-db import,,,,
C87F37,NZ2351,,BEECH 200 Super King Air,BE20,Mil,tar1090-db import,,,,
C87F38,NZ2352,,BEECHCRAFT Super King Air 350,B350,Mil,tar1090-db import,,,,
C87F39,NZ2353,,BEECHCRAFT Super King Air 350,B350,Mil,tar1090-db import,,,,
C87F3E,NZ7011,,LOCKHEED MARTIN C-130J Super Hercules,C30J,Mil,tar1090-db import,,,,
C87F3F,NZ7012,,LOCKHEED MARTIN C-130J Super Hercules,C30J,Mil,tar1090-db import,,,,
C87F40,NZ7013,,LOCKHEED MARTIN C-130J Super Hercules,C30J,Mil,tar1090-db import,,,,
C87F41,NZ7014,,LOCKHEED MARTIN C-130J Super Hercules,C30J,Mil,tar1090-db import,,,,
C87F42,NZ7015,,LOCKHEED MARTIN C-130J Super Hercules,C30J,Mil,tar1090-db import,,,,
E01645,ARG-02,,B735,B735,Mil,tar1090-db import,,,,
E0B2D8,LQ-KKX,,BE20,BE20,Mil,tar1090-db import,,,,
E14C70,T-10,,LEARJET 60,LJ60,Mil,tar1090-db import,,,,
E20007,TC-61,,LOCKHEED C-130 Hercules,C130,Mil,tar1090-db import,,,,
E20008,TC-64,,LOCKHEED C-130 Hercules,C130,Mil,tar1090-db import,,,,
E20017,TC-85,,DE HAVILLAND DHC-6 Twin Otter,DHC6,Mil,tar1090-db import,,,,
E20018,T-22,,LEARJET 35,LJ35,Mil,tar1090-db import,,,,
E20019,T-82,,DHC6,DHC6,Mil,tar1090-db import,,,,
E2001C,E-501,,GROB G-120,G120,Mil,tar1090-db import,,,,
E2001D,AE-225,,CESSNA 208 Caravan,C208,Mil,tar1090-db import,,,,
E2001E,E-503,,G12T,G12T,Mil,tar1090-db import,,,,
E2001F,E-504,,GROB G-120,G120,Mil,tar1090-db import,,,,
E20022,TC-69,,LOCKHEED C-130 Hercules,C130,Mil,tar1090-db import,,,,
E20025,E-505,,GROB G-120,G120,Mil,tar1090-db import,,,,
E20026,E-506,,GROB G-120,G120,Mil,tar1090-db import,,,,
E20027,E-507,,GROB G-120,G120,Mil,tar1090-db import,,,,
E20028,E-508,,GROB G-120TP,G12T,Mil,tar1090-db import,,,,
E20029,E-509,,G12T,G12T,Mil,tar1090-db import,,,,
E2002A,E-510,,GROB G-120TP,G12T,Mil,tar1090-db import,,,,
E2002C,AE-225,,C208,C208,Mil,tar1090-db import,,,,
E2002D,AE-226,,C208,C208,Mil,tar1090-db import,,,,
E2002E,AE-106,,DE HAVILLAND DHC-6 Twin Otter,DHC6,Mil,tar1090-db import,,,,
E20049,TC-70,,LOCKHEED C-130 Hercules,C130,Mil,tar1090-db import,,,,
E20053,E-300,,BEECHCRAFT T-6 Texan 2,TEX2,Mil,tar1090-db import,,,,
E20054,E-301,,BEECHCRAFT T-6 Texan 2,TEX2,Mil,tar1090-db import,,,,
E20055,E-302,,TEX2,TEX2,Mil,tar1090-db import,,,,
E20056,E-303,,TEX2,TEX2,Mil,tar1090-db import,,,,
E20058,E-305,,BEECHCRAFT T-6 Texan 2,TEX2,Mil,tar1090-db import,,,,
E20059,E-306,,BEECHCRAFT T-6 Texan 2,TEX2,Mil,tar1090-db import,,,,
E2005A,E-307,,BEECHCRAFT T-6 Texan 2,TEX2,Mil,tar1090-db import,,,,
E2005B,E-308,,BEECHCRAFT T-6 Texan 2,TEX2,Mil,tar1090-db import,,,,
E2005C,E-309,,BEECHCRAFT T-6 Texan 2,TEX2,Mil,tar1090-db import,,,,
E2005D,E-310,,BEECHCRAFT T-6 Texan 2,TEX2,Mil,tar1090-db import,,,,
E2005E,E-311,,BEECHCRAFT T-6 Texan 2,TEX2,Mil,tar1090-db import,,,,
E2006B,GN-805,,PILATUS PC-6 Turbo-Porter,PC6T,Mil,tar1090-db import,,,,
E20085,GN-925,,EC35,EC35,Mil,tar1090-db import,,,,
E20090,AE-310,,BELL 206 JetRanger,B06,Mil,tar1090-db import,,,,
E20091,AE-311,,B06,B06,Mil,tar1090-db import,,,,
E20092,AE-312,,B06,B06,Mil,tar1090-db import,,,,
E20093,AE-314,,B06,B06,Mil,tar1090-db import,,,,
E20094,TC-66,,LOCKHEED C-130 Hercules,C130,Mil,tar1090-db import,,,,
E200A8,AE-315,,B06,B06,Mil,tar1090-db import,,,,
E200AA,AE-318,,B06,B06,Mil,tar1090-db import,,,,
E200AB,AE-323,,BELL 206 JetRanger,B06,Mil,tar1090-db import,,,,
E200B8,TC-117,,BE20,BE20,Mil,tar1090-db import,,,,
E200CF,0885,,S61,S61,Mil,tar1090-db import,,,,
E200D5,T-35,,SF34,SF34,Mil,tar1090-db import,,,,
E200EF,T-95,,EMBRAER ERJ-135,E135,Mil,tar1090-db import,,,,
E200F0,T-96,,EMBRAER ERJ-135,E135,Mil,tar1090-db import,,,,
E20100,H-111,,BELL 407,B407,Mil,tar1090-db import,,,,
E2010E,T-94,,EMBRAER ERJ-135,E135,Mil,tar1090-db import,,,,
E20113,AE-341,,B407,B407,Mil,tar1090-db import,,,,
E20114,AE-340,,B407,B407,Mil,tar1090-db import,,,,
E20118,PA-62,,C212,C212,Mil,tar1090-db import,,,,
E4007B,6700,,EMBRAER ERJ-145,E145,Mil,tar1090-db import,,,,
E4007C,6701,,EMBRAER ERJ-145,E145,Mil,tar1090-db import,,,,
E4007D,6750,,EMBRAER ERJ-145,E145,Mil,tar1090-db import,,,,
E40087,6051,,HAWKER BEECHCRAFT Hawker 750/850,H25B,Mil,tar1090-db import,,,,
E4008A,FAB6702,,E145,E145,Mil,tar1090-db import,,,,
E4008B,FAB6752,,EMBRAER ERJ-145,E145,Mil,tar1090-db import,,,,
E4008C,6703,,EMBRAER ERJ-145,E145,Mil,tar1090-db import,,,,
E40093,6704,,EMBRAER ERJ-145,E145,Mil,tar1090-db import,,,,
E40095,2461,,LOCKHEED C-130 Hercules,C130,Mil,tar1090-db import,,,,
E40096,2462,,LOCKHEED C-130 Hercules,C130,Mil,tar1090-db import,,,,
E4009B,2467,,LOCKHEED C-130 Hercules,C130,Mil,tar1090-db import,,,,
E4009D,2471,,LOCKHEED C-130 Hercules,C130,Mil,tar1090-db import,,,,
E4009E,2472,,LOCKHEED C-130 Hercules,C130,Mil,tar1090-db import,,,,
E4009F,2473,,LOCKHEED C-130 Hercules,C130,Mil,tar1090-db import,,,,
E400A1,2475,,LOCKHEED C-130 Hercules,C130,Mil,tar1090-db import,,,,
E400A2,2476,,LOCKHEED C-130 Hercules,C130,Mil,tar1090-db import,,,,
E400A3,2477,,LOCKHEED C-130 Hercules,C130,Mil,tar1090-db import,,,,
E400BC,FAB5902,,E314,E314,Mil,tar1090-db import,,,,
E400C2,5905,,EMBRAER EMB-314 Super Tucano,E314,Mil,tar1090-db import,,,,
E400C3,FAB5703,,EMBRAER EMB-314 Super Tucano,E314,Mil,tar1090-db import,,,,
E400C4,FAB5906,,E314,E314,Mil,tar1090-db import,,,,
E400CA,FAB5912,,E314,E314,Mil,tar1090-db import,,,,
E400CC,FAB5914,,E314,E314,Mil,tar1090-db import,,,,
E400CD,FAB5915,,E314,E314,Mil,tar1090-db import,,,,
E400CF,FAB5910,,E314,E314,Mil,tar1090-db import,,,,
E400D1,4112,,E145,E145,Mil,tar1090-db import,,,,
E400E0,5919,,EMBRAER EMB-314 Super Tucano,E314,Mil,tar1090-db import,,,,
E400E1,FAB5728,,E314,E314,Mil,tar1090-db import,,,,
E400E3,FAB5922,,E314,E314,Mil,tar1090-db import,,,,
E400E5,5924,,EMBRAER EMB-314 Super Tucano,E314,Mil,tar1090-db import,,,,
E400E7,FAB5718,,E314,E314,Mil,tar1090-db import,,,,
E400E9,5928,,EMBRAER EMB-314 Super Tucano,E314,Mil,tar1090-db import,,,,
E400EC,FAB5931,,E314,E314,Mil,tar1090-db import,,,,
E400ED,FAB5932,,E314,E314,Mil,tar1090-db import,,,,
E400EF,FAB5934,,E314,E314,Mil,tar1090-db import,,,,
E400F1,FAB5936,,E314,E314,Mil,tar1090-db import,,,,
E400F4,FAB5937,,E314,E314,Mil,tar1090-db import,,,,
E400F7,5939,,EMBRAER EMB-314 Super Tucano,E314,Mil,tar1090-db import,,,,
E400F8,5940,,EMBRAER EMB-314 Super Tucano,E314,Mil,tar1090-db import,,,,
E400FC,FAB5710,,E314,E314,Mil,tar1090-db import,,,,
E400FD,FAB5716,,E314,E314,Mil,tar1090-db import,,,,
E400FF,FAB5712,,E314,E314,Mil,tar1090-db import,,,,
E40102,FAB5714,,E314,E314,Mil,tar1090-db import,,,,
E40103,FAB5944,,E314,E314,Mil,tar1090-db import,,,,
E40104,FAB5715,,E314,E314,Mil,tar1090-db import,,,,
E40106,5945,,EMBRAER EMB-314 Super Tucano,E314,Mil,tar1090-db import,,,,
E40109,FAB5946,,E314,E314,Mil,tar1090-db import,,,,
E4010B,5720,,EMBRAER EMB-314 Super Tucano,E314,Mil,tar1090-db import,,,,
E4010C,5947,,EMBRAER EMB-314 Super Tucano,E314,Mil,tar1090-db import,,,,
E4010D,5948,,EMBRAER EMB-314 Super Tucano,E314,Mil,tar1090-db import,,,,
E4010E,FAB5929,,E314,E314,Mil,tar1090-db import,,,,
E40110,5723,,EMBRAER EMB-314 Super Tucano,E314,Mil,tar1090-db import,,,,
E40111,FAB5949,,E314,E314,Mil,tar1090-db import,,,,
E40113,FAB5950,,E314,E314,Mil,tar1090-db import,,,,
E40115,FAB5951,,E314,E314,Mil,tar1090-db import,,,,
E40123,2580,,EMBRAER ERJ-135,E135,Mil,tar1090-db import,,,,
E4012A,FAB2720,,C208,C208,Mil,tar1090-db import,,,,
E4012D,2584,,EMBRAER ERJ-135,E135,Mil,tar1090-db import,,,,
E40135,2520,,EMBRAER ERJ-145,E145,Mil,tar1090-db import,,,,
E40137,2522,,EMBRAER ERJ-145,E145,Mil,tar1090-db import,,,,
E40138,2523,,EMBRAER ERJ-145,E145,Mil,tar1090-db import,,,,
E40139,2524,,EMBRAER ERJ-145,E145,Mil,tar1090-db import,,,,
E40140,2581,,EMBRAER EMB-135 Legacy,E35L,Mil,tar1090-db import,,,,
E40141,2582,,EMBRAER ERJ-135,E135,Mil,tar1090-db import,,,,
E40142,2583,,EMBRAER ERJ-135,E135,Mil,tar1090-db import,,,,
E40144,2585,,EMBRAER ERJ-135,E135,Mil,tar1090-db import,,,,
E40149,FAB5920,,E314,E314,Mil,tar1090-db import,,,,
E4014D,8500,,AIRBUS HELICOPTERS EC-135/635,EC35,Mil,tar1090-db import,,,,
E4015B,5730,,EMBRAER EMB-314 Super Tucano,E314,Mil,tar1090-db import,,,,
E4015F,5701,,EMBRAER EMB-314 Super Tucano,E314,Mil,tar1090-db import,,,,
E40166,FAB5958,,E314,E314,Mil,tar1090-db import,,,,
E40168,FAB5960,,EMBRAER EMB-314 Super Tucano,E314,Mil,tar1090-db import,,,,
E4016D,FAB5965,,E314,E314,Mil,tar1090-db import,,,,
E4016E,FAB5966,,E314,E314,Mil,tar1090-db import,,,,
E40409,FAB5714,,E314,E314,Mil,tar1090-db import,,,,
E40410,5938,,EMBRAER EMB-314 Super Tucano,E314,Mil,tar1090-db import,,,,
E47DFE,2526,,EMBRAER ERJ-145,E145,Mil,tar1090-db import,,,,
E47E40,2550,,EMBRAER ERJ-145,E145,Mil,tar1090-db import,,,,
E481F6,FAB2560,,EMBRAER ERJ-135,E135,Mil,tar1090-db import,,,,
E481F7,FAB2561,,EMBRAER ERJ-135,E135,Mil,tar1090-db import,,,,
E483BB,2591,,EMBRAER ERJ-190-100,E190,Mil,tar1090-db import,,,,
E483D2,N-4004,,AGUSTAWESTLAND AW-159 Super Lynx,LYNX,Mil,tar1090-db import,,,,
E48443,FAB2733,,CESSNA 208 Caravan,C208,Mil,tar1090-db import,,,,
E48444,2734,,CESSNA 208 Caravan,C208,Mil,tar1090-db import,,,,
E485E8,2737,,CESSNA 208 Caravan,C208,Mil,tar1090-db import,,,,
E485E9,2738,,CESSNA 208 Caravan,C208,Mil,tar1090-db import,,,,
E487D4,N-7101,,AIRBUS HELICOPTERS EC-225/725,EC25,Mil,tar1090-db import,,,,
E4891F,2739,,CESSNA 208 Caravan,C208,Mil,tar1090-db import,,,,
E48920,2740,,CESSNA 208 Caravan,C208,Mil,tar1090-db import,,,,
E48932,PR-SPK,,AEROSPATIALE AS-350 Ecureuil,AS50,Mil,tar1090-db import,,,,
E48C6C,N-4001,,AGUSTAWESTLAND AW-159 Super Lynx,LYNX,Mil,tar1090-db import,,,,
E48C6E,N-4005,,AGUSTAWESTLAND AW-159 Super Lynx,LYNX,Mil,tar1090-db import,,,,
E48C6F,N-4010,,AGUSTAWESTLAND AW-159 Super Lynx,LYNX,Mil,tar1090-db import,,,,
E48D45,EB-2010,,AS65,AS65,Mil,tar1090-db import,,,,
E48DB8,EB-5003,,EC25,EC25,Mil,tar1090-db import,,,,
E48DBA,EB-5005,,EC25,EC25,Mil,tar1090-db import,,,,
E48DE1,2742,,CESSNA 208 Caravan,C208,Mil,tar1090-db import,,,,
E48E4F,EB-5008,,EC25,EC25,Mil,tar1090-db import,,,,
E48E51,FAB5001,,AIRBUS HELICOPTERS EC-225/725,EC25,Mil,tar1090-db import,,,,
E48F1B,N-7201,,EC25,EC25,Mil,tar1090-db import,,,,
E48F9A,EB-1019,,AS50,AS50,Mil,tar1090-db import,,,,
E48F9B,EB-2026,,AS65,AS65,Mil,tar1090-db import,,,,
E48F9F,PT-ZNJ,,EMBRAER EMB-390,E390,Mil,tar1090-db import,,,,
E48FAB,PR-RMB,,CESSNA 208 Caravan,C208,Mil,tar1090-db import,,,,
E49108,EB-1016,,AS50,AS50,Mil,tar1090-db import,,,,
E49109,EB-1012,,AS50,AS50,Mil,tar1090-db import,,,,
E4922C,EB-1008,,AS50,AS50,Mil,tar1090-db import,,,,
E4922E,EB-1013,,AS50,AS50,Mil,tar1090-db import,,,,
E4922F,EB-1014,,AS50,AS50,Mil,tar1090-db import,,,,
E49254,EB2006,,AEROSPATIALE AS-365 Dauphin 2,AS65,Mil,tar1090-db import,,,,
E49255,EB-2011,,AS65,AS65,Mil,tar1090-db import,,,,
E49273,6550,,CASA C-295 Persuader,C295,Mil,tar1090-db import,,,,
E4929F,EB-1036,,AS50,AS50,Mil,tar1090-db import,,,,
E492A1,EB-1034,,AS50,AS50,Mil,tar1090-db import,,,,
E4933E,EB-1023,,AS50,AS50,Mil,tar1090-db import,,,,
E4933F,EB-1024,,AS50,AS50,Mil,tar1090-db import,,,,
E49340,EB-1028,,AS50,AS50,Mil,tar1090-db import,,,,
E49378,EB2029,,AEROSPATIALE AS-365 Dauphin 2,AS65,Mil,tar1090-db import,,,,
E49379,EB-2024,,AS65,AS65,Mil,tar1090-db import,,,,
E49395,N-7203,,EC25,EC25,Mil,tar1090-db import,,,,
E49396,EB-5011,,EC25,EC25,Mil,tar1090-db import,,,,
E49413,EB1021,,AEROSPATIALE AS-365 Dauphin 2,AS65,Mil,tar1090-db import,,,,
E49415,EB-1020,,AS50,AS50,Mil,tar1090-db import,,,,
E49454,EB-2027,,AS65,AS65,Mil,tar1090-db import,,,,
E4947E,EB-2025,,AS65,AS65,Mil,tar1090-db import,,,,
E4951A,EB-1005,,AS50,AS50,Mil,tar1090-db import,,,,
E4951B,EB-1018,,AS50,AS50,Mil,tar1090-db import,,,,
E4951C,EB-1035,,AS50,AS50,Mil,tar1090-db import,,,,
E4951E,EB-1006,,AS50,AS50,Mil,tar1090-db import,,,,
E49532,N-7090,,AIRBUS HELICOPTERS EC-135/635,EC35,Mil,tar1090-db import,,,,
E4955C,6551,,CASA C-295 Persuader,C295,Mil,tar1090-db import,,,,
E4955D,FAB6552,,CASA C-295 Persuader,C295,Mil,tar1090-db import,,,,
E4955F,N-7091,,EC35,EC35,Mil,tar1090-db import,,,,
E49560,N-7092,,EC35,EC35,Mil,tar1090-db import,,,,
E49571,EB-2023,,AS65,AS65,Mil,tar1090-db import,,,,
E49572,EB-2017,,AS65,AS65,Mil,tar1090-db import,,,,
E49592,FAB3701,,EMBRAER EMB-500 Phenom 100,E50P,Mil,tar1090-db import,,,,
E49593,FAB3702,,EMBRAER EMB-500 Phenom 100,E50P,Mil,tar1090-db import,,,,
E49661,EB-1031,,AS50,AS50,Mil,tar1090-db import,,,,
E49662,EB-1022,,AS50,AS50,Mil,tar1090-db import,,,,
E49663,EB-1033,,AS50,AS50,Mil,tar1090-db import,,,,
E49664,EB-1010,,AS50,AS50,Mil,tar1090-db import,,,,
E49665,EB-1026,,AS50,AS50,Mil,tar1090-db import,,,,
E49668,EB-2028,,AS65,AS65,Mil,tar1090-db import,,,,
E4966A,EB-2004,,AS65,AS65,Mil,tar1090-db import,,,,
E496A2,EB-5014,,EC25,EC25,Mil,tar1090-db import,,,,
E49753,EB-2012,,AS65,AS65,Mil,tar1090-db import,,,,
E49754,EB-2018,,AS65,AS65,Mil,tar1090-db import,,,,
E49755,EB-2030,,AS65,AS65,Mil,tar1090-db import,,,,
E49756,EB-2019,,AS65,AS65,Mil,tar1090-db import,,,,
E49757,EB-1007,,AS50,AS50,Mil,tar1090-db import,,,,
E49781,EB-5013,,EC25,EC25,Mil,tar1090-db import,,,,
E49842,PR-FKE,,AGUSTA AW-119 Koala,A119,Mil,tar1090-db import,,,,
E498BA,EB-2016,,AS65,AS65,Mil,tar1090-db import,,,,
E498BB,EB-2022,,AS65,AS65,Mil,tar1090-db import,,,,
E498BC,EB-2014,,AS65,AS65,Mil,tar1090-db import,,,,
E498BD,EB-2007,,AS65,AS65,Mil,tar1090-db import,,,,
E498BF,EB-2003,,AS65,AS65,Mil,tar1090-db import,,,,
E498C0,EB-2020,,AS65,AS65,Mil,tar1090-db import,,,,
E498CE,FAB4104,,SB39,SB39,Mil,tar1090-db import,,,,
E498D1,FAB4107,,SB39,SB39,Mil,tar1090-db import,,,,
E498D2,FAB4108,,SB39,SB39,Mil,tar1090-db import,,,,
E49CF7,FAB4100,,SB39,SB39,Mil,tar1090-db import,,,,
E49DA4,FAB8821,,AIRBUS HELICOPTERS EC-135/635,EC35,Mil,tar1090-db import,,,,
E49DA5,N-5101,,AS50,AS50,Mil,tar1090-db import,,,,
E49DA6,FAB8822,,AIRBUS HELICOPTERS EC-135/635,EC35,Mil,tar1090-db import,,,,
E4A044,FAB8823,,AS50,AS50,Mil,tar1090-db import,,,,
E4A045,N-5102,,AS50,AS50,Mil,tar1090-db import,,,,
E4A32E,PT-OGV,,C208,C208,Mil,tar1090-db import,,,,
E4A491,N-5103,,AS50,AS50,Mil,tar1090-db import,,,,
E4A4D8,PP-PMG,,AS50,AS50,Mil,tar1090-db import,,,,
E80643,911,,GULFSTREAM 4,GLF4,Mil,tar1090-db import,,,,
E80647,922,,BOEING 737-300,B733,Mil,tar1090-db import,,,,
E8064F,C-26,,EC35,EC35,Mil,tar1090-db import,,,,
E80650,451,,E314,E314,Mil,tar1090-db import,,,,
E80651,452,,E314,E314,Mil,tar1090-db import,,,,
E80652,453,,E314,E314,Mil,tar1090-db import,,,,
E80653,454,,E314,E314,Mil,tar1090-db import,,,,
E80654,455,,E314,E314,Mil,tar1090-db import,,,,
E80655,456,,E314,E314,Mil,tar1090-db import,,,,
E80656,457,,E314,E314,Mil,tar1090-db import,,,,
E80657,458,,E314,E314,Mil,tar1090-db import,,,,
E8065F,289,,AEROSPATIALE AS-332 Super Puma,AS32,Mil,tar1090-db import,,,,
E80660,501,,C295,C295,Mil,tar1090-db import,,,,
E80661,502,,C295,C295,Mil,tar1090-db import,,,,
E80662,503,,C295,C295,Mil,tar1090-db import,,,,
E80669,H-286,,AS32,AS32,Mil,tar1090-db import,,,,
E8066A,H-285,,AS32,AS32,Mil,tar1090-db import,,,,
E8066B,995,,LOCKHEED C-130 Hercules,C130,Mil,tar1090-db import,,,,
E8066C,996,,LOCKHEED C-130 Hercules,C130,Mil,tar1090-db import,,,,
E80674,990,,LOCKHEED C-130 Hercules,C130,Mil,tar1090-db import,,,,
E80677,912,,GLF4,GLF4,Mil,tar1090-db import,,,,
E80678,C-06,,EC35,EC35,Mil,tar1090-db import,,,,
E8067A,939,,DHC6,DHC6,Mil,tar1090-db import,,,,
E8067D,940,,DHC6,DHC6,Mil,tar1090-db import,,,,
E8067F,FACH942,,DE HAVILLAND DHC-6 Twin Otter,DHC6,Mil,tar1090-db import,,,,
E80685,933,,DHC6,DHC6,Mil,tar1090-db import,,,,
E80687,938,,DHC6,DHC6,Mil,tar1090-db import,,,,
E80688,FAC462,,EMBRAER EMB-314 Super Tucano,E314,Mil,tar1090-db import,,,,
E80689,FAC463,,EMBRAER EMB-314 Super Tucano,E314,Mil,tar1090-db import,,,,
E8068A,FAC464,,EMBRAER EMB-314 Super Tucano,E314,Mil,tar1090-db import,,,,
E8068B,FAC465,,EMBRAER EMB-314 Super Tucano,E314,Mil,tar1090-db import,,,,
E8068C,FAC466,,EMBRAER EMB-314 Super Tucano,E314,Mil,tar1090-db import,,,,
E8068D,FAC467,,EMBRAER EMB-314 Super Tucano,E314,Mil,tar1090-db import,,,,
E8068E,FAC468,,EMBRAER EMB-314 Super Tucano,E314,Mil,tar1090-db import,,,,
E80690,407,,LOCKHEED P-3 Orion,P3,Mil,tar1090-db import,,,,
E8069C,944,,DHC6,DHC6,Mil,tar1090-db import,,,,
E8069D,E-231,,C212,C212,Mil,tar1090-db import,,,,
E8069F,948,,DHC6,DHC6,Mil,tar1090-db import,,,,
E806A4,E-232,,C212,C212,Mil,tar1090-db import,,,,
E806A6,946,,DE HAVILLAND DHC-6 Twin Otter,DHC6,Mil,tar1090-db import,,,,
E806A7,949,,DHC6,DHC6,Mil,tar1090-db import,,,,
E806AB,215,,PC7,PC7,Mil,tar1090-db import,,,,
E806AC,216,,PC7,PC7,Mil,tar1090-db import,,,,
E806AD,217,,PC7,PC7,Mil,tar1090-db import,,,,
E806AE,219,,PC7,PC7,Mil,tar1090-db import,,,,
E806B0,469,,E314,E314,Mil,tar1090-db import,,,,
E806B1,470,,E314,E314,Mil,tar1090-db import,,,,
E806B2,471,,E314,E314,Mil,tar1090-db import,,,,
E806B3,472,,E314,E314,Mil,tar1090-db import,,,,
E806B4,913,,GULFSTREAM 4,GLF4,Mil,tar1090-db import,,,,
E806B9,993,,C130,C130,Mil,tar1090-db import,,,,
E806BB,22,,AS50,AS50,Mil,tar1090-db import,,,,
E806BC,23,,AS50,AS50,Mil,tar1090-db import,,,,
E806BD,24,,AS50,AS50,Mil,tar1090-db import,,,,
E806BE,C-60,,CESSNA  206 Stationair,C206,Mil,tar1090-db import,,,,
E806BF,C-28,,AS50,AS50,Mil,tar1090-db import,,,,
E806C0,C-29,,EC35,EC35,Mil,tar1090-db import,,,,
E806C1,E-216,,CN35,CN35,Mil,tar1090-db import,,,,
E806C2,E-219,,CN35,CN35,Mil,tar1090-db import,,,,
E806C3,C-32,,AIRBUS HELICOPTERS EC-145,EC45,Mil,tar1090-db import,,,,
E806C5,C-35,,EC35,EC35,Mil,tar1090-db import,,,,
E806C6,C-34,,AIRBUS HELICOPTERS EC-145,EC45,Mil,tar1090-db import,,,,
E806C7,C-33,,AIRBUS HELICOPTERS EC-135/635,EC35,Mil,tar1090-db import,,,,
E847D0,FAE1141,,BEECHCRAFT Super King Air 350,B350,Mil,tar1090-db import,,,,
E847F1,FAE1031,,CASA C-295 Persuader,C295,Mil,tar1090-db import,,,,
E847FA,FAE1252,,AIRBUS HELICOPTERS EC-145,EC45,Mil,tar1090-db import,,,,
E847FC,FAE-1254,,EC45,EC45,Mil,tar1090-db import,,,,
E847FD,FAE-1255,,EC45,EC45,Mil,tar1090-db import,,,,
E847FF,FAE1103,,GROB G-120TP,G12T,Mil,tar1090-db import,,,,
E84800,FAE1104,,GROB G-120TP,G12T,Mil,tar1090-db import,,,,
E84801,FAE1105,,GROB G-120TP,G12T,Mil,tar1090-db import,,,,
E84802,FAE1106,,GROB G-120TP,G12T,Mil,tar1090-db import,,,,
E84803,FAE1107,,GROB G-120TP,G12T,Mil,tar1090-db import,,,,
E84804,FAE-898,,C130,C130,Mil,tar1090-db import,,,,
E84805,FAE-640,,BOEING 737-500,B735,Mil,tar1090-db import,,,,
E84901,AEE325,,AEROSPATIALE AS-350 Ecureuil,AS50,Mil,tar1090-db import,,,,
E84902,AEE326,,AEROSPATIALE AS-350 Ecureuil,AS50,Mil,tar1090-db import,,,,
E8490D,AEE461,,AEROSPATIALE AS-332 Super Puma,AS32,Mil,tar1090-db import,,,,
E84919,AEE488,,MIL Mi-8/9/17/19/171/172,MI8,Mil,tar1090-db import,,,,
E8492E,AEE-208,,M28,M28,Mil,tar1090-db import,,,,
E84930,AEE162,,CESSNA 172 Skyhawk,C172,Mil,tar1090-db import,,,,
E84931,AEE163,,CESSNA 172 Skyhawk,C172,Mil,tar1090-db import,,,,
E8493A,AEE-102,,BE20,BE20,Mil,tar1090-db import,,,,
E8493F,IGM-628,,CESSNA 550 Citation S2,C550,Mil,tar1090-db import,,,,
E84944,AEE-470,,EC25,EC25,Mil,tar1090-db import,,,,
E84945,AEE-471,,EC25,EC25,Mil,tar1090-db import,,,,
E84A27,AN-232,,BEECH 300 Super King Air,BE30,Mil,tar1090-db import,,,,
E88022,FAP0901,,BEECH 90 King Air,BE9L,Mil,tar1090-db import,,,,
E880E9,FAP0252,,CESSNA 208 Caravan,C208,Mil,tar1090-db import,,,,
E88101,0253,,CESSNA 208 Caravan,C208,Mil,tar1090-db import,,,,
E88102,0254,,CESSNA 208 Caravan,C208,Mil,tar1090-db import,,,,
E88103,0902,,BEECH 58 Baron,BE58,Mil,tar1090-db import,,,,
E88D54,H-502,,AEROSPATIALE AS-350 Ecureuil,AS50,Mil,tar1090-db import,,,,
E8C007,FAP356,,BOEING 737-500,B735,Mil,tar1090-db import,,,,
E8C041,PNP-256,,CESSNA 208 Caravan,C208,Mil,tar1090-db import,,,,
E8C076,PNP-258,,B190,B190,Mil,tar1090-db import,,,,
E8CFA1,301,,DHC6,DHC6,Mil,tar1090-db import,,,,
E8CFA2,302,,DHC6,DHC6,Mil,tar1090-db import,,,,
E8CFBB,305,,DHC6,DHC6,Mil,tar1090-db import,,,,
E8CFC0,EP-857,,C208,C208,Mil,tar1090-db import,,,,
E8CFC7,FAP-382,,LOCKHEED C-130 Hercules,C130,Mil,tar1090-db import,,,,
E8CFC8,FAP-453,,CESSNA 172 Skyhawk,C172,Mil,tar1090-db import,,,,
E8CFC9,FAP-459,,CESSNA 172 Skyhawk,C172,Mil,tar1090-db import,,,,
E8CFCB,OB-2114,,CESSNA 172 Skyhawk,C172,Mil,tar1090-db import,,,,
E8CFCC,OB-2115,,CESSNA 172 Skyhawk,C172,Mil,tar1090-db import,,,,
E8CFCE,OB-2117,,CESSNA 172 Skyhawk,C172,Mil,tar1090-db import,,,,
E8CFD2,EP-825,,BEECHCRAFT Super King Air 350,B350,Mil,tar1090-db import,,,,
E8CFD3,EP-831,,AN32,AN32,Mil,tar1090-db import,,,,
E8CFD5,EP-833,,ANTONOV An-32 Sutlej,AN32,Mil,tar1090-db import,,,,
E8CFD6,EP-835,,AN32,AN32,Mil,tar1090-db import,,,,
E8CFD8,FAP-397,,LOCKHEED C-130 Hercules,C130,Mil,tar1090-db import,,,,
E8CFD9,ABI-517,,T34T,T34T,Mil,tar1090-db import,,,,
E8CFDA,FAP-345,,BEECHCRAFT Super King Air 350,B350,Mil,tar1090-db import,,,,
E8CFDB,346,,BEECHCRAFT Super King Air 350,B350,Mil,tar1090-db import,,,,
E8CFDC,FAP357,,BOEING 737-800,B738,Mil,tar1090-db import,,,,
E90191,595,,LOCKHEED C-130 Hercules,C130,Mil,tar1090-db import,,,,
E90F05,034,,BELL 212,B212,Mil,tar1090-db import,,,,
F3F9DF,3X-AAT,,EC25,EC25,Mil,tar1090-db import,,,,
FA3501,FAD3501,,C212,C212,Mil,tar1090-db import,,,,
FEDD2F,96-26712,,H60,H60,Mil,tar1090-db import,,,,
